period,Return,corp_code,Ex_Return,Next_Ex_Return
2020Q2,0.675,00118275,0.66625,-0.04979477611940294
2020Q3,-0.04104477611940294,00118275,-0.04979477611940294,0.22990110246433207
2020Q4,0.23865110246433208,00118275,0.22990110246433207,0.45093586387434553
2021Q1,0.4596858638743455,00118275,0.45093586387434553,0.14619978479196563
2021Q2,0.15494978479196564,00118275,0.14619978479196563,-0.04229037267080745
2021Q3,-0.03354037267080745,00118275,-0.04229037267080745,0.1943348329048842
2021Q4,0.20308483290488422,00118275,0.1943348329048842,-0.14657051282051278
2022Q1,-0.13782051282051277,00118275,-0.14657051282051278,-0.28136462205700125
2022Q2,-0.27261462205700127,00118275,-0.28136462205700125,-0.2838777683134583
2022Q3,-0.2751277683134583,00118275,-0.2838777683134583,0.10640863689776728
2022Q4,0.11515863689776729,00118275,0.10640863689776728,0.26206138040042154
2023Q1,0.2708113804004215,00118275,0.26206138040042154,0.24663971807628518
2023Q2,0.2553897180762852,00118275,0.24663971807628518,-0.051022126816380485
2023Q3,-0.042272126816380484,00118275,-0.051022126816380485,-0.13978448275862074
2023Q4,-0.13103448275862073,00118275,-0.13978448275862074,1.0150595238095237
2024Q1,1.0238095238095237,00118275,1.0150595238095237,1.0775245098039217
2024Q2,1.0862745098039217,00118275,1.0775245098039217,-0.4516071428571428
2024Q3,-0.44285714285714284,00118275,-0.4516071428571428,-0.03169197031039136
2024Q4,-0.022941970310391357,00118275,-0.03169197031039136,-0.1296063535911602
2025Q1,-0.1208563535911602,00118275,-0.1296063535911602,0.21120286724273377
2025Q2,0.21995286724273377,00118275,0.21120286724273377,0.0015526400515131558
2025Q3,0.010302640051513157,00118275,0.0015526400515131558,0.35198932441045244
2025Q4,0.3607393244104524,00118275,0.35198932441045244,0.31209309133489455
2026Q1,0.3208430913348945,00118275,0.31209309133489455,0.005434397163120587
2020Q2,1.1086142322097379,00118804,1.0998642322097378,0.04453596802841923
2020Q3,0.05328596802841923,00118804,0.04453596802841923,0.2222786677908937
2020Q4,0.2310286677908937,00118804,0.2222786677908937,-0.11559931506849316
2021Q1,-0.10684931506849316,00118804,-0.11559931506849316,-0.12991564417177912
2021Q2,-0.12116564417177911,00118804,-0.12991564417177912,0.08898123909249558
2021Q3,0.09773123909249559,00118804,0.08898123909249558,0.6128716216216217
2021Q4,0.6216216216216217,00118804,0.6128716216216217,-0.23816176470588232
2022Q1,-0.22941176470588232,00118804,-0.23816176470588232,-0.191956106870229
2022Q2,-0.18320610687022898,00118804,-0.191956106870229,-0.18320482866043616
2022Q3,-0.17445482866043616,00118804,-0.18320482866043616,0.1214386792452831
2022Q4,0.1301886792452831,00118804,0.1214386792452831,0.09308639398998333
2023Q1,0.10183639398998334,00118804,0.09308639398998333,0.2670075757575759
2023Q2,0.27575757575757587,00118804,0.2670075757575759,-0.21065023752969123
2023Q3,-0.20190023752969122,00118804,-0.21065023752969123,0.14303571428571418
2023Q4,0.1517857142857142,00118804,0.14303571428571418,0.23802002583979334
2024Q1,0.24677002583979335,00118804,0.23802002583979334,-0.17869818652849742
2024Q2,-0.1699481865284974,00118804,-0.17869818652849742,-0.2846551186017478
2024Q3,-0.2759051186017478,00118804,-0.2846551186017478,-0.2880603448275862
2024Q4,-0.2793103448275862,00118804,-0.2880603448275862,0.3859868421052631
2025Q1,0.39473684210526305,00118804,0.3859868421052631,0.11303387650085764
2025Q2,0.12178387650085765,00118804,0.11303387650085764,0.24965978593272167
2025Q3,0.2584097859327217,00118804,0.24965978593272167,-0.11810601458080192
2025Q4,-0.10935601458080191,00118804,-0.11810601458080192,0.19861698499317873
2026Q1,0.20736698499317874,00118804,0.19861698499317873,0.29520480225988704
2020Q2,0.32692307692307687,00121686,0.3181730769230769,0.34171113306982864
2020Q3,0.3504611330698286,00121686,0.34171113306982864,0.020518292682926854
2020Q4,0.029268292682926855,00121686,0.020518292682926854,0.05760071090047395
2021Q1,0.06635071090047395,00121686,0.05760071090047395,0.43569444444444444
2021Q2,0.4444444444444444,00121686,0.43569444444444444,0.33894230769230776
2021Q3,0.34769230769230774,00121686,0.33894230769230776,-0.16400114155251141
2021Q4,-0.1552511415525114,00121686,-0.16400114155251141,-0.06820945945945942
2022Q1,-0.05945945945945941,00121686,-0.06820945945945942,-0.39668103448275865
2022Q2,-0.3879310344827587,00121686,-0.39668103448275865,-0.1308157276995305
2022Q3,-0.1220657276995305,00121686,-0.1308157276995305,0.18911096256684481
2022Q4,0.19786096256684482,00121686,0.18911096256684481,0.33946428571428583
2023Q1,0.3482142857142858,00121686,0.33946428571428583,0.028336092715231888
2023Q2,0.03708609271523189,00121686,0.028336092715231888,-0.22905651340996167
2023Q3,-0.22030651340996166,00121686,-0.22905651340996167,-0.00711199836199846
2023Q4,0.0016380016380015405,00121686,-0.00711199836199846,0.11308156173344244
2024Q1,0.12183156173344245,00121686,0.11308156173344244,-0.23178206997084547
2024Q2,-0.22303206997084546,00121686,-0.23178206997084547,-0.25828095684803004
2024Q3,-0.24953095684803006,00121686,-0.25828095684803004,-0.18625
2024Q4,-0.1775,00121686,-0.18625,0.03836246200607899
2025Q1,0.04711246200607899,00121686,0.03836246200607899,0.10590892597968063
2025Q2,0.11465892597968064,00121686,0.10590892597968063,0.14880208333333325
2025Q3,0.15755208333333326,00121686,0.14880208333333325,-0.0638681102362205
2025Q4,-0.055118110236220486,00121686,-0.0638681102362205,0.8007738095238095
2026Q1,0.8095238095238095,00121686,0.8007738095238095,0.941907894736842
2020Q2,0.10575916230366489,00126380,0.09700916230366488,0.09352272727272729
2020Q3,0.10227272727272729,00126380,0.09352272727272729,0.3830025773195876
2020Q4,0.39175257731958757,00126380,0.3830025773195876,-0.003811728395061796
2021Q1,0.004938271604938205,00126380,-0.003811728395061796,-0.017349508599508644
2021Q2,-0.008599508599508643,00126380,-0.017349508599508644,-0.09053438661710042
2021Q3,-0.08178438661710041,00126380,-0.09053438661710042,0.04793016194331993
2021Q4,0.05668016194331993,00126380,0.04793016194331993,-0.11986111111111117
2022Q1,-0.11111111111111116,00126380,-0.11986111111111117,-0.18978448275862067
2022Q2,-0.18103448275862066,00126380,-0.18978448275862067,-0.07717105263157895
2022Q3,-0.06842105263157894,00126380,-0.07717105263157895,0.03268126177024481
2022Q4,0.04143126177024481,00126380,0.03268126177024481,0.14857368896925863
2023Q1,0.15732368896925863,00126380,0.14857368896925863,0.11937500000000004
2023Q2,0.12812500000000004,00126380,0.11937500000000004,-0.061381578947368474
2023Q3,-0.052631578947368474,00126380,-0.061381578947368474,0.13891081871345026
2023Q4,0.14766081871345027,00126380,0.13891081871345026,0.04093152866242037
2024Q1,0.04968152866242037,00126380,0.04093152866242037,-0.01967233009708743
2024Q2,-0.01092233009708743,00126380,-0.01967233009708743,-0.254148773006135
2024Q3,-0.245398773006135,00126380,-0.254148773006135,-0.143709349593496
2024Q4,-0.13495934959349598,00126380,-0.143709349593496,0.0777161654135339
2025Q1,0.08646616541353391,00126380,0.0777161654135339,0.02585207612456756
2025Q2,0.03460207612456756,00126380,0.02585207612456756,0.39426003344481614
2025Q3,0.4030100334448161,00126380,0.39426003344481614,0.420332240762813
2025Q4,0.429082240762813,00126380,0.420332240762813,0.3857454128440368
2026Q1,0.3944954128440368,00126380,0.3857454128440368,0.7825179425837321
2020Q2,0.4738598442714126,00136271,0.4651098442714126,0.5421933962264152
2020Q3,0.5509433962264152,00136271,0.5421933962264152,0.6652159367396593
2020Q4,0.6739659367396593,00136271,0.6652159367396593,-0.052354651162790665
2021Q1,-0.043604651162790664,00136271,-0.052354651162790665,-0.13185030395136774
2021Q2,-0.12310030395136773,00136271,-0.13185030395136774,-0.1491312824956673
2021Q3,-0.14038128249566728,00136271,-0.1491312824956673,-0.14383064516129038
2021Q4,-0.13508064516129037,00136271,-0.14383064516129038,-0.16259615384615386
2022Q1,-0.15384615384615385,00136271,-0.16259615384615386,0.14551997245179063
2022Q2,0.15426997245179064,00136271,0.14551997245179063,-0.10660202863961818
2022Q3,-0.09785202863961817,00136271,-0.10660202863961818,-0.18599867724867722
2022Q4,-0.1772486772486772,00136271,-0.18599867724867722,0.17002813504823158
2023Q1,0.1787781350482316,00136271,0.17002813504823158,0.2651179759956355
2023Q2,0.2738679759956355,00136271,0.2651179759956355,-0.05371788008565311
2023Q3,-0.04496788008565311,00136271,-0.05371788008565311,-0.09395179372197313
2023Q4,-0.08520179372197312,00136271,-0.09395179372197313,0.2020343137254901
2024Q1,0.2107843137254901,00136271,0.2020343137254901,-0.2055111336032389
2024Q2,-0.19676113360323888,00136271,-0.2055111336032389,-0.15643145161290326
2024Q3,-0.14768145161290325,00136271,-0.15643145161290326,-0.3162603489059728
2024Q4,-0.30751034890597284,00136271,-0.3162603489059728,-0.041200896669513286
2025Q1,-0.032450896669513285,00136271,-0.041200896669513286,0.28339474845542806
2025Q2,0.29214474845542804,00136271,0.28339474845542806,0.16474726775956275
2025Q3,0.17349726775956276,00136271,0.16474726775956275,-0.08383731082654253
2025Q4,-0.07508731082654252,00136271,-0.08383731082654253,0.6180593140339836
2026Q1,0.6268093140339837,00136271,0.6180593140339836,-0.02615812379110257
2020Q2,0.9272097053726169,00137289,0.9184597053726169,0.9696672661870502
2020Q3,0.9784172661870503,00137289,0.9696672661870502,0.49125
2020Q4,0.5,00137289,0.49125,-0.28450757575757574
2021Q1,-0.27575757575757576,00137289,-0.28450757575757574,-0.07987970711297074
2021Q2,-0.07112970711297073,00137289,-0.07987970711297074,-0.24929054054054053
2021Q3,-0.24054054054054053,00137289,-0.24929054054054053,0.06835557532621597
2021Q4,0.07710557532621598,00137289,0.06835557532621597,-0.21800110132158587
2022Q1,-0.20925110132158586,00137289,-0.21800110132158587,-0.25944637883008353
2022Q2,-0.25069637883008355,00137289,-0.25944637883008353,-0.11098048327137552
2022Q3,-0.10223048327137552,00137289,-0.11098048327137552,0.03679865424430643
2022Q4,0.04554865424430643,00137289,0.03679865424430643,0.046695544554455494
2023Q1,0.055445544554455495,00137289,0.046695544554455494,0.28580909943714833
2023Q2,0.2945590994371483,00137289,0.28580909943714833,-0.11454710144927535
2023Q3,-0.10579710144927534,00137289,-0.11454710144927535,0.15818679092382484
2023Q4,0.16693679092382485,00137289,0.15818679092382484,0.04680555555555558
2024Q1,0.05555555555555558,00137289,0.04680555555555558,-0.1192763157894737
2024Q2,-0.1105263157894737,00137289,-0.1192763157894737,-0.14780325443786987
2024Q3,-0.13905325443786987,00137289,-0.14780325443786987,-0.16596649484536083
2024Q4,-0.15721649484536082,00137289,-0.16596649484536083,0.31235091743119275
2025Q1,0.32110091743119273,00137289,0.31235091743119275,0.42489197530864203
2025Q2,0.433641975308642,00137289,0.42489197530864203,-0.15299111948331542
2025Q3,-0.14424111948331542,00137289,-0.15299111948331542,-0.10937893081761005
2025Q4,-0.10062893081761004,00137289,-0.10937893081761005,0.18565559440559445
2026Q1,0.19440559440559446,00137289,0.18565559440559445,0.21139051522248245
2020Q2,0.178470254957507,00155586,0.169720254957507,-0.07245192307692314
2020Q3,-0.06370192307692313,00155586,-0.07245192307692314,0.8076813222079589
2020Q4,0.8164313222079589,00155586,0.8076813222079589,0.13259275618374547
2021Q1,0.14134275618374548,00155586,0.13259275618374547,0.666172600619195
2021Q2,0.6749226006191951,00155586,0.666172600619195,-0.419101201478743
2021Q3,-0.41035120147874304,00155586,-0.419101201478743,-0.21878134796238244
2021Q4,-0.21003134796238243,00155586,-0.21878134796238244,-0.04843253968253965
2022Q1,-0.03968253968253965,00155586,-0.04843253968253965,-0.16990702479338846
2022Q2,-0.16115702479338845,00155586,-0.16990702479338846,-0.013676108374384231
2022Q3,-0.0049261083743842304,00155586,-0.013676108374384231,-0.07013613861386145
2022Q4,-0.06138613861386144,00155586,-0.07013613861386145,2.1188871308016877
2023Q1,2.1276371308016877,00155586,2.1188871308016877,0.5089565767284991
2023Q2,0.5177065767284992,00155586,0.5089565767284991,-0.3443055555555556
2023Q3,-0.3355555555555556,00155586,-0.3443055555555556,0.03472826086956519
2023Q4,0.04347826086956519,00155586,0.03472826086956519,0.99125
2024Q1,1.0,00155586,0.99125,-0.5584294871794873
2024Q2,-0.5496794871794872,00155586,-0.5584294871794873,0.09267348754448393
2024Q3,0.10142348754448394,00155586,0.09267348754448393,-0.19776453957996773
2024Q4,-0.18901453957996772,00155586,-0.19776453957996773,-0.20994521912350603
2025Q1,-0.20119521912350602,00155586,-0.20994521912350603,-0.10850062344139652
2025Q2,-0.09975062344139651,00155586,-0.10850062344139652,-0.0015477839335180307
2025Q3,0.00720221606648197,00155586,-0.0015477839335180307,0.08860973597359736
2025Q4,0.09735973597359737,00155586,0.08860973597359736,1.1491447368421053
2026Q1,1.1578947368421053,00155586,1.1491447368421053,-0.24870354239256684
2020Q2,0.05095541401273884,00158219,0.04220541401273884,0.05640151515151518
2020Q3,0.06515151515151518,00158219,0.05640151515151518,0.20462126600284483
2020Q4,0.21337126600284484,00158219,0.20462126600284483,0.4683895076201641
2021Q1,0.4771395076201641,00158219,0.4683895076201641,0.46347222222222234
2021Q2,0.4722222222222223,00158219,0.46347222222222234,-0.15699797843665772
2021Q3,-0.1482479784366577,00158219,-0.15699797843665772,0.5861867088607595
2021Q4,0.5949367088607596,00158219,0.5861867088607595,-0.09406746031746036
2022Q1,-0.08531746031746035,00158219,-0.09406746031746036,-0.32545281995661607
2022Q2,-0.3167028199566161,00158219,-0.32545281995661607,-0.24684523809523815
2022Q3,-0.23809523809523814,00158219,-0.24684523809523815,-0.15041666666666673
2022Q4,-0.14166666666666672,00158219,-0.15041666666666673,0.429114077669903
2023Q1,0.437864077669903,00158219,0.429114077669903,0.06552413909520596
2023Q2,0.07427413909520597,00158219,0.06552413909520596,-0.28216294783155244
2023Q3,-0.27341294783155246,00158219,-0.28216294783155244,0.0604541522491349
2023Q4,0.0692041522491349,00158219,0.0604541522491349,0.4637419093851132
2024Q1,0.4724919093851132,00158219,0.4637419093851132,-0.26534340659340655
2024Q2,-0.25659340659340657,00158219,-0.26534340659340655,-0.22308850702143387
2024Q3,-0.21433850702143387,00158219,-0.22308850702143387,-0.195956020696143
2024Q4,-0.187206020696143,00158219,-0.195956020696143,-0.19046296296296292
2025Q1,-0.1817129629629629,00158219,-0.19046296296296292,-0.051182814710042455
2025Q2,-0.042432814710042455,00158219,-0.051182814710042455,0.026700516986706092
2025Q3,0.03545051698670609,00158219,0.026700516986706092,0.10679921540656204
2025Q4,0.11554921540656204,00158219,0.10679921540656204,-0.12511828644501274
2026Q1,-0.11636828644501274,00158219,-0.12511828644501274,-0.0449294500723589
2020Q2,0.16666666666666674,00159254,0.15791666666666673,0.21469322344322353
2020Q3,0.22344322344322354,00159254,0.21469322344322353,0.39394461077844306
2020Q4,0.40269461077844304,00159254,0.39394461077844306,0.6241208644610459
2021Q1,0.6328708644610459,00159254,0.6241208644610459,-0.028357843137254944
2021Q2,-0.019607843137254943,00159254,-0.028357843137254944,0.031250000000000035
2021Q3,0.040000000000000036,00159254,0.031250000000000035,0.3886858974358974
2021Q4,0.39743589743589736,00159254,0.3886858974358974,-0.15324541284403667
2022Q1,-0.14449541284403666,00159254,-0.15324541284403667,-0.29561327077747984
2022Q2,-0.28686327077747986,00159254,-0.29561327077747984,-0.14032894736842103
2022Q3,-0.13157894736842102,00159254,-0.14032894736842103,-0.14294913419913421
2022Q4,-0.1341991341991342,00159254,-0.14294913419913421,0.2262500000000001
2023Q1,0.2350000000000001,00159254,0.2262500000000001,0.03821356275303648
2023Q2,0.04696356275303648,00159254,0.03821356275303648,-0.26629060324825987
2023Q3,-0.2575406032482599,00159254,-0.26629060324825987,-0.06083333333333337
2023Q4,-0.05208333333333337,00159254,-0.06083333333333337,0.04179945054945059
2024Q1,0.05054945054945059,00159254,0.04179945054945059,-0.06000523012552302
2024Q2,-0.05125523012552302,00159254,-0.06000523012552302,-0.1509771223814774
2024Q3,-0.1422271223814774,00159254,-0.1509771223814774,-0.11671915167095112
2024Q4,-0.10796915167095111,00159254,-0.11671915167095112,-0.04909582132564846
2025Q1,-0.04034582132564846,00159254,-0.04909582132564846,0.1128716216216217
2025Q2,0.12162162162162171,00159254,0.1128716216216217,-0.04891064257028118
2025Q3,-0.04016064257028118,00159254,-0.04891064257028118,-0.10219490934449091
2025Q4,-0.0934449093444909,00159254,-0.10219490934449091,0.3050961538461539
2026Q1,0.3138461538461539,00159254,0.3050961538461539,-0.31905444964871194
2020Q2,0.3325635103926097,00160843,0.3238135103926097,0.29107668977469664
2020Q3,0.2998266897746966,00160843,0.29107668977469664,0.3512500000000001
2020Q4,0.3600000000000001,00160843,0.3512500000000001,0.09517156862745105
2021Q1,0.10392156862745106,00160843,0.09517156862745105,0.09959813499111905
2021Q2,0.10834813499111906,00160843,0.09959813499111905,-0.13375
2021Q3,-0.125,00160843,-0.13375,0.32275183150183145
2021Q4,0.33150183150183143,00160843,0.32275183150183145,0.021511348005502064
2022Q1,0.030261348005502064,00160843,0.021511348005502064,-0.3418608144192256
2022Q2,-0.33311081441922563,00160843,-0.3418608144192256,-0.2610022522522522
2022Q3,-0.25225225225225223,00160843,-0.2610022522522522,-0.014104752342704106
2022Q4,-0.0053547523427041055,00160843,-0.014104752342704106,0.9374141991924629
2023Q1,0.946164199192463,00160843,0.9374141991924629,-0.1359975795297372
2023Q2,-0.1272475795297372,00160843,-0.1359975795297372,-0.2353744057052298
2023Q3,-0.2266244057052298,00160843,-0.2353744057052298,0.19206967213114748
2023Q4,0.2008196721311475,00160843,0.19206967213114748,-0.2706953924914675
2024Q1,-0.26194539249146753,00160843,-0.2706953924914675,0.121885838150289
2024Q2,0.130635838150289,00160843,0.121885838150289,-0.18461912065439676
2024Q3,-0.17586912065439675,00160843,-0.18461912065439676,-0.18616935483870964
2024Q4,-0.17741935483870963,00160843,-0.18616935483870964,0.2808427601809956
2025Q1,0.28959276018099556,00160843,0.2808427601809956,0.08598684210526322
2025Q2,0.09473684210526323,00160843,0.08598684210526322,0.20492521367521357
2025Q3,0.21367521367521358,00160843,0.20492521367521357,0.1813908450704225
2025Q4,0.1901408450704225,00160843,0.1813908450704225,0.15249260355029584
2026Q1,0.16124260355029585,00160843,0.15249260355029584,1.46640923566879
2020Q2,0.0873362445414847,00161383,0.07858624454148469,0.39017904953145927
2020Q3,0.39892904953145925,00161383,0.39017904953145927,0.7233074162679425
2020Q4,0.7320574162679425,00161383,0.7233074162679425,0.33931629834254157
2021Q1,0.34806629834254155,00161383,0.33931629834254157,0.3785450819672132
2021Q2,0.3872950819672132,00161383,0.3785450819672132,-0.08999076809453474
2021Q3,-0.08124076809453473,00161383,-0.08999076809453474,0.20829180064308675
2021Q4,0.21704180064308676,00161383,0.20829180064308675,-0.08404722589167765
2022Q1,-0.07529722589167764,00161383,-0.08404722589167765,-0.2916071428571428
2022Q2,-0.2828571428571428,00161383,-0.2916071428571428,-0.1481922310756972
2022Q3,-0.1394422310756972,00161383,-0.1481922310756972,0.05606481481481488
2022Q4,0.06481481481481488,00161383,0.05606481481481488,0.79125
2023Q1,0.8,00161383,0.79125,0.44777173913043483
2023Q2,0.4565217391304348,00161383,0.44777173913043483,0.7391770315091211
2023Q3,0.7479270315091211,00161383,0.7391770315091211,0.16202798861480086
2023Q4,0.17077798861480087,00161383,0.16202798861480086,1.1581867909238248
2024Q1,1.1669367909238249,00161383,1.1581867909238248,0.2799560583395662
2024Q2,0.2887060583395662,00161383,0.2799560583395662,-0.380195153801509
2024Q3,-0.371445153801509,00161383,-0.380195153801509,-0.24697714681440439
2024Q4,-0.23822714681440438,00161383,-0.24697714681440439,-0.18208333333333335
2025Q1,-0.17333333333333334,00161383,-0.18208333333333335,0.4868511730205279
2025Q2,0.49560117302052786,00161383,0.4868511730205279,-0.06267156862745102
2025Q3,-0.05392156862745101,00161383,-0.06267156862745102,0.31145725388601037
2025Q4,0.32020725388601035,00161383,0.31145725388601037,0.9614226844583986
2026Q1,0.9701726844583987,00161383,0.9614226844583986,0.15658864541832676
2020Q2,0.021608643457383003,00164779,0.012858643457383002,-0.02167596944770863
2020Q3,-0.01292596944770863,00164779,-0.02167596944770863,0.40196428571428583
2020Q4,0.4107142857142858,00164779,0.40196428571428583,0.1093934599156117
2021Q1,0.1181434599156117,00164779,0.1093934599156117,-0.046485849056603766
2021Q2,-0.037735849056603765,00164779,-0.046485849056603766,-0.20090686274509803
2021Q3,-0.19215686274509802,00164779,-0.20090686274509803,0.2630946601941749
2021Q4,0.27184466019417486,00164779,0.2630946601941749,-0.10798664122137411
2022Q1,-0.0992366412213741,00164779,-0.10798664122137411,-0.23756355932203385
2022Q2,-0.22881355932203384,00164779,-0.23756355932203385,-0.09556318681318685
2022Q3,-0.08681318681318684,00164779,-0.09556318681318685,-0.10622292418772569
2022Q4,-0.09747292418772568,00164779,-0.10622292418772569,0.17258333333333334
2023Q1,0.18133333333333335,00164779,0.17258333333333334,0.2914757336343115
2023Q2,0.3002257336343115,00164779,0.2914757336343115,-0.013090277777777791
2023Q3,-0.00434027777777779,00164779,-0.013090277777777791,0.22490300784655617
2023Q4,0.23365300784655618,00164779,0.22490300784655617,0.2845362190812722
2024Q1,0.29328621908127217,00164779,0.2845362190812722,0.2835997267759563
2024Q2,0.2923497267759563,00164779,0.2835997267759563,-0.27048361522198733
2024Q3,-0.26173361522198735,00164779,-0.27048361522198733,-0.012759163802978223
2024Q4,-0.004009163802978222,00164779,-0.012759163802978223,0.0878572455434157
2025Q1,0.09660724554341571,00164779,0.0878572455434157,0.5224508390141582
2025Q2,0.5312008390141583,00164779,0.5224508390141582,0.18131849315068485
2025Q3,0.19006849315068486,00164779,0.18131849315068485,0.8646312949640287
2025Q4,0.8733812949640287,00164779,0.8646312949640287,0.23088133640553002
2026Q1,0.23963133640553003,00164779,0.23088133640553002,1.8276812267657991
2020Q2,1.0543478260869565,00189538,1.0455978260869565,-0.2944642857142857
2020Q3,-0.2857142857142857,00189538,-0.2944642857142857,-0.04208333333333333
2020Q4,-0.033333333333333326,00189538,-0.04208333333333333,0.14833812260536397
2021Q1,0.15708812260536398,00189538,0.14833812260536397,0.09058774834437092
2021Q2,0.09933774834437092,00189538,0.09058774834437092,-0.19549698795180723
2021Q3,-0.18674698795180722,00189538,-0.19549698795180723,0.13199074074074083
2021Q4,0.14074074074074083,00189538,0.13199074074074083,0.17306818181818187
2022Q1,0.18181818181818188,00189538,0.17306818181818187,-0.22853021978021978
2022Q2,-0.21978021978021978,00189538,-0.22853021978021978,-0.17424295774647888
2022Q3,-0.16549295774647887,00189538,-0.17424295774647888,0.07141877637130792
2022Q4,0.08016877637130793,00189538,0.07141877637130792,0.046718749999999955
2023Q1,0.055468749999999956,00189538,0.046718749999999955,0.304351406365655
2023Q2,0.313101406365655,00189538,0.304351406365655,-0.20153466741826384
2023Q3,-0.19278466741826383,00189538,-0.20153466741826384,0.13091480446927364
2023Q4,0.13966480446927365,00189538,0.13091480446927364,0.02617647058823528
2024Q1,0.03492647058823528,00189538,0.02617647058823528,-0.10407267613972768
2024Q2,-0.09532267613972767,00189538,-0.10407267613972768,-0.25482329842931933
2024Q3,-0.24607329842931935,00189538,-0.25482329842931933,0.03291666666666674
2024Q4,0.04166666666666674,00189538,0.03291666666666674,-0.06791666666666671
2025Q1,-0.0591666666666667,00189538,-0.06791666666666671,0.06653786536758191
2025Q2,0.07528786536758192,00189538,0.06653786536758191,0.032436161449752844
2025Q3,0.041186161449752845,00189538,0.032436161449752844,-0.13533227848101267
2025Q4,-0.12658227848101267,00189538,-0.13533227848101267,0.004836956521739023
2026Q1,0.013586956521739024,00189538,0.004836956521739023,5.077040884718499
2020Q2,-0.30100351571833295,00197759,-0.30975351571833293,-0.12875390653612326
2020Q3,-0.12000390653612325,00197759,-0.12875390653612326,-0.08757470451140334
2020Q4,-0.07882470451140333,00197759,-0.08757470451140334,0.0552842158368723
2021Q1,0.0640342158368723,00197759,0.0552842158368723,0.16097853624706307
2021Q2,0.16972853624706308,00197759,0.16097853624706307,-0.27279181690583937
2021Q3,-0.2640418169058394,00197759,-0.27279181690583937,-0.0012858411153490942
2021Q4,0.007464158884650907,00197759,-0.0012858411153490942,0.01967782075132999
2022Q1,0.02842782075132999,00197759,0.01967782075132999,-0.31957196128213267
2022Q2,-0.3108219612821327,00197759,-0.31957196128213267,-0.17572365997421255
2022Q3,-0.16697365997421254,00197759,-0.17572365997421255,0.2986021282476506
2022Q4,0.30735212824765057,00197759,0.2986021282476506,0.9787341437632135
2023Q1,0.9874841437632136,00197759,0.9787341437632135,0.1699794698323547
2023Q2,0.17872946983235471,00197759,0.1699794698323547,-0.21604176067141953
2023Q3,-0.20729176067141952,00197759,-0.21604176067141953,-0.2536042805100182
2023Q4,-0.24485428051001823,00197759,-0.2536042805100182,0.040637927395525554
2024Q1,0.049387927395525555,00197759,0.040637927395525554,-0.12692607171589473
2024Q2,-0.11817607171589473,00197759,-0.12692607171589473,-0.4460117379687856
2024Q3,-0.43726173796878565,00197759,-0.4460117379687856,-0.19947433559145386
2024Q4,-0.19072433559145385,00197759,-0.19947433559145386,-0.057329809687343546
2025Q1,-0.048579809687343545,00197759,-0.057329809687343546,-0.13719036697247708
2025Q2,-0.12844036697247707,00197759,-0.13719036697247708,-0.10193377911993093
2025Q3,-0.09318377911993092,00197759,-0.10193377911993093,0.3023822549952427
2025Q4,0.31113225499524266,00197759,0.3023822549952427,-0.09873548621190129
2026Q1,-0.08998548621190128,00197759,-0.09873548621190129,2.0773744019138753
2020Q2,0.1624790619765495,00208444,0.15372906197654948,0.01574567723342949
2020Q3,0.02449567723342949,00208444,0.01574567723342949,0.15861990154711683
2020Q4,0.16736990154711684,00208444,0.15861990154711683,-0.02441265060240968
2021Q1,-0.015662650602409678,00208444,-0.02441265060240968,0.6130370257037943
2021Q2,0.6217870257037943,00208444,0.6130370257037943,-0.14459905660377356
2021Q3,-0.13584905660377355,00208444,-0.14459905660377356,0.5545687772925765
2021Q4,0.5633187772925765,00208444,0.5545687772925765,-0.18472765363128493
2022Q1,-0.17597765363128492,00208444,-0.18472765363128493,-0.39993644067796613
2022Q2,-0.39118644067796615,00208444,-0.39993644067796613,-0.25707962138084633
2022Q3,-0.24832962138084635,00208444,-0.25707962138084633,0.006064814814814835
2022Q4,0.014814814814814836,00208444,0.006064814814814835,0.4146076642335766
2023Q1,0.42335766423357657,00208444,0.4146076642335766,1.1707371794871793
2023Q2,1.1794871794871793,00208444,1.1707371794871793,0.019485294117647135
2023Q3,0.028235294117647136,00208444,0.019485294117647135,0.2246596109839816
2023Q4,0.2334096109839816,00208444,0.2246596109839816,0.6981145640074211
2024Q1,0.7068645640074211,00208444,0.6981145640074211,0.5129891304347827
2024Q2,0.5217391304347827,00208444,0.5129891304347827,-0.3751785714285714
2024Q3,-0.36642857142857144,00208444,-0.3751785714285714,-0.15080186020293126
2024Q4,-0.14205186020293126,00208444,-0.15080186020293126,-0.09022174770039423
2025Q1,-0.08147174770039423,00208444,-0.09022174770039423,-0.00016630901287558592
2025Q2,0.008583690987124415,00208444,-0.00016630901287558592,0.2834485815602837
2025Q3,0.29219858156028367,00208444,0.2834485815602837,0.007715422612513824
2025Q4,0.016465422612513825,00208444,0.007715422612513824,1.0474055075593953
2026Q1,1.0561555075593954,00208444,1.0474055075593953,0.1698214285714286
2020Q2,0.4803149606299213,00209780,0.4715649606299213,0.2598670212765957
2020Q3,0.2686170212765957,00209780,0.2598670212765957,0.15057914046121582
2020Q4,0.15932914046121582,00209780,0.15057914046121582,-0.02321654611211573
2021Q1,-0.01446654611211573,00209780,-0.02321654611211573,-0.01792431192660545
2021Q2,-0.00917431192660545,00209780,-0.01792431192660545,-0.18652777777777782
2021Q3,-0.1777777777777778,00209780,-0.18652777777777782,0.020529279279279312
2021Q4,0.029279279279279313,00209780,0.020529279279279312,-0.01969091903719907
2022Q1,-0.01094091903719907,00209780,-0.01969091903719907,-0.18131637168141598
2022Q2,-0.17256637168141598,00209780,-0.18131637168141598,-0.2520655080213903
2022Q3,-0.24331550802139035,00209780,-0.2520655080213903,0.196196996466431
2022Q4,0.204946996466431,00209780,0.196196996466431,0.2757074780058651
2023Q1,0.28445747800586507,00209780,0.2757074780058651,-0.1251883561643836
2023Q2,-0.11643835616438358,00209780,-0.1251883561643836,-0.16430555555555557
2023Q3,-0.15555555555555556,00209780,-0.16430555555555557,0.11793298653610765
2023Q4,0.12668298653610766,00209780,0.11793298653610765,0.32748030961434
2024Q1,0.33623030961434,00209780,0.32748030961434,-0.17135162601626017
2024Q2,-0.16260162601626016,00209780,-0.17135162601626017,-0.00875
2024Q3,0.0,00209780,-0.00875,-0.20341019417475734
2024Q4,-0.19466019417475733,00209780,-0.20341019417475734,0.06056886678722132
2025Q1,0.06931886678722132,00209780,0.06056886678722132,0.32157694475760984
2025Q2,0.3303269447576098,00209780,0.32157694475760984,0.09930084745762716
2025Q3,0.10805084745762716,00209780,0.09930084745762716,-0.0336065965583174
2025Q4,-0.0248565965583174,00209780,-0.0336065965583174,0.16772058823529415
2026Q1,0.17647058823529416,00209780,0.16772058823529415,0.12625
2020Q2,0.33925925925925915,00216647,0.33050925925925917,-0.05521017699115046
2020Q3,-0.04646017699115046,00216647,-0.05521017699115046,0.46224767981438514
2020Q4,0.4709976798143851,00216647,0.46224767981438514,0.03383675078864349
2021Q1,0.04258675078864349,00216647,0.03383675078864349,0.0139428895612708
2021Q2,0.0226928895612708,00216647,0.0139428895612708,-0.2336020710059172
2021Q3,-0.2248520710059172,00216647,-0.2336020710059172,-0.05836832061068705
2021Q4,-0.04961832061068705,00216647,-0.05836832061068705,-0.04389056224899598
2022Q1,-0.03514056224899598,00216647,-0.04389056224899598,-0.21686654526534863
2022Q2,-0.20811654526534862,00216647,-0.21686654526534863,-0.21242936925098552
2022Q3,-0.2036793692509855,00216647,-0.21242936925098552,0.11171204620462041
2022Q4,0.12046204620462042,00216647,0.11171204620462041,0.10170655375552287
2023Q1,0.11045655375552288,00216647,0.10170655375552287,-0.0021187002652520368
2023Q2,0.006631299734747964,00216647,-0.0021187002652520368,-0.1681702898550725
2023Q3,-0.1594202898550725,00216647,-0.1681702898550725,0.047676332288401325
2023Q4,0.056426332288401326,00216647,0.047676332288401325,0.2138019287833828
2024Q1,0.2225519287833828,00216647,0.2138019287833828,-0.18108009708737868
2024Q2,-0.17233009708737868,00216647,-0.18108009708737868,-0.27414589442815246
2024Q3,-0.2653958944281525,00216647,-0.27414589442815246,0.009214071856287455
2024Q4,0.017964071856287456,00216647,0.009214071856287455,0.47556372549019615
2025Q1,0.48431372549019613,00216647,0.47556372549019615,0.43642833553500654
2025Q2,0.4451783355350065,00216647,0.43642833553500654,1.6694949725776964
2025Q3,1.6782449725776964,00216647,1.6694949725776964,2.315482081911263
2025Q4,2.324232081911263,00216647,2.315482081911263,-0.4717890143737166
2026Q1,-0.46303901437371664,00216647,-0.4717890143737166,0.07920411089866167
2020Q2,0.10563380281690149,00216762,0.09688380281690148,0.1324389596602973
2020Q3,0.14118895966029732,00216762,0.1324389596602973,0.577296511627907
2020Q4,0.586046511627907,00216762,0.577296511627907,0.04696847507331373
2021Q1,0.055718475073313734,00216762,0.04696847507331373,-0.014305555555555537
2021Q2,-0.005555555555555536,00216762,-0.014305555555555537,-0.15400139664804466
2021Q3,-0.14525139664804465,00216762,-0.15400139664804466,0.09255718954248374
2021Q4,0.10130718954248374,00216762,0.09255718954248374,-0.07403189910979233
2022Q1,-0.06528189910979232,00216762,-0.07403189910979233,-0.09128968253968259
2022Q2,-0.08253968253968258,00216762,-0.09128968253968259,-0.11947664359861596
2022Q3,-0.11072664359861595,00216762,-0.11947664359861596,0.1157636186770428
2022Q4,0.1245136186770428,00216762,0.1157636186770428,0.07221885813148779
2023Q1,0.0809688581314878,00216762,0.07221885813148779,0.041185979513444194
2023Q2,0.049935979513444195,00216762,0.041185979513444194,-0.1136280487804878
2023Q3,-0.10487804878048779,00216762,-0.1136280487804878,0.04710831062670299
2023Q4,0.05585831062670299,00216762,0.04710831062670299,0.20221774193548384
2024Q1,0.21096774193548384,00216762,0.20221774193548384,0.054116275972296214
2024Q2,0.06286627597229622,00216762,0.054116275972296214,-0.11852443609022553
2024Q3,-0.10977443609022552,00216762,-0.11852443609022553,-0.07575450450450447
2024Q4,-0.06700450450450446,00216762,-0.07575450450450447,-0.052805522027760975
2025Q1,-0.044055522027760974,00216762,-0.052805522027760975,0.12761363636363646
2025Q2,0.13636363636363646,00216762,0.12761363636363646,0.055694444444444526
2025Q3,0.06444444444444453,00216762,0.055694444444444526,0.10555062630480164
2025Q4,0.11430062630480164,00216762,0.10555062630480164,0.3846926229508197
2026Q1,0.39344262295081966,00216762,0.3846926229508197,0.05511554621848739
2020Q2,2.968512837074116,00223434,2.959762837074116,-0.12479345526305083
2020Q3,-0.11604345526305082,00223434,-0.12479345526305083,0.19714182968929797
2020Q4,0.20589182968929798,00223434,0.19714182968929797,0.053163123139170966
2021Q1,0.06191312313917097,00223434,0.053163123139170966,-0.05644949676491736
2021Q2,-0.04769949676491736,00223434,-0.05644949676491736,-0.01799772581436606
2021Q3,-0.009247725814366059,00223434,-0.01799772581436606,-0.05934433099664734
2021Q4,-0.05059433099664734,00223434,-0.05934433099664734,-0.10537921348314602
2022Q1,-0.09662921348314601,00223434,-0.10537921348314602,-0.37339996446339724
2022Q2,-0.36464996446339726,00223434,-0.37339996446339724,-0.2596064636789484
2022Q3,-0.2508564636789484,00223434,-0.2596064636789484,0.4224212552496501
2022Q4,0.43117125524965005,00223434,0.4224212552496501,0.6355277958917509
2023Q1,0.6442777958917509,00223434,0.6355277958917509,-0.15885906206623043
2023Q2,-0.15010906206623043,00223434,-0.15885906206623043,-0.0945176154923005
2023Q3,-0.0857676154923005,00223434,-0.0945176154923005,0.22808135973866886
2023Q4,0.23683135973866887,00223434,0.22808135973866886,-0.08988238692637837
2024Q1,-0.08113238692637836,00223434,-0.08988238692637837,0.6888607069073924
2024Q2,0.6976107069073925,00223434,0.6888607069073924,-0.4443964456731659
2024Q3,-0.4356464456731659,00223434,-0.4443964456731659,-0.2775011719482467
2024Q4,-0.2687511719482467,00223434,-0.2775011719482467,0.1800441534713764
2025Q1,0.1887941534713764,00223434,0.1800441534713764,-0.015706427955133738
2025Q2,-0.006956427955133737,00223434,-0.015706427955133738,0.5798462530545749
2025Q3,0.588596253054575,00223434,0.5798462530545749,0.03896996991864369
2025Q4,0.04771996991864369,00223434,0.03896996991864369,0.18211460032626417
2026Q1,0.19086460032626418,00223434,0.18211460032626417,-0.1306678082191781
2020Q2,0.0,00227333,-0.00875,0.0853266550522647
2020Q3,0.0940766550522647,00227333,0.0853266550522647,0.34475318471337585
2020Q4,0.35350318471337583,00227333,0.34475318471337585,-0.120514705882353
2021Q1,-0.11176470588235299,00227333,-0.120514705882353,0.11442880794701996
2021Q2,0.12317880794701996,00227333,0.11442880794701996,-0.24341981132075471
2021Q3,-0.2346698113207547,00227333,-0.24341981132075471,0.17306818181818187
2021Q4,0.18181818181818188,00227333,0.17306818181818187,-0.22648142112125166
2022Q1,-0.21773142112125166,00227333,-0.22648142112125166,-0.35874999999999996
2022Q2,-0.35,00227333,-0.35874999999999996,-0.1779807692307692
2022Q3,-0.16923076923076918,00227333,-0.1779807692307692,-0.04270061728395066
2022Q4,-0.03395061728395066,00227333,-0.04270061728395066,0.5088218849840256
2023Q1,0.5175718849840256,00227333,0.5088218849840256,-0.18011842105263162
2023Q2,-0.17136842105263161,00227333,-0.18011842105263162,-0.1525508130081301
2023Q3,-0.14380081300813008,00227333,-0.1525508130081301,0.1586090504451039
2023Q4,0.1673590504451039,00227333,0.1586090504451039,-0.1460148703609558
2024Q1,-0.1372648703609558,00227333,-0.1460148703609558,-0.09537345315262233
2024Q2,-0.08662345315262232,00227333,-0.09537345315262233,-0.43649193548387094
2024Q3,-0.42774193548387096,00227333,-0.43649193548387094,-0.2703058060879368
2024Q4,-0.2615558060879368,00227333,-0.2703058060879368,0.001937022900763398
2025Q1,0.010687022900763399,00227333,0.001937022900763398,0.7374735649546826
2025Q2,0.7462235649546827,00227333,0.7374735649546826,0.30180363321799303
2025Q3,0.310553633217993,00227333,0.30180363321799303,0.02095297029702973
2025Q4,0.02970297029702973,00227333,0.02095297029702973,0.061762820512820484
2026Q1,0.07051282051282048,00227333,0.061762820512820484,1.1050224550898204
2020Q2,0.4012944983818769,00245472,0.39254449838187694,0.08940242494226316
2020Q3,0.09815242494226317,00245472,0.08940242494226316,0.3088104626708728
2020Q4,0.3175604626708728,00245472,0.3088104626708728,0.48765861931364723
2021Q1,0.4964086193136472,00245472,0.48765861931364723,0.06644999999999993
2021Q2,0.07519999999999993,00245472,0.06644999999999993,-0.4338492063492064
2021Q3,-0.4250992063492064,00245472,-0.4338492063492064,0.2725269628990508
2021Q4,0.2812769628990508,00245472,0.2725269628990508,-0.12726851851851848
2022Q1,-0.11851851851851847,00245472,-0.12726851851851848,-0.14931531703590525
2022Q2,-0.14056531703590525,00245472,-0.14931531703590525,-0.22386111111111115
2022Q3,-0.21511111111111114,00245472,-0.22386111111111115,0.06259767836919597
2022Q4,0.07134767836919598,00245472,0.06259767836919597,0.09801532769556023
2023Q1,0.10676532769556024,00245472,0.09801532769556023,0.09058142311365816
2023Q2,0.09933142311365817,00245472,0.09058142311365816,-0.1859871850564727
2023Q3,-0.17723718505647268,00245472,-0.1859871850564727,0.1665403907074974
2023Q4,0.1752903907074974,00245472,0.1665403907074974,0.16016284815813123
2024Q1,0.16891284815813123,00245472,0.16016284815813123,0.02122694081475788
2024Q2,0.02997694081475788,00245472,0.02122694081475788,-0.3191977611940298
2024Q3,-0.31044776119402984,00245472,-0.3191977611940298,-0.24143398268398272
2024Q4,-0.23268398268398272,00245472,-0.24143398268398272,0.11395803949224262
2025Q1,0.12270803949224263,00245472,0.11395803949224262,0.34049623115577893
2025Q2,0.3492462311557789,00245472,0.34049623115577893,0.6206727188081935
2025Q3,0.6294227188081936,00245472,0.6206727188081935,-0.1961785714285714
2025Q4,-0.1874285714285714,00245472,-0.1961785714285714,0.5981417018284108
2026Q1,0.6068917018284108,00245472,0.5981417018284108,0.19256291028446396
2020Q2,0.5594059405940595,00246417,0.5506559405940594,0.03992724867724865
2020Q3,0.04867724867724865,00246417,0.03992724867724865,0.17187563067608472
2020Q4,0.18062563067608473,00246417,0.17187563067608472,0.004925213675213626
2021Q1,0.013675213675213627,00246417,0.004925213675213626,-0.005377318718381173
2021Q2,0.003372681281618828,00246417,-0.005377318718381173,-0.10959033613445376
2021Q3,-0.10084033613445376,00246417,-0.10959033613445376,0.10807242990654212
2021Q4,0.11682242990654212,00246417,0.10807242990654212,-0.0991265690376569
2022Q1,-0.0903765690376569,00246417,-0.0991265690376569,-0.2672596596136155
2022Q2,-0.2585096596136155,00246417,-0.2672596596136155,-0.28046215880893294
2022Q3,-0.27171215880893296,00246417,-0.28046215880893294,0.12583262350936966
2022Q4,0.13458262350936967,00246417,0.12583262350936966,0.32908783783783796
2023Q1,0.33783783783783794,00246417,0.32908783783783796,0.24714225589225583
2023Q2,0.25589225589225584,00246417,0.24714225589225583,0.24326072386058975
2023Q3,0.25201072386058976,00246417,0.24326072386058975,0.08261331192005719
2023Q4,0.0913633119200572,00246417,0.08261331192005719,0.35488636363636356
2024Q1,0.36363636363636354,00246417,0.35488636363636356,-0.11234712230215824
2024Q2,-0.10359712230215823,00246417,-0.11234712230215824,-0.18906032637774214
2024Q3,-0.18031032637774214,00246417,-0.18906032637774214,-0.10013381201044388
2024Q4,-0.09138381201044388,00246417,-0.10013381201044388,-0.05616379310344829
2025Q1,-0.04741379310344829,00246417,-0.05616379310344829,0.25972662141779784
2025Q2,0.2684766214177978,00246417,0.25972662141779784,0.37650564803805003
2025Q3,0.38525564803805,00246417,0.37650564803805003,0.15863197424892708
2025Q4,0.1673819742489271,00246417,0.15863197424892708,0.4048529411764706
2026Q1,0.41360294117647056,00246417,0.4048529411764706,0.25132802340702215
2020Q2,0.1522633744855968,00252135,0.14351337448559678,0.23410714285714287
2020Q3,0.24285714285714288,00252135,0.23410714285714287,0.17084770114942519
2020Q4,0.1795977011494252,00252135,0.17084770114942519,0.35544001218026794
2021Q1,0.3641900121802679,00252135,0.35544001218026794,0.3751785714285714
2021Q2,0.3839285714285714,00252135,0.3751785714285714,-0.25713709677419355
2021Q3,-0.24838709677419357,00252135,-0.25713709677419355,0.7938251072961373
2021Q4,0.8025751072961373,00252135,0.7938251072961373,0.22458333333333338
2022Q1,0.2333333333333334,00252135,0.22458333333333338,-0.35624034749034744
2022Q2,-0.34749034749034746,00252135,-0.35624034749034744,-0.32235946745562133
2022Q3,-0.31360946745562135,00252135,-0.32235946745562133,-0.0949568965517241
2022Q4,-0.08620689655172409,00252135,-0.0949568965517241,0.5101179245283018
2023Q1,0.5188679245283019,00252135,0.5101179245283018,0.17137422360248447
2023Q2,0.18012422360248448,00252135,0.17137422360248447,0.4070394736842105
2023Q3,0.4157894736842105,00252135,0.4070394736842105,0.262625464684015
2023Q4,0.27137546468401497,00252135,0.262625464684015,0.06288742690058483
2024Q1,0.07163742690058483,00252135,0.06288742690058483,0.010349590723056003
2024Q2,0.019099590723056004,00252135,0.010349590723056003,-0.29121318607764385
2024Q3,-0.28246318607764387,00252135,-0.29121318607764385,0.09013059701492535
2024Q4,0.09888059701492535,00252135,0.09013059701492535,0.28666595925297106
2025Q1,0.29541595925297104,00252135,0.28666595925297106,-0.1948574705111402
2025Q2,-0.18610747051114018,00252135,-0.1948574705111402,-0.013580917874396158
2025Q3,-0.004830917874396157,00252135,-0.013580917874396158,-0.11230987055016181
2025Q4,-0.1035598705501618,00252135,-0.11230987055016181,1.1825857400722022
2026Q1,1.1913357400722022,00252135,1.1825857400722022,2.41793863261944
2020Q2,0.31991051454138697,00260569,0.311160514541387,0.16752118644067807
2020Q3,0.17627118644067807,00260569,0.16752118644067807,0.22612031700288185
2020Q4,0.23487031700288186,00260569,0.22612031700288185,0.49650087514585756
2021Q1,0.5052508751458575,00260569,0.49650087514585756,0.0997771317829457
2021Q2,0.10852713178294571,00260569,0.0997771317829457,-0.08916958041958042
2021Q3,-0.08041958041958042,00260569,-0.08916958041958042,0.10151615969581743
2021Q4,0.11026615969581743,00260569,0.10151615969581743,-0.21080479452054798
2022Q1,-0.20205479452054798,00260569,-0.21080479452054798,-0.3744152360515021
2022Q2,-0.36566523605150214,00260569,-0.3744152360515021,-0.1467743572395129
2022Q3,-0.1380243572395129,00260569,-0.1467743572395129,-0.12648940345368917
2022Q4,-0.11773940345368916,00260569,-0.12648940345368917,0.6086877224199287
2023Q1,0.6174377224199288,00260569,0.6086877224199287,-0.07585671067106711
2023Q2,-0.0671067106710671,00260569,-0.07585671067106711,-0.12431603773584907
2023Q3,-0.11556603773584906,00260569,-0.12431603773584907,0.1139166666666667
2023Q4,0.1226666666666667,00260569,0.1139166666666667,0.07913598574821859
2024Q1,0.0878859857482186,00260569,0.07913598574821859,0.25435043668122265
2024Q2,0.2631004366812226,00260569,0.25435043668122265,-0.34150713050993947
2024Q3,-0.3327571305099395,00260569,-0.34150713050993947,-0.2457966321243523
2024Q4,-0.23704663212435229,00260569,-0.2457966321243523,0.04218378607809851
2025Q1,0.05093378607809851,00260569,0.04218378607809851,-0.020058562197092088
2025Q2,-0.011308562197092087,00260569,-0.020058562197092088,0.7020343137254901
2025Q3,0.7107843137254901,00260569,0.7020343137254901,-0.0861138968481375
2025Q4,-0.07736389684813749,00260569,-0.0861138968481375,-0.12676242236024846
2026Q1,-0.11801242236024845,00260569,-0.12676242236024846,0.37974765258215953
2020Q2,0.7094594594594594,00276834,0.7007094594594594,0.08215909090909082
2020Q3,0.09090909090909083,00276834,0.08215909090909082,0.16878623188405786
2020Q4,0.17753623188405787,00276834,0.16878623188405786,0.21894230769230763
2021Q1,0.22769230769230764,00276834,0.21894230769230763,-0.023787593984962406
2021Q2,-0.015037593984962405,00276834,-0.023787593984962406,-0.12834287531806618
2021Q3,-0.11959287531806617,00276834,-0.12834287531806618,0.043273121387283266
2021Q4,0.052023121387283267,00276834,0.043273121387283266,-0.08567307692307688
2022Q1,-0.07692307692307687,00276834,-0.08567307692307688,-0.2051785714285714
2022Q2,-0.1964285714285714,00276834,-0.2051785714285714,-0.13097222222222224
2022Q3,-0.12222222222222223,00276834,-0.13097222222222224,-0.012969409282700371
2022Q4,-0.00421940928270037,00276834,-0.012969409282700371,0.1751483050847458
2023Q1,0.1838983050847458,00276834,0.1751483050847458,-0.020918933428775897
2023Q2,-0.012168933428775897,00276834,-0.020918933428775897,-0.1254166666666667
2023Q3,-0.1166666666666667,00276834,-0.1254166666666667,-0.007109310910582388
2023Q4,0.001640689089417613,00276834,-0.007109310910582388,0.1427651515151516
2024Q1,0.1515151515151516,00276834,0.1427651515151516,-0.16095483641536276
2024Q2,-0.15220483641536275,00276834,-0.16095483641536276,-0.15220637583892613
2024Q3,-0.14345637583892612,00276834,-0.15220637583892613,-0.1537059255631734
2024Q4,-0.14495592556317338,00276834,-0.1537059255631734,0.011868556701030854
2025Q1,0.020618556701030855,00276834,0.011868556701030854,0.11021745230078553
2025Q2,0.11896745230078554,00276834,0.11021745230078553,-0.0919997492477432
2025Q3,-0.0832497492477432,00276834,-0.0919997492477432,-0.01750273522975928
2025Q4,-0.008752735229759279,00276834,-0.01750273522975928,0.15902041942604853
2026Q1,0.16777041942604853,00276834,0.15902041942604853,0.7549551039697542
2020Q2,0.365891472868217,00296078,0.357141472868217,-0.033721623155505163
2020Q3,-0.024971623155505163,00296078,-0.033721623155505163,-0.05298748544819561
2020Q4,-0.04423748544819561,00296078,-0.05298748544819561,0.17273599269183929
2021Q1,0.1814859926918393,00296078,0.17273599269183929,0.6201159793814432
2021Q2,0.6288659793814433,00296078,0.6201159793814432,0.029224683544303777
2021Q3,0.03797468354430378,00296078,0.029224683544303777,-0.1032621951219512
2021Q4,-0.09451219512195119,00296078,-0.1032621951219512,-0.18720117845117842
2022Q1,-0.17845117845117842,00296078,-0.18720117845117842,-0.30465163934426226
2022Q2,-0.2959016393442623,00296078,-0.30465163934426226,0.06226280558789291
2022Q3,0.07101280558789291,00296078,0.06226280558789291,0.7032065217391303
2022Q4,0.7119565217391304,00296078,0.7032065217391303,-0.09763888888888891
2023Q1,-0.0888888888888889,00296078,-0.09763888888888891,-0.3397604529616724
2023Q2,-0.3310104529616724,00296078,-0.3397604529616724,-0.20562500000000003
2023Q3,-0.19687500000000002,00296078,-0.20562500000000003,-0.13974870298313877
2023Q4,-0.13099870298313876,00296078,-0.13974870298313877,0.17035447761194036
2024Q1,0.17910447761194037,00296078,0.17035447761194036,-0.03153481012658229
2024Q2,-0.02278481012658229,00296078,-0.03153481012658229,-0.30020077720207256
2024Q3,-0.2914507772020726,00296078,-0.30020077720207256,-0.047141224862888485
2024Q4,-0.038391224862888484,00296078,-0.047141224862888485,0.08250475285171091
2025Q1,0.09125475285171092,00296078,0.08250475285171091,-0.1341855400696864
2025Q2,-0.12543554006968638,00296078,-0.1341855400696864,-0.09839143426294825
2025Q3,-0.08964143426294824,00296078,-0.09839143426294825,-0.12034737417943106
2025Q4,-0.11159737417943105,00296078,-0.12034737417943106,1.284353448275862
2026Q1,1.293103448275862,00296078,1.284353448275862,-0.47384129967776584
2020Q2,0.16862745098039222,00298340,0.15987745098039222,0.05500838926174504
2020Q3,0.06375838926174504,00298340,0.05500838926174504,0.1332058359621451
2020Q4,0.14195583596214512,00298340,0.1332058359621451,0.09069751381215466
2021Q1,0.09944751381215466,00298340,0.09069751381215466,-0.13437814070351758
2021Q2,-0.12562814070351758,00298340,-0.13437814070351758,-0.11794540229885062
2021Q3,-0.10919540229885061,00298340,-0.11794540229885062,0.3589919354838709
2021Q4,0.3677419354838709,00298340,0.3589919354838709,-0.1219575471698113
2022Q1,-0.1132075471698113,00298340,-0.1219575471698113,-0.20555851063829786
2022Q2,-0.19680851063829785,00298340,-0.20555851063829786,-0.18093543046357616
2022Q3,-0.17218543046357615,00298340,-0.18093543046357616,-0.05275000000000004
2022Q4,-0.04400000000000004,00298340,-0.05275000000000004,0.10003661087866103
2023Q1,0.10878661087866104,00298340,0.10003661087866103,0.40257075471698106
2023Q2,0.41132075471698104,00298340,0.40257075471698106,0.419057486631016
2023Q3,0.427807486631016,00298340,0.419057486631016,0.09799157303370779
2023Q4,0.10674157303370779,00298340,0.09799157303370779,0.22644458544839255
2024Q1,0.23519458544839256,00298340,0.22644458544839255,0.08029109589041086
2024Q2,0.08904109589041087,00298340,0.08029109589041086,-0.47038522012578615
2024Q3,-0.46163522012578617,00298340,-0.47038522012578615,-0.19332943925233645
2024Q4,-0.18457943925233644,00298340,-0.19332943925233645,0.13508954154727795
2025Q1,0.14383954154727796,00298340,0.13508954154727795,-0.052838176352705456
2025Q2,-0.044088176352705455,00298340,-0.052838176352705456,0.18359800838574428
2025Q3,0.19234800838574428,00298340,0.18359800838574428,0.3297115384615384
2025Q4,0.33846153846153837,00298340,0.3297115384615384,-0.07443144499178986
2026Q1,-0.06568144499178985,00298340,-0.07443144499178986,0.019369507908611618
2023Q2,-0.17213114754098358,00299844,-0.18088114754098358,-0.20082920792079204
2023Q3,-0.19207920792079203,00299844,-0.20082920792079204,0.14075980392156853
2023Q4,0.14950980392156854,00299844,0.14075980392156853,-0.11535980810234545
2024Q1,-0.10660980810234544,00299844,-0.11535980810234545,-0.2669838902147971
2024Q2,-0.25823389021479715,00299844,-0.2669838902147971,0.0015460102960103486
2024Q3,0.01029601029601035,00299844,0.0015460102960103486,-0.31830414012738856
2024Q4,-0.3095541401273886,00299844,-0.31830414012738856,-0.010595018450184478
2025Q1,-0.0018450184501844769,00299844,-0.010595018450184478,0.5439302218114601
2025Q2,0.5526802218114601,00299844,0.5439302218114601,-0.014702380952380932
2025Q3,-0.005952380952380931,00299844,-0.014702380952380932,-0.033899700598802394
2025Q4,-0.025149700598802394,00299844,-0.033899700598802394,-0.04069103194103193
2026Q1,-0.03194103194103193,00299844,-0.04069103194103193,0.7710723350253808
2020Q2,0.09388646288209612,00301246,0.08513646288209611,0.007218063872255466
2020Q3,0.015968063872255467,00301246,0.007218063872255466,0.12484528487229854
2020Q4,0.13359528487229855,00301246,0.12484528487229854,0.29974220103986143
2021Q1,0.3084922010398614,00301246,0.29974220103986143,-0.015372516556291425
2021Q2,-0.0066225165562914245,00301246,-0.015372516556291425,-0.17541666666666664
2021Q3,-0.16666666666666663,00301246,-0.17541666666666664,0.22164999999999993
2021Q4,0.23039999999999994,00301246,0.22164999999999993,-0.09067457737321202
2022Q1,-0.08192457737321202,00301246,-0.09067457737321202,-0.2948689801699717
2022Q2,-0.2861189801699717,00301246,-0.2948689801699717,-0.18335317460317466
2022Q3,-0.17460317460317465,00301246,-0.18335317460317466,-0.08447115384615386
2022Q4,-0.07572115384615385,00301246,-0.08447115384615386,0.46329161248374523
2023Q1,0.4720416124837452,00301246,0.46329161248374523,-0.051152826855123644
2023Q2,-0.04240282685512364,00301246,-0.051152826855123644,-0.07701568265682654
2023Q3,-0.06826568265682653,00301246,-0.07701568265682654,0.185309405940594
2023Q4,0.194059405940594,00301246,0.185309405940594,-0.00875
2024Q1,0.0,00301246,-0.00875,-0.10493573797678277
2024Q2,-0.09618573797678276,00301246,-0.10493573797678277,-0.3252637614678899
2024Q3,-0.3165137614678899,00301246,-0.3252637614678899,-0.18056208053691278
2024Q4,-0.17181208053691277,00301246,-0.18056208053691278,-0.03306118314424641
2025Q1,-0.024311183144246407,00301246,-0.03306118314424641,0.037761627906976826
2025Q2,0.04651162790697683,00301246,0.037761627906976826,0.29125000000000006
2025Q3,0.30000000000000004,00301246,0.29125000000000006,0.10846611721611724
2025Q4,0.11721611721611724,00301246,0.10846611721611724,0.3005396174863389
2026Q1,0.3092896174863389,00301246,0.3005396174863389,0.4937541736227045
2020Q2,0.5131086142322097,00325112,0.5043586142322096,0.3922400990099009
2020Q3,0.4009900990099009,00325112,0.3922400990099009,-0.04055212014134276
2020Q4,-0.03180212014134276,00325112,-0.04055212014134276,0.007673357664233639
2021Q1,0.01642335766423364,00325112,0.007673357664233639,-0.04465664272890487
2021Q2,-0.03590664272890487,00325112,-0.04465664272890487,-0.03295856610800748
2021Q3,-0.02420856610800748,00325112,-0.03295856610800748,0.016059160305343524
2021Q4,0.024809160305343525,00325112,0.016059160305343524,0.11974162011173187
2022Q1,0.12849162011173187,00325112,0.11974162011173187,-0.27937706270627066
2022Q2,-0.2706270627062707,00325112,-0.27937706270627066,-0.11734728506787326
2022Q3,-0.10859728506787325,00325112,-0.11734728506787326,0.06739213197969532
2022Q4,0.07614213197969533,00325112,0.06739213197969532,0.4464386792452831
2023Q1,0.45518867924528306,00325112,0.4464386792452831,0.6541349270664505
2023Q2,0.6628849270664505,00325112,0.6541349270664505,-0.14812621832358672
2023Q3,-0.1393762183235867,00325112,-0.14812621832358672,0.025225084937712285
2023Q4,0.033975084937712285,00325112,0.025225084937712285,0.13035186199342833
2024Q1,0.13910186199342833,00325112,0.13035186199342833,-0.44048076923076923
2024Q2,-0.43173076923076925,00325112,-0.44048076923076923,0.026782994923857863
2024Q3,0.035532994923857864,00325112,0.026782994923857863,-0.2946977124183006
2024Q4,-0.28594771241830064,00325112,-0.2946977124183006,-0.02019164759725397
2025Q1,-0.011441647597253968,00325112,-0.02019164759725397,0.1255092592592593
2025Q2,0.1342592592592593,00325112,0.1255092592592593,0.24022959183673478
2025Q3,0.2489795918367348,00325112,0.24022959183673478,0.10726307189542486
2025Q4,0.11601307189542487,00325112,0.10726307189542486,0.5022309663250366
2026Q1,0.5109809663250366,00325112,0.5022309663250366,0.7005523255813952
2020Q2,0.36605316973415136,00350482,0.3573031697341514,0.4235853293413175
2020Q3,0.43233532934131746,00350482,0.4235853293413175,-0.10553093645484954
2020Q4,-0.09678093645484953,00350482,-0.10553093645484954,0.11622107151122421
2021Q1,0.12497107151122422,00350482,0.11622107151122421,0.20314055749845708
2021Q2,0.2118905574984571,00350482,0.20314055749845708,-0.1343653454422
2021Q3,-0.1256153454422,00350482,-0.1343653454422,-0.03126989904872842
2021Q4,-0.02251989904872842,00350482,-0.03126989904872842,0.04110104270109231
2022Q1,0.04985104270109231,00350482,0.04110104270109231,-0.21154984865682933
2022Q2,-0.20279984865682932,00350482,-0.21154984865682933,-0.13594506407214044
2022Q3,-0.12719506407214043,00350482,-0.13594506407214044,-0.0052154703643285324
2022Q4,0.0035345296356714684,00350482,-0.0052154703643285324,0.16545753183419135
2023Q1,0.17420753183419135,00350482,0.16545753183419135,0.007862828795570022
2023Q2,0.016612828795570023,00350482,0.007862828795570022,-0.16875907852927827
2023Q3,-0.16000907852927826,00350482,-0.16875907852927827,0.05042319643339636
2023Q4,0.05917319643339636,00350482,0.05042319643339636,-0.07150510204081637
2024Q1,-0.06275510204081636,00350482,-0.07150510204081637,-0.10183655416439849
2024Q2,-0.09308655416439848,00350482,-0.10183655416439849,-0.1972253901560624
2024Q3,-0.1884753901560624,00350482,-0.1972253901560624,-0.0938091715976331
2024Q4,-0.0850591715976331,00350482,-0.0938091715976331,0.08825889248181087
2025Q1,0.09700889248181088,00350482,0.08825889248181087,0.13052781871775967
2025Q2,0.13927781871775968,00350482,0.13052781871775967,-0.0022816946959895654
2025Q3,0.0064683053040104355,00350482,-0.0022816946959895654,-0.06562660668380468
2025Q4,-0.056876606683804676,00350482,-0.06562660668380468,-0.03430366269165249
2026Q1,-0.02555366269165249,00350482,-0.03430366269165249,0.10313811188811187
2020Q2,0.3601741022850924,00360577,0.3514241022850924,0.1352499999999999
2020Q3,0.1439999999999999,00360577,0.1352499999999999,0.029711538461538546
2020Q4,0.03846153846153855,00360577,0.029711538461538546,0.058590067340067255
2021Q1,0.06734006734006726,00360577,0.058590067340067255,0.3035528391167193
2021Q2,0.3123028391167193,00360577,0.3035528391167193,-0.27317307692307685
2021Q3,-0.26442307692307687,00360577,-0.27317307692307685,-0.11986111111111117
2021Q4,-0.11111111111111116,00360577,-0.11986111111111117,0.009632352941176404
2022Q1,0.018382352941176405,00360577,0.009632352941176404,-0.20008574007220223
2022Q2,-0.19133574007220222,00360577,-0.20008574007220223,0.009107142857142793
2022Q3,0.017857142857142794,00360577,0.009107142857142793,0.17107456140350877
2022Q4,0.17982456140350878,00360577,0.17107456140350877,-0.09499535315985128
2023Q1,-0.08624535315985127,00360577,-0.09499535315985128,-0.03234641985353944
2023Q2,-0.02359641985353944,00360577,-0.03234641985353944,-0.21125000000000002
2023Q3,-0.2025,00360577,-0.21125000000000002,-0.08920977011494255
2023Q4,-0.08045977011494254,00360577,-0.08920977011494255,-0.07693181818181824
2024Q1,-0.06818181818181823,00360577,-0.07693181818181824,-0.0026524390243902393
2024Q2,0.0060975609756097615,00360577,-0.0026524390243902393,-0.08511363636363642
2024Q3,-0.07636363636363641,00360577,-0.08511363636363642,-0.09142716535433068
2024Q4,-0.08267716535433067,00360577,-0.09142716535433068,0.018431688125894165
2025Q1,0.027181688125894166,00360577,0.018431688125894165,0.013534122562674201
2025Q2,0.022284122562674202,00360577,0.013534122562674201,-0.010112397820163453
2025Q3,-0.0013623978201634523,00360577,-0.010112397820163453,-0.08924113233287864
2025Q4,-0.08049113233287863,00360577,-0.08924113233287864,0.05356454005934722
2026Q1,0.06231454005934722,00360577,0.05356454005934722,0.0038198324022345256
2020Q2,0.13442211055276387,00363486,0.12567211055276387,0.19833748615725358
2020Q3,0.2070874861572536,00363486,0.19833748615725358,0.1747362385321101
2020Q4,0.1834862385321101,00363486,0.1747362385321101,-0.06301356589147286
2021Q1,-0.054263565891472854,00363486,-0.06301356589147286,-0.01694672131147542
2021Q2,-0.008196721311475419,00363486,-0.01694672131147542,-0.13106404958677684
2021Q3,-0.12231404958677683,00363486,-0.13106404958677684,0.1381426553672316
2021Q4,0.14689265536723162,00363486,0.1381426553672316,-0.0875677339901478
2022Q1,-0.0788177339901478,00363486,-0.0875677339901478,0.06076871657754016
2022Q2,0.06951871657754016,00363486,0.06076871657754016,0.09125000000000008
2022Q3,0.10000000000000009,00363486,0.09125000000000008,0.19882575757575752
2022Q4,0.20757575757575752,00363486,0.19882575757575752,0.17067283563362604
2023Q1,0.17942283563362604,00363486,0.17067283563362604,-0.2778989361702127
2023Q2,-0.26914893617021274,00363486,-0.2778989361702127,-0.1441211790393013
2023Q3,-0.1353711790393013,00363486,-0.1441211790393013,0.040071548821548876
2023Q4,0.04882154882154888,00363486,0.040071548821548876,0.673432985553772
2024Q1,0.682182985553772,00363486,0.673432985553772,0.7126240458015267
2024Q2,0.7213740458015268,00363486,0.7126240458015267,-0.02205376940133038
2024Q3,-0.013303769401330379,00363486,-0.02205376940133038,-0.014929775280898859
2024Q4,-0.006179775280898858,00363486,-0.014929775280898859,-0.1404628321085359
2025Q1,-0.1317128321085359,00363486,-0.1404628321085359,-0.19494791666666664
2025Q2,-0.18619791666666663,00363486,-0.19494791666666664,-0.05915
2025Q3,-0.0504,00363486,-0.05915,-0.26485783487784326
2025Q4,-0.2561078348778433,00363486,-0.26485783487784326,-0.1944804643261608
2026Q1,-0.1857304643261608,00363486,-0.1944804643261608,0.16371175243393601
2020Q2,0.24086021505376354,00365457,0.23211021505376353,0.18189124783362212
2020Q3,0.19064124783362213,00365457,0.18189124783362212,0.8762572780203783
2020Q4,0.8850072780203784,00365457,0.8762572780203783,-0.4102944015444015
2021Q1,-0.4015444015444015,00365457,-0.4102944015444015,-0.004879032258064485
2021Q2,0.003870967741935516,00365457,-0.004879032258064485,0.25089010282776353
2021Q3,0.2596401028277635,00365457,0.25089010282776353,0.07288265306122457
2021Q4,0.08163265306122458,00365457,0.07288265306122457,-0.19931603773584902
2022Q1,-0.19056603773584901,00365457,-0.19931603773584902,-0.25000874125874123
2022Q2,-0.24125874125874125,00365457,-0.25000874125874123,-0.06712173579109068
2022Q3,-0.05837173579109067,00365457,-0.06712173579109068,0.10217985318107672
2022Q4,0.11092985318107673,00365457,0.10217985318107672,0.318709618208517
2023Q1,0.327459618208517,00365457,0.318709618208517,-0.03087389380530977
2023Q2,-0.02212389380530977,00365457,-0.03087389380530977,-0.10716628959276017
2023Q3,-0.09841628959276016,00365457,-0.10716628959276017,0.06402289836888334
2023Q4,0.07277289836888334,00365457,0.06402289836888334,0.2567470760233919
2024Q1,0.2654970760233919,00365457,0.2567470760233919,-0.330376617375231
2024Q2,-0.321626617375231,00365457,-0.330376617375231,-0.2866791553133515
2024Q3,-0.2779291553133515,00365457,-0.2866791553133515,-0.33044811320754713
2024Q4,-0.32169811320754715,00365457,-0.33044811320754713,0.02602051460361613
2025Q1,0.03477051460361613,00365457,0.02602051460361613,0.12834677419354848
2025Q2,0.1370967741935485,00365457,0.12834677419354848,0.21583628841607563
2025Q3,0.22458628841607564,00365457,0.21583628841607563,-0.13519787644787648
2025Q4,-0.12644787644787647,00365457,-0.13519787644787648,0.09843232044198905
2026Q1,0.10718232044198905,00365457,0.09843232044198905,0.14494261477045914
2020Q2,0.5894378194207837,00365758,0.5806878194207836,0.014829849946409492
2020Q3,0.023579849946409492,00365758,0.014829849946409492,-0.10822643979057597
2020Q4,-0.09947643979057597,00365758,-0.10822643979057597,0.014505813953488413
2021Q1,0.023255813953488413,00365758,0.014505813953488413,0.09125000000000008
2021Q2,0.10000000000000009,00365758,0.09125000000000008,-0.09965909090909095
2021Q3,-0.09090909090909094,00365758,-0.09965909090909095,-0.10647727272727278
2021Q4,-0.09772727272727277,00365758,-0.10647727272727278,-0.12084068010075563
2022Q1,-0.11209068010075562,00365758,-0.12084068010075563,-0.2385372340425532
2022Q2,-0.2297872340425532,00365758,-0.2385372340425532,-0.08609806629834257
2022Q3,-0.07734806629834257,00365758,-0.08609806629834257,-0.012742015968063868
2022Q4,-0.003992015968063867,00365758,-0.012742015968063868,0.03734218436873741
2023Q1,0.04609218436873741,00365758,0.03734218436873741,0.09278256704980839
2023Q2,0.1015325670498084,00365758,0.09278256704980839,-0.22961956521739132
2023Q3,-0.22086956521739132,00365758,-0.22961956521739132,0.2166964285714286
2023Q4,0.2254464285714286,00365758,0.2166964285714286,-0.023321948998178486
2024Q1,-0.014571948998178486,00365758,-0.023321948998178486,-0.08823243992606286
2024Q2,-0.07948243992606285,00365758,-0.08823243992606286,-0.30593875502008033
2024Q3,-0.29718875502008035,00365758,-0.30593875502008033,0.019250000000000024
2024Q4,0.028000000000000025,00365758,0.019250000000000024,-0.0004120344635909143
2025Q1,0.008337965536409087,00365758,-0.0004120344635909143,0.021569735391400204
2025Q2,0.030319735391400204,00365758,0.021569735391400204,0.37701779026217236
2025Q3,0.38576779026217234,00365758,0.37701779026217236,-0.02612451737451734
2025Q4,-0.01737451737451734,00365758,-0.02612451737451734,0.6218983300589391
2026Q1,0.6306483300589392,00365758,0.6218983300589391,0.4804066265060241
2020Q2,0.18393234672304448,00365934,0.17518234672304447,0.22875000000000004
2020Q3,0.23750000000000004,00365934,0.22875000000000004,0.2610912698412698
2020Q4,0.26984126984126977,00365934,0.2610912698412698,-0.07806818181818184
2021Q1,-0.06931818181818183,00365934,-0.07806818181818184,0.4015064102564104
2021Q2,0.41025641025641035,00365934,0.4015064102564104,-0.047711038961038975
2021Q3,-0.038961038961038974,00365934,-0.047711038961038975,0.3696283783783783
2021Q4,0.3783783783783783,00365934,0.3696283783783783,-0.19502450980392158
2022Q1,-0.18627450980392157,00365934,-0.19502450980392158,-0.32119979919678715
2022Q2,-0.31244979919678717,00365934,-0.32119979919678715,-0.15945093457943924
2022Q3,-0.15070093457943923,00365934,-0.15945093457943924,0.380520976616231
2022Q4,0.389270976616231,00365934,0.380520976616231,0.22194306930693067
2023Q1,0.23069306930693068,00365934,0.22194306930693067,0.13847445695897023
2023Q2,0.14722445695897024,00365934,0.13847445695897023,-0.2941637447405329
2023Q3,-0.28541374474053294,00365934,-0.2941637447405329,0.049149901864573166
2023Q4,0.05789990186457317,00365934,0.049149901864573166,0.6331794990723563
2024Q1,0.6419294990723563,00365934,0.6331794990723563,0.05961158192090402
2024Q2,0.06836158192090402,00365934,0.05961158192090402,-0.5058414859862507
2024Q3,-0.49709148598625064,00365934,-0.5058414859862507,-0.3178982649842271
2024Q4,-0.3091482649842271,00365934,-0.3178982649842271,0.032345890410958845
2025Q1,0.041095890410958846,00365934,0.032345890410958845,0.0497295321637428
2025Q2,0.0584795321637428,00365934,0.0497295321637428,1.1321339779005526
2025Q3,1.1408839779005526,00365934,1.1321339779005526,0.394475806451613
2025Q4,0.403225806451613,00365934,0.394475806451613,-0.14116379310344826
2026Q1,-0.13241379310344825,00365934,-0.14116379310344826,1.1507624536301004
2020Q2,-0.1804444444444444,00366942,-0.18919444444444442,0.9218356832971799
2020Q3,0.9305856832971799,00366942,0.9218356832971799,-0.160435393258427
2020Q4,-0.151685393258427,00366942,-0.160435393258427,-0.061730132450331175
2021Q1,-0.052980132450331174,00366942,-0.061730132450331175,-0.05070804195804198
2021Q2,-0.04195804195804198,00366942,-0.05070804195804198,0.0824908759124088
2021Q3,0.09124087591240881,00366942,0.0824908759124088,-0.042194816053511684
2021Q4,-0.03344481605351168,00366942,-0.042194816053511684,-0.17483996539792387
2022Q1,-0.16608996539792387,00366942,-0.17483996539792387,-0.32742219917012444
2022Q2,-0.31867219917012446,00366942,-0.32742219917012444,-0.26940773447015837
2022Q3,-0.2606577344701584,00366942,-0.26940773447015837,0.19882825370675453
2022Q4,0.20757825370675453,00366942,0.19882825370675453,0.4455474079126876
2023Q1,0.4542974079126876,00366942,0.4455474079126876,-0.0425211069418386
2023Q2,-0.0337711069418386,00366942,-0.0425211069418386,-0.012633495145631023
2023Q3,-0.003883495145631022,00366942,-0.012633495145631023,-0.12375974658869401
2023Q4,-0.115009746588694,00366942,-0.12375974658869401,0.4505011013215859
2024Q1,0.45925110132158586,00366942,0.4505011013215859,0.24030660377358484
2024Q2,0.24905660377358485,00366942,0.24030660377358484,-0.4033119335347432
2024Q3,-0.3945619335347432,00366942,-0.4033119335347432,-0.20835079840319357
2024Q4,-0.19960079840319356,00366942,-0.20835079840319357,0.08975374064837907
2025Q1,0.09850374064837908,00366942,0.08975374064837907,0.5213294551645857
2025Q2,0.5300794551645858,00366942,0.5213294551645857,0.05949925816023741
2025Q3,0.06824925816023741,00366942,0.05949925816023741,-0.07958333333333331
2025Q4,-0.0708333333333333,00366942,-0.07958333333333331,-0.07003550074738416
2026Q1,-0.06128550074738415,00366942,-0.07003550074738416,0.6114729299363058
2020Q2,0.5087017403480696,00369657,0.4999517403480696,0.07973227702642974
2020Q3,0.08848227702642975,00369657,0.07973227702642974,0.08882186941692385
2020Q4,0.09757186941692386,00369657,0.08882186941692385,0.15051158854648364
2021Q1,0.15926158854648365,00369657,0.15051158854648364,0.11264392392136838
2021Q2,0.12139392392136839,00369657,0.11264392392136838,-0.004765936254980084
2021Q3,0.003984063745019917,00369657,-0.004765936254980084,0.11670351473922905
2021Q4,0.12545351473922906,00369657,0.11670351473922905,-0.07836164559512412
2022Q1,-0.06961164559512412,00369657,-0.07836164559512412,-0.3041319500839153
2022Q2,-0.2953819500839153,00369657,-0.3041319500839153,-0.05108576642335768
2022Q3,-0.04233576642335768,00369657,-0.05108576642335768,0.24028722721437748
2022Q4,0.2490372272143775,00369657,0.24028722721437748,-0.08721223021582733
2023Q1,-0.07846223021582732,00369657,-0.08721223021582733,0.01707511413933708
2023Q2,0.02582511413933708,00369657,0.01707511413933708,0.03748904328327777
2023Q3,0.04623904328327777,00369657,0.03748904328327777,0.30792478486767344
2023Q4,0.3166747848676734,00369657,0.30792478486767344,0.2529709657927837
2024Q1,0.2617209657927837,00369657,0.2529709657927837,-0.08899003596630115
2024Q2,-0.08024003596630114,00369657,-0.08899003596630115,-0.2045038147660135
2024Q3,-0.1957538147660135,00369657,-0.2045038147660135,0.005017407446555468
2024Q4,0.013767407446555469,00369657,0.005017407446555468,-0.027022338650818455
2025Q1,-0.018272338650818454,00369657,-0.027022338650818455,0.3427089915832516
2025Q2,0.35145899158325156,00369657,0.3427089915832516,0.003037819253438191
2025Q3,0.011787819253438192,00369657,0.003037819253438191,0.16212378640776695
2025Q4,0.17087378640776696,00369657,0.16212378640776695,0.5567558043117744
2026Q1,0.5655058043117744,00369657,0.5567558043117744,0.04103813559322037
2020Q2,0.0,00370255,-0.00875,-0.00875
2020Q3,0.0,00370255,-0.00875,-0.00875
2020Q4,0.0,00370255,-0.00875,-0.00875
2021Q1,0.0,00370255,-0.00875,-0.00875
2021Q2,0.0,00370255,-0.00875,-0.00875
2021Q3,0.0,00370255,-0.00875,-0.00875
2021Q4,0.0,00370255,-0.00875,-0.00875
2022Q1,0.0,00370255,-0.00875,-0.00875
2022Q2,0.0,00370255,-0.00875,-0.14446428571428568
2022Q3,-0.13571428571428568,00370255,-0.14446428571428568,-0.06990702479338848
2022Q4,-0.06115702479338847,00370255,-0.06990702479338848,0.37681338028169026
2023Q1,0.38556338028169024,00370255,0.37681338028169026,-0.31624682337992377
2023Q2,-0.3074968233799238,00370255,-0.31624682337992377,-0.28030963302752293
2023Q3,-0.27155963302752295,00370255,-0.28030963302752293,-0.055349496221662485
2023Q4,-0.046599496221662484,00370255,-0.055349496221662485,-0.028565059445178363
2024Q1,-0.019815059445178362,00370255,-0.028565059445178363,-0.06265835579514831
2024Q2,-0.0539083557951483,00370255,-0.06265835579514831,-0.28937678062678057
2024Q3,-0.2806267806267806,00370255,-0.28937678062678057,-0.28280940594059406
2024Q4,-0.2740594059405941,00370255,-0.28280940594059406,0.1996515275504638
2025Q1,0.20840152755046382,00370255,0.1996515275504638,0.007051354401805855
2025Q2,0.015801354401805856,00370255,0.007051354401805855,-0.1665277777777778
2025Q3,-0.1577777777777778,00370255,-0.1665277777777778,-0.0989874670184697
2025Q4,-0.09023746701846969,00370255,-0.0989874670184697,-0.0226711136890951
2026Q1,-0.0139211136890951,00370255,-0.0226711136890951,0.027132352941176476
2020Q2,1.65,00372226,1.6412499999999999,0.27804245283018864
2020Q3,0.2867924528301886,00372226,0.27804245283018864,0.8299596774193547
2020Q4,0.8387096774193548,00372226,0.8299596774193547,-0.1395314992025519
2021Q1,-0.1307814992025519,00372226,-0.1395314992025519,0.06647935779816508
2021Q2,0.07522935779816509,00372226,0.06647935779816508,0.14312713310580197
2021Q3,0.15187713310580198,00372226,0.14312713310580197,0.08310185185185184
2021Q4,0.09185185185185185,00372226,0.08310185185185184,-0.11865502035278161
2022Q1,-0.1099050203527816,00372226,-0.11865502035278161,-0.08039634146341465
2022Q2,-0.07164634146341464,00372226,-0.08039634146341465,-0.34536740558292284
2022Q3,-0.33661740558292286,00372226,-0.34536740558292284,-0.09414603960396037
2022Q4,-0.08539603960396036,00372226,-0.09414603960396037,0.17122293640054134
2023Q1,0.17997293640054135,00372226,0.17122293640054134,0.2573050458715596
2023Q2,0.2660550458715596,00372226,0.2573050458715596,-0.23519927536231885
2023Q3,-0.22644927536231885,00372226,-0.23519927536231885,0.1493296252927401
2023Q4,0.1580796252927401,00372226,0.1493296252927401,0.2369527300303336
2024Q1,0.2457027300303336,00372226,0.2369527300303336,-0.033100649350649346
2024Q2,-0.024350649350649345,00372226,-0.033100649350649346,-0.1851227121464226
2024Q3,-0.17637271214642258,00372226,-0.1851227121464226,-0.17541666666666664
2024Q4,-0.16666666666666663,00372226,-0.17541666666666664,0.15246212121212113
2025Q1,0.16121212121212114,00372226,0.15246212121212113,-0.18411534446764097
2025Q2,-0.17536534446764096,00372226,-0.18411534446764097,0.34061708860759504
2025Q3,0.349367088607595,00372226,0.34061708860759504,0.07192542213883682
2025Q4,0.08067542213883683,00372226,0.07192542213883682,0.8263194444444444
2026Q1,0.8350694444444444,00372226,0.8263194444444444,0.9307012771996215
2020Q2,0.17728055077452676,00404288,0.16853055077452675,0.4854020467836258
2020Q3,0.4941520467836258,00404288,0.4854020467836258,-0.020165525114155224
2020Q4,-0.011415525114155223,00404288,-0.020165525114155224,0.17468780930386021
2021Q1,0.18343780930386022,00404288,0.17468780930386021,0.6229756760524114
2021Q2,0.6317256760524115,00404288,0.6229756760524114,-0.2617826328378609
2021Q3,-0.2530326328378609,00404288,-0.2617826328378609,0.3585876029277218
2021Q4,0.3673376029277218,00404288,0.3585876029277218,0.18378931080628982
2022Q1,0.19253931080628983,00404288,0.18378931080628982,-0.36462038855379436
2022Q2,-0.3558703885537944,00404288,-0.36462038855379436,-0.019638501742160273
2022Q3,-0.010888501742160273,00404288,-0.019638501742160273,-0.1507579260237781
2022Q4,-0.1420079260237781,00404288,-0.1507579260237781,0.3571725044906338
2023Q1,0.3659225044906338,00404288,0.3571725044906338,-0.11320237647942885
2023Q2,-0.10445237647942884,00404288,-0.11320237647942885,-0.08112256135934556
2023Q3,-0.07237256135934556,00404288,-0.08112256135934556,0.14163444142921747
2023Q4,0.15038444142921747,00404288,0.14163444142921747,0.19195768625909174
2024Q1,0.20070768625909174,00404288,0.19195768625909174,-0.2184749508840865
2024Q2,-0.2097249508840865,00404288,-0.2184749508840865,-0.14340920861818937
2024Q3,-0.13465920861818936,00404288,-0.14340920861818937,-0.2208639573856835
2024Q4,-0.2121139573856835,00404288,-0.2208639573856835,0.023459054998480812
2025Q1,0.03220905499848081,00404288,0.023459054998480812,-0.005806226081836972
2025Q2,0.0029437739181630285,00404288,-0.005806226081836972,0.12626614323451715
2025Q3,0.13501614323451716,00404288,0.12626614323451715,0.18131982156710638
2025Q4,0.1900698215671064,00404288,0.18131982156710638,0.479733268144285
2026Q1,0.488483268144285,00404288,0.479733268144285,0.30803832116788327
2020Q2,1.3765822784810124,00411048,1.3678322784810124,0.024538948069241097
2020Q3,0.0332889480692411,00411048,0.024538948069241097,0.11238402061855671
2020Q4,0.12113402061855671,00411048,0.11238402061855671,-0.26852011494252875
2021Q1,-0.2597701149425288,00411048,-0.26852011494252875,0.0036723602484472276
2021Q2,0.012422360248447228,00411048,0.0036723602484472276,0.0433972392638036
2021Q3,0.0521472392638036,00411048,0.0433972392638036,0.0641362973760933
2021Q4,0.07288629737609331,00411048,0.0641362973760933,-0.1745108695652174
2022Q1,-0.1657608695652174,00411048,-0.1745108695652174,-0.36542752442996745
2022Q2,-0.3566775244299675,00411048,-0.36542752442996745,0.06466772151898728
2022Q3,0.07341772151898729,00411048,0.06466772151898728,0.23417452830188681
2022Q4,0.24292452830188682,00411048,0.23417452830188681,0.5263543643263757
2023Q1,0.5351043643263758,00411048,0.5263543643263757,0.36084208899876385
2023Q2,0.36959208899876383,00411048,0.36084208899876385,-0.21362364620938631
2023Q3,-0.2048736462093863,00411048,-0.21362364620938631,0.019626844494892194
2023Q4,0.028376844494892195,00411048,0.019626844494892194,-0.0010237306843267832
2024Q1,0.007726269315673218,00411048,-0.0010237306843267832,-0.2267127601314348
2024Q2,-0.21796276013143479,00411048,-0.2267127601314348,-0.28325980392156863
2024Q3,-0.27450980392156865,00411048,-0.28325980392156863,-0.02033301158301156
2024Q4,-0.01158301158301156,00411048,-0.02033301158301156,0.215859375
2025Q1,0.224609375,00411048,0.215859375,0.2735466507177034
2025Q2,0.2822966507177034,00411048,0.2735466507177034,0.22134950248756227
2025Q3,0.23009950248756228,00411048,0.22134950248756227,-0.032005813953488414
2025Q4,-0.023255813953488413,00411048,-0.032005813953488414,0.5626785714285714
2026Q1,0.5714285714285714,00411048,0.5626785714285714,-0.11019927536231885
2020Q2,0.5917431192660549,00411446,0.5829931192660549,-0.051977665706051855
2020Q3,-0.043227665706051854,00411446,-0.051977665706051855,-0.00875
2020Q4,0.0,00411446,-0.00875,-0.00875
2021Q1,0.0,00411446,-0.00875,-0.023810240963855388
2021Q2,-0.015060240963855387,00411446,-0.023810240963855388,0.01877293577981657
2021Q3,0.02752293577981657,00411446,0.01877293577981657,0.5418452380952381
2021Q4,0.5505952380952381,00411446,0.5418452380952381,-0.29089971209213045
2022Q1,-0.28214971209213047,00411446,-0.29089971209213045,-0.3403008021390374
2022Q2,-0.3315508021390374,00411446,-0.3403008021390374,-0.30554999999999993
2022Q3,-0.29679999999999995,00411446,-0.30554999999999993,0.06406001137656417
2022Q4,0.07281001137656418,00411446,0.06406001137656417,0.17152571580063627
2023Q1,0.18027571580063628,00411446,0.17152571580063627,0.004727088948786963
2023Q2,0.013477088948786964,00411446,0.004727088948786963,-0.18250886524822693
2023Q3,-0.17375886524822692,00411446,-0.18250886524822693,0.055627682403433444
2023Q4,0.06437768240343344,00411446,0.055627682403433444,-0.03495967741935487
2024Q1,-0.02620967741935487,00411446,-0.03495967741935487,-0.09777691511387163
2024Q2,-0.08902691511387162,00411446,-0.09777691511387163,-0.16443181818181815
2024Q3,-0.15568181818181814,00411446,-0.16443181818181815,0.38694313593539703
2024Q4,0.395693135935397,00411446,0.38694313593539703,-0.22475771456123436
2025Q1,-0.21600771456123435,00411446,-0.22475771456123436,0.01954028290282909
2025Q2,0.02829028290282909,00411446,0.01954028290282909,-0.053008373205741664
2025Q3,-0.04425837320574166,00411446,-0.053008373205741664,-0.08008917396745938
2025Q4,-0.07133917396745937,00411446,-0.08008917396745938,0.42386455525606476
2026Q1,0.43261455525606474,00411446,0.42386455525606476,0.16810794920037633
2020Q2,0.37055837563451766,00412348,0.3618083756345177,0.45421296296296304
2020Q3,0.462962962962963,00412348,0.45421296296296304,0.23597573839662436
2020Q4,0.24472573839662437,00412348,0.23597573839662436,-0.07654661016949157
2021Q1,-0.06779661016949157,00412348,-0.07654661016949157,-0.02693181818181819
2021Q2,-0.018181818181818188,00412348,-0.02693181818181819,-0.10504629629629633
2021Q3,-0.09629629629629632,00412348,-0.10504629629629633,0.08551229508196714
2021Q4,0.09426229508196715,00412348,0.08551229508196714,-0.09489232209737827
2022Q1,-0.08614232209737827,00412348,-0.09489232209737827,-0.32186475409836063
2022Q2,-0.31311475409836065,00412348,-0.32186475409836063,-0.161494630071599
2022Q3,-0.152744630071599,00412348,-0.161494630071599,-0.08058098591549298
2022Q4,-0.07183098591549297,00412348,-0.08058098591549298,0.34329855842185136
2023Q1,0.35204855842185134,00412348,0.34329855842185136,-0.07160072951739624
2023Q2,-0.06285072951739623,00412348,-0.07160072951739624,-0.26623502994011977
2023Q3,-0.2574850299401198,00412348,-0.26623502994011977,0.23802419354838714
2023Q4,0.24677419354838714,00412348,0.23802419354838714,0.061107697283311814
2024Q1,0.06985769728331181,00412348,0.061107697283311814,-0.26147067714631195
2024Q2,-0.25272067714631197,00412348,-0.26147067714631195,-0.3178114886731392
2024Q3,-0.3090614886731392,00412348,-0.3178114886731392,-0.17502634660421543
2024Q4,-0.16627634660421542,00412348,-0.17502634660421543,-0.10425561797752811
2025Q1,-0.0955056179775281,00412348,-0.10425561797752811,0.1046040372670807
2025Q2,0.11335403726708071,00412348,0.1046040372670807,0.4305805439330544
2025Q3,0.4393305439330544,00412348,0.4305805439330544,-0.16669573643410848
2025Q4,-0.15794573643410847,00412348,-0.16669573643410848,-0.09505609896432685
2026Q1,-0.08630609896432684,00412348,-0.09505609896432685,0.43961272040302274
2020Q2,1.2210065645514225,00414601,1.2122565645514225,0.1488854679802956
2020Q3,0.1576354679802956,00414601,0.1488854679802956,0.24231382978723406
2020Q4,0.25106382978723407,00414601,0.24231382978723406,-0.2298384353741497
2021Q1,-0.22108843537414968,00414601,-0.2298384353741497,0.06548580786026206
2021Q2,0.07423580786026207,00414601,0.06548580786026206,-0.18761178861788616
2021Q3,-0.17886178861788615,00414601,-0.18761178861788616,0.18926980198019797
2021Q4,0.19801980198019797,00414601,0.18926980198019797,-0.08313016528925618
2022Q1,-0.07438016528925617,00414601,-0.08313016528925618,-0.20785714285714282
2022Q2,-0.19910714285714282,00414601,-0.20785714285714282,-0.16259615384615386
2022Q3,-0.15384615384615385,00414601,-0.16259615384615386,0.07820652173913037
2022Q4,0.08695652173913038,00414601,0.07820652173913037,0.408219696969697
2023Q1,0.416969696969697,00414601,0.408219696969697,0.02888900769888795
2023Q2,0.03763900769888795,00414601,0.02888900769888795,0.5081502473206925
2023Q3,0.5169002473206925,00414601,0.5081502473206925,-0.3478804347826087
2023Q4,-0.33913043478260874,00414601,-0.3478804347826087,0.28565789473684206
2024Q1,0.29440789473684204,00414601,0.28565789473684206,-0.261608958068615
2024Q2,-0.252858958068615,00414601,-0.261608958068615,-0.18051870748299323
2024Q3,-0.17176870748299322,00414601,-0.18051870748299323,0.3567530800821355
2024Q4,0.3655030800821355,00414601,0.3567530800821355,-0.22378759398496237
2025Q1,-0.21503759398496236,00414601,-0.22378759398496237,0.19623084291187734
2025Q2,0.20498084291187735,00414601,0.19623084291187734,0.07392090620031791
2025Q3,0.08267090620031792,00414601,0.07392090620031791,-0.03958700440528636
2025Q4,-0.03083700440528636,00414601,-0.03958700440528636,-0.1542045454545455
2026Q1,-0.1454545454545455,00414601,-0.1542045454545455,0.33876773049645387
2020Q2,0.13134328358208958,00423177,0.12259328358208957,0.8711972295514512
2020Q3,0.8799472295514512,00423177,0.8711972295514512,-0.0964692982456141
2020Q4,-0.08771929824561409,00423177,-0.0964692982456141,0.218173076923077
2021Q1,0.226923076923077,00423177,0.218173076923077,0.16993338557993723
2021Q2,0.17868338557993724,00423177,0.16993338557993723,-0.2028989361702128
2021Q3,-0.19414893617021278,00423177,-0.2028989361702128,0.13976485148514842
2021Q4,0.14851485148514842,00423177,0.13976485148514842,0.03147988505747116
2022Q1,0.04022988505747116,00423177,0.03147988505747116,-0.22974447513812155
2022Q2,-0.22099447513812154,00423177,-0.22974447513812155,-0.07967198581560284
2022Q3,-0.07092198581560283,00423177,-0.07967198581560284,-0.1652385496183206
2022Q4,-0.1564885496183206,00423177,-0.1652385496183206,0.4627432126696834
2023Q1,0.47149321266968336,00423177,0.4627432126696834,0.14069649446494473
2023Q2,0.14944649446494473,00423177,0.14069649446494473,0.22720505617977518
2023Q3,0.2359550561797752,00423177,0.22720505617977518,0.4328084415584415
2023Q4,0.4415584415584415,00423177,0.4328084415584415,-0.1589001501501501
2024Q1,-0.1501501501501501,00423177,-0.1589001501501501,-0.2808348056537103
2024Q2,-0.2720848056537103,00423177,-0.2808348056537103,-0.32574029126213594
2024Q3,-0.31699029126213596,00423177,-0.32574029126213594,-0.1061202914001422
2024Q4,-0.0973702914001422,00423177,-0.1061202914001422,0.043218503937007914
2025Q1,0.051968503937007915,00423177,0.043218503937007914,0.020441616766466976
2025Q2,0.029191616766466977,00423177,0.020441616766466976,-0.06547727272727275
2025Q3,-0.05672727272727274,00423177,-0.06547727272727275,0.2233240169622204
2025Q4,0.2320740169622204,00423177,0.2233240169622204,-0.27846214017521903
2026Q1,-0.26971214017521905,00423177,-0.27846214017521903,0.3108729648671809
2020Q2,0.6068759342301944,00442570,0.5981259342301943,0.18892441860465106
2020Q3,0.19767441860465107,00442570,0.18892441860465106,0.8617354368932038
2020Q4,0.8704854368932038,00442570,0.8617354368932038,-0.09356262327416173
2021Q1,-0.08481262327416172,00442570,-0.09356262327416173,-0.11083711433756802
2021Q2,-0.10208711433756801,00442570,-0.11083711433756802,-0.1392451995957554
2021Q3,-0.1304951995957554,00442570,-0.1392451995957554,0.126801358419294
2021Q4,0.135551358419294,00442570,0.126801358419294,0.29191530194472876
2022Q1,0.30066530194472874,00442570,0.29191530194472876,-0.3152619024198308
2022Q2,-0.30651190241983084,00442570,-0.3152619024198308,0.09990248226950363
2022Q3,0.10865248226950364,00442570,0.09990248226950363,0.08938203684749227
2022Q4,0.09813203684749228,00442570,0.08938203684749227,0.319456920657113
2023Q1,0.328206920657113,00442570,0.319456920657113,0.01756578947368429
2023Q2,0.026315789473684292,00442570,0.01756578947368429,-0.07857905982905986
2023Q3,-0.06982905982905985,00442570,-0.07857905982905986,0.42614846549664614
2023Q4,0.4348984654966461,00442570,0.42614846549664614,0.2367674180327868
2024Q1,0.24551741803278682,00442570,0.2367674180327868,-0.1059222365038561
2024Q2,-0.09717223650385609,00442570,-0.1059222365038561,-0.24679100227790438
2024Q3,-0.23804100227790437,00442570,-0.24679100227790438,-0.12085762331838565
2024Q4,-0.11210762331838564,00442570,-0.12085762331838565,0.12761363636363646
2025Q1,0.13636363636363646,00442570,0.12761363636363646,-0.05837962962962958
2025Q2,-0.04962962962962958,00442570,-0.05837962962962958,0.24066543257989095
2025Q3,0.24941543257989096,00442570,0.24066543257989095,-0.08797645040548971
2025Q4,-0.0792264504054897,00442570,-0.08797645040548971,-0.029075203252032576
2026Q1,-0.020325203252032575,00442570,-0.029075203252032576,-0.15259508990318124
2020Q2,0.13280689160086134,00445054,0.12405689160086134,0.8787658428390368
2020Q3,0.8875158428390368,00445054,0.8787658428390368,0.29610143528621796
2020Q4,0.30485143528621794,00445054,0.29610143528621796,0.02650022513829934
2021Q1,0.03525022513829934,00445054,0.02650022513829934,0.34442509630918355
2021Q2,0.35317509630918353,00445054,0.34442509630918355,0.03211692992928653
2021Q3,0.04086692992928653,00445054,0.03211692992928653,0.522306996647256
2021Q4,0.531056996647256,00445054,0.522306996647256,-0.09248191955281512
2022Q1,-0.08373191955281512,00445054,-0.09248191955281512,-0.3125235849056604
2022Q2,-0.3037735849056604,00445054,-0.3125235849056604,-0.29989724480578134
2022Q3,-0.29114724480578136,00445054,-0.29989724480578134,0.0031016630559448713
2022Q4,0.011851663055944872,00445054,0.0031016630559448713,0.746035894206549
2023Q1,0.7547858942065491,00445054,0.746035894206549,0.33180838656427186
2023Q2,0.34055838656427184,00445054,0.33180838656427186,0.14003466645251098
2023Q3,0.14878466645251098,00445054,0.14003466645251098,0.15254934287179014
2023Q4,0.16129934287179015,00445054,0.15254934287179014,-0.02588620675816674
2024Q1,-0.01713620675816674,00445054,-0.02588620675816674,-0.2807274611081622
2024Q2,-0.27197746110816223,00445054,-0.2807274611081622,-0.35030916993830624
2024Q3,-0.34155916993830626,00445054,-0.35030916993830624,-0.22169718909710398
2024Q4,-0.21294718909710397,00445054,-0.22169718909710398,0.2574837662337662
2025Q1,0.26623376623376616,00445054,0.2574837662337662,0.01261752136752129
2025Q2,0.02136752136752129,00445054,0.01261752136752129,0.8448064853556485
2025Q3,0.8535564853556485,00445054,0.8448064853556485,0.15377821670428896
2025Q4,0.16252821670428896,00445054,0.15377821670428896,0.07086165048543694
2026Q1,0.07961165048543695,00445054,0.07086165048543694,0.5559982014388489
2020Q2,-0.010909090909090868,00447487,-0.01965909090909087,0.2890441176470589
2020Q3,0.2977941176470589,00447487,0.2890441176470589,0.05215651558073645
2020Q4,0.06090651558073645,00447487,0.05215651558073645,0.5853755006675567
2021Q1,0.5941255006675568,00447487,0.5853755006675567,0.026425879396984965
2021Q2,0.035175879396984966,00447487,0.026425879396984965,-0.23205097087378643
2021Q3,-0.22330097087378642,00447487,-0.23205097087378643,0.34541666666666676
2021Q4,0.35416666666666674,00447487,0.34541666666666676,-0.06567307692307697
2022Q1,-0.056923076923076965,00447487,-0.06567307692307697,-0.3374612561174551
2022Q2,-0.3287112561174551,00447487,-0.3374612561174551,-0.1533429526123937
2022Q3,-0.1445929526123937,00447487,-0.1533429526123937,0.008295454545454585
2022Q4,0.017045454545454586,00447487,0.008295454545454585,0.6141550279329608
2023Q1,0.6229050279329609,00447487,0.6141550279329608,-0.1567706540447504
2023Q2,-0.1480206540447504,00447487,-0.1567706540447504,-0.1845075757575758
2023Q3,-0.17575757575757578,00447487,-0.1845075757575758,2.349093137254902
2023Q4,2.357843137254902,00447487,2.349093137254902,1.1445346715328468
2024Q1,1.1532846715328469,00447487,1.1445346715328468,-0.3728177966101695
2024Q2,-0.3640677966101695,00447487,-0.3728177966101695,-0.30246002132196165
2024Q3,-0.29371002132196167,00447487,-0.30246002132196165,-0.33554245283018863
2024Q4,-0.32679245283018865,00447487,-0.33554245283018863,0.3948374439461884
2025Q1,0.4035874439461884,00447487,0.3948374439461884,0.22607428115015973
2025Q2,0.23482428115015974,00447487,0.22607428115015973,0.16136642949547222
2025Q3,0.17011642949547223,00447487,0.16136642949547222,0.44785585959093416
2025Q4,0.45660585959093414,00447487,0.44785585959093416,0.3233183111954459
2026Q1,0.3320683111954459,00447487,0.3233183111954459,2.1166061253561255
2020Q2,0.205240174672489,00468374,0.196490174672489,0.1977717391304348
2020Q3,0.2065217391304348,00468374,0.1977717391304348,0.2675262762762763
2020Q4,0.27627627627627627,00468374,0.2675262762762763,0.11830882352941166
2021Q1,0.12705882352941167,00468374,0.11830882352941166,0.2501226513569937
2021Q2,0.25887265135699367,00468374,0.2501226513569937,-0.22931384742951907
2021Q3,-0.22056384742951907,00468374,-0.22931384742951907,0.20827127659574465
2021Q4,0.21702127659574466,00468374,0.20827127659574465,-0.08916958041958042
2022Q1,-0.08041958041958042,00468374,-0.08916958041958042,0.040679657794676895
2022Q2,0.049429657794676896,00468374,0.040679657794676895,-0.2714311594202898
2022Q3,-0.2626811594202898,00468374,-0.2714311594202898,0.14112714987714983
2022Q4,0.14987714987714984,00468374,0.14112714987714983,0.07244658119658112
2023Q1,0.08119658119658113,00468374,0.07244658119658112,0.21852272727272729
2023Q2,0.2272727272727273,00468374,0.21852272727272729,-0.11503019323671501
2023Q3,-0.106280193236715,00468374,-0.11503019323671501,0.025484234234234328
2023Q4,0.03423423423423433,00468374,0.025484234234234328,0.1619817073170731
2024Q1,0.1707317073170731,00468374,0.1619817073170731,0.11624999999999999
2024Q2,0.125,00468374,0.11624999999999999,-0.33282407407407405
2024Q3,-0.32407407407407407,00468374,-0.33282407407407405,-0.3112940313111546
2024Q4,-0.3025440313111546,00468374,-0.3112940313111546,-0.004260662177328865
2025Q1,0.004489337822671136,00468374,-0.004260662177328865,-0.006515363128491512
2025Q2,0.0022346368715084886,00468374,-0.006515363128491512,0.3151073021181717
2025Q3,0.32385730211817165,00468374,0.3151073021181717,-0.10559210526315785
2025Q4,-0.09684210526315784,00468374,-0.10559210526315785,0.3805273892773893
2026Q1,0.3892773892773893,00468374,0.3805273892773893,0.14393456375838934
2020Q2,0.3819812474520994,00471068,0.3732312474520994,0.06204646017699126
2020Q3,0.07079646017699126,00471068,0.06204646017699126,0.7543353994490358
2020Q4,0.7630853994490359,00471068,0.7543353994490358,-0.07125000000000001
2021Q1,-0.0625,00471068,-0.07125000000000001,0.11208333333333334
2021Q2,0.12083333333333335,00471068,0.11208333333333334,-0.00875
2021Q3,0.0,00471068,-0.00875,0.5191310408921932
2021Q4,0.5278810408921932,00471068,0.5191310408921932,-0.09147506082725063
2022Q1,-0.08272506082725062,00471068,-0.09147506082725063,-0.31485079575596814
2022Q2,-0.30610079575596816,00471068,-0.31485079575596814,-0.1203707951070336
2022Q3,-0.1116207951070336,00471068,-0.1203707951070336,-0.1843093803786575
2022Q4,-0.17555938037865748,00471068,-0.1843093803786575,0.3378053235908141
2023Q1,0.3465553235908141,00471068,0.3378053235908141,0.08272286821705424
2023Q2,0.09147286821705425,00471068,0.08272286821705424,-0.014431818181818233
2023Q3,-0.005681818181818232,00471068,-0.014431818181818233,0.014107142857142908
2023Q4,0.02285714285714291,00471068,0.014107142857142908,-0.05344273743016755
2024Q1,-0.04469273743016755,00471068,-0.05344273743016755,0.051191520467836184
2024Q2,0.059941520467836185,00471068,0.051191520467836184,-0.3177155172413793
2024Q3,-0.30896551724137933,00471068,-0.3177155172413793,-0.2402869261477046
2024Q4,-0.2315369261477046,00471068,-0.2402869261477046,0.014626623376623273
2025Q1,0.023376623376623273,00471068,0.014626623376623273,0.03059010152284273
2025Q2,0.03934010152284273,00471068,0.03059010152284273,0.5004075091575091
2025Q3,0.5091575091575091,00471068,0.5004075091575091,-0.0233131067961165
2025Q4,-0.014563106796116498,00471068,-0.0233131067961165,0.616865763546798
2026Q1,0.625615763546798,00471068,0.616865763546798,0.5478156565656565
2020Q2,0.9043887147335423,00479787,0.8956387147335423,0.13939814814814813
2020Q3,0.14814814814814814,00479787,0.13939814814814813,0.11669802867383508
2020Q4,0.1254480286738351,00479787,0.11669802867383508,0.5008041401273886
2021Q1,0.5095541401273886,00479787,0.5008041401273886,-0.07626054852320671
2021Q2,-0.0675105485232067,00479787,-0.07626054852320671,-0.029111990950226284
2021Q3,-0.020361990950226283,00479787,-0.029111990950226284,0.49009526558891464
2021Q4,0.4988452655889146,00479787,0.49009526558891464,-0.18440485362095535
2022Q1,-0.17565485362095534,00479787,-0.18440485362095535,-0.2517406542056075
2022Q2,-0.2429906542056075,00479787,-0.2517406542056075,-0.3272685185185185
2022Q3,-0.31851851851851853,00479787,-0.3272685185185185,-0.012373188405797118
2022Q4,-0.0036231884057971175,00479787,-0.012373188405797118,0.5148863636363636
2023Q1,0.5236363636363637,00479787,0.5148863636363636,0.44709725536992845
2023Q2,0.45584725536992843,00479787,0.44709725536992845,0.03223360655737698
2023Q3,0.040983606557376984,00479787,0.03223360655737698,-0.055994094488189004
2023Q4,-0.047244094488189003,00479787,-0.055994094488189004,0.23753099173553707
2024Q1,0.24628099173553708,00479787,0.23753099173553707,-0.27267572944297075
2024Q2,-0.26392572944297077,00479787,-0.27267572944297075,-0.5002815315315315
2024Q3,-0.4915315315315315,00479787,-0.5002815315315315,-0.2979066265060241
2024Q4,-0.28915662650602414,00479787,-0.2979066265060241,-0.12141201395812559
2025Q1,-0.11266201395812558,00479787,-0.12141201395812559,-0.00875
2025Q2,0.0,00479787,-0.00875,1.1013623595505617
2025Q3,1.1101123595505618,00479787,1.1013623595505617,-0.31758919062832797
2025Q4,-0.308839190628328,00479787,-0.31758919062832797,0.2863193374422189
2026Q1,0.29506933744221886,00479787,0.2863193374422189,1.379709250446163
2020Q2,0.394169835234474,00484682,0.38541983523447404,0.5367045454545454
2020Q3,0.5454545454545454,00484682,0.5367045454545454,0.10889705882352943
2020Q4,0.11764705882352944,00484682,0.10889705882352943,-0.13506578947368417
2021Q1,-0.12631578947368416,00484682,-0.13506578947368417,-0.014774096385542133
2021Q2,-0.0060240963855421326,00484682,-0.014774096385542133,-0.17541666666666664
2021Q3,-0.16666666666666663,00484682,-0.17541666666666664,0.24215909090909096
2021Q4,0.25090909090909097,00484682,0.24215909090909096,-0.13375
2022Q1,-0.125,00484682,-0.13375,-0.26124169435215944
2022Q2,-0.25249169435215946,00484682,-0.26124169435215944,-0.23986111111111116
2022Q3,-0.23111111111111116,00484682,-0.23986111111111116,0.2976083815028901
2022Q4,0.3063583815028901,00484682,0.2976083815028901,0.16647123893805318
2023Q1,0.1752212389380532,00484682,0.16647123893805318,0.2901957831325302
2023Q2,0.2989457831325302,00484682,0.2901957831325302,0.6782065217391304
2023Q3,0.6869565217391305,00484682,0.6782065217391304,-0.31631013745704467
2023Q4,-0.3075601374570447,00484682,-0.31631013745704467,0.13765198511166246
2024Q1,0.14640198511166247,00484682,0.13765198511166246,-0.33342532467532465
2024Q2,-0.3246753246753247,00484682,-0.33342532467532465,-0.32541666666666663
2024Q3,-0.31666666666666665,00484682,-0.32541666666666663,-0.22544793621013134
2024Q4,-0.21669793621013134,00484682,-0.22544793621013134,0.04633982035928134
2025Q1,0.05508982035928134,00484682,0.04633982035928134,0.06729994324631108
2025Q2,0.07604994324631109,00484682,0.06729994324631108,0.39842299578059076
2025Q3,0.40717299578059074,00484682,0.39842299578059076,-0.07921476761619192
2025Q4,-0.07046476761619191,00484682,-0.07921476761619192,-0.049072580645161255
2026Q1,-0.040322580645161255,00484682,-0.049072580645161255,0.09965336134453787
2020Q2,0.42211055276381915,00488989,0.41336055276381917,-0.06352031802120137
2020Q3,-0.05477031802120136,00488989,-0.06352031802120137,0.0005957943925232537
2020Q4,0.009345794392523255,00488989,0.0005957943925232537,-0.0013425925925926938
2021Q1,0.007407407407407307,00488989,-0.0013425925925926938,0.3883088235294117
2021Q2,0.3970588235294117,00488989,0.3883088235294117,0.0978289473684211
2021Q3,0.1065789473684211,00488989,0.0978289473684211,1.137504458977408
2021Q4,1.146254458977408,00488989,1.137504458977408,-0.07523199445983383
2022Q1,-0.06648199445983383,00488989,-0.07523199445983383,-0.26394287833827895
2022Q2,-0.255192878338279,00488989,-0.26394287833827895,-0.21193725099601599
2022Q3,-0.20318725099601598,00488989,-0.21193725099601599,0.20625000000000007
2022Q4,0.21500000000000008,00488989,0.20625000000000007,0.044747942386831364
2023Q1,0.053497942386831365,00488989,0.044747942386831364,0.3725000000000001
2023Q2,0.3812500000000001,00488989,0.3725000000000001,-0.26779977375565606
2023Q3,-0.2590497737556561,00488989,-0.26779977375565606,0.07674618320610696
2023Q4,0.08549618320610697,00488989,0.07674618320610696,0.3435706751054853
2024Q1,0.35232067510548526,00488989,0.3435706751054853,0.2184990899635986
2024Q2,0.2272490899635986,00488989,0.2184990899635986,-0.42697033898305087
2024Q3,-0.4182203389830509,00488989,-0.42697033898305087,-0.3874827021121631
2024Q4,-0.37873270211216314,00488989,-0.3874827021121631,0.20930392731535766
2025Q1,0.21805392731535767,00488989,0.20930392731535766,-0.12039581328200197
2025Q2,-0.11164581328200196,00488989,-0.12039581328200197,0.838487269772481
2025Q3,0.847237269772481,00488989,0.838487269772481,0.25517961876832845
2025Q4,0.26392961876832843,00488989,0.25517961876832845,0.28823375870069606
2026Q1,0.29698375870069604,00488989,0.28823375870069606,0.23990831842576024
2020Q2,-0.18393234672304437,00492894,-0.19268234672304438,0.18814119170984459
2020Q3,0.1968911917098446,00492894,0.18814119170984459,0.02588203463203457
2020Q4,0.03463203463203457,00492894,0.02588203463203457,0.003802301255230213
2021Q1,0.012552301255230214,00492894,0.003802301255230213,-0.1285847107438017
2021Q2,-0.1198347107438017,00492894,-0.1285847107438017,-0.08621478873239438
2021Q3,-0.07746478873239437,00492894,-0.08621478873239438,-0.11816475826972014
2021Q4,-0.10941475826972014,00492894,-0.11816475826972014,-0.16017857142857148
2022Q1,-0.15142857142857147,00492894,-0.16017857142857148,-0.12322811447811452
2022Q2,-0.11447811447811451,00492894,-0.12322811447811452,-0.10000475285171104
2022Q3,-0.09125475285171103,00492894,-0.10000475285171104,-0.017118200836820106
2022Q4,-0.008368200836820106,00492894,-0.017118200836820106,0.18956223628691984
2023Q1,0.19831223628691985,00492894,0.18956223628691984,-0.015088028169014077
2023Q2,-0.006338028169014076,00492894,-0.015088028169014077,-0.14553242381289863
2023Q3,-0.13678242381289862,00492894,-0.14553242381289863,0.081561986863711
2023Q4,0.090311986863711,00492894,0.081561986863711,-0.12170180722891563
2024Q1,-0.11295180722891562,00492894,-0.12170180722891563,-0.12419991511035652
2024Q2,-0.11544991511035652,00492894,-0.12419991511035652,0.8876031669865643
2024Q3,0.8963531669865643,00492894,0.8876031669865643,-0.25976214574898787
2024Q4,-0.2510121457489879,00492894,-0.25976214574898787,1.2142229729729728
2025Q1,1.2229729729729728,00492894,1.2142229729729728,0.8605509118541033
2025Q2,0.8693009118541033,00492894,0.8605509118541033,-0.18923780487804884
2025Q3,-0.18048780487804883,00492894,-0.18923780487804884,-0.43335317460317463
2025Q4,-0.42460317460317465,00492894,-0.43335317460317463,0.16193965517241374
2026Q1,0.17068965517241375,00492894,0.16193965517241374,-0.5418869661266569
2023Q4,0.05517241379310356,00493325,0.04642241379310356,-0.13293300653594772
2024Q1,-0.12418300653594772,00493325,-0.13293300653594772,-0.1420833333333333
2024Q2,-0.1333333333333333,00493325,-0.1420833333333333,-0.44043771526980485
2024Q3,-0.4316877152698049,00493325,-0.44043771526980485,-0.060265151515151515
2024Q4,-0.051515151515151514,00493325,-0.060265151515151515,-0.04176384451544198
2025Q1,-0.03301384451544198,00493325,-0.04176384451544198,-0.13760462555066075
2025Q2,-0.12885462555066074,00493325,-0.13760462555066075,0.1669769279393172
2025Q3,0.1757269279393172,00493325,0.1669769279393172,0.38157258064516136
2025Q4,0.39032258064516134,00493325,0.38157258064516136,-0.17889694508894047
2026Q1,-0.17014694508894046,00493325,-0.17889694508894047,0.46282502329916114
2020Q2,0.2727272727272727,00495086,0.2639772727272727,0.27696428571428583
2020Q3,0.2857142857142858,00495086,0.27696428571428583,0.6121650326797385
2020Q4,0.6209150326797386,00495086,0.6121650326797385,-0.010094086021505376
2021Q1,-0.0013440860215053752,00495086,-0.010094086021505376,0.012784320323014721
2021Q2,0.021534320323014722,00495086,0.012784320323014721,0.06898386034255591
2021Q3,0.07773386034255592,00495086,0.06898386034255591,0.4765800733496333
2021Q4,0.4853300733496333,00495086,0.4765800733496333,-0.13632201646090533
2022Q1,-0.12757201646090532,00495086,-0.13632201646090533,-0.2908254716981132
2022Q2,-0.2820754716981132,00495086,-0.2908254716981132,0.11214356110381066
2022Q3,0.12089356110381067,00495086,0.11214356110381066,-0.10722596717467767
2022Q4,-0.09847596717467766,00495086,-0.10722596717467767,0.06277145643693108
2023Q1,0.07152145643693109,00495086,0.06277145643693108,-0.07428398058252425
2023Q2,-0.06553398058252424,00495086,-0.07428398058252425,-0.20485389610389612
2023Q3,-0.1961038961038961,00495086,-0.20485389610389612,0.11241316639741508
2023Q4,0.12116316639741509,00495086,0.11241316639741508,0.38894452449567735
2024Q1,0.3976945244956773,00495086,0.38894452449567735,-0.08813144329896913
2024Q2,-0.07938144329896912,00495086,-0.08813144329896913,-0.1800825867861142
2024Q3,-0.17133258678611418,00495086,-0.1800825867861142,-0.13172297297297295
2024Q4,-0.12297297297297294,00495086,-0.13172297297297295,0.03439329738058542
2025Q1,0.04314329738058542,00495086,0.03439329738058542,0.038517355982274716
2025Q2,0.04726735598227472,00495086,0.038517355982274716,-0.13286847672778565
2025Q3,-0.12411847672778564,00495086,-0.13286847672778565,0.008963365539452574
2025Q4,0.017713365539452575,00495086,0.008963365539452574,-0.06412974683544301
2026Q1,-0.055379746835443,00495086,-0.06412974683544301,-0.12432788944723613
2020Q2,0.2704918032786885,00516246,0.2617418032786885,0.09877688172043
2020Q3,0.10752688172043001,00516246,0.09877688172043,0.11746359223300964
2020Q4,0.12621359223300965,00516246,0.11746359223300964,-0.029439655172413835
2021Q1,-0.020689655172413834,00516246,-0.029439655172413835,-0.15487676056338026
2021Q2,-0.14612676056338025,00516246,-0.15487676056338026,-0.14689432989690718
2021Q3,-0.13814432989690717,00516246,-0.14689432989690718,0.42426435406698576
2021Q4,0.43301435406698574,00516246,0.42426435406698576,-0.22327420701168618
2022Q1,-0.21452420701168617,00516246,-0.22327420701168618,-0.3849455366631243
2022Q2,-0.37619553666312433,00516246,-0.3849455366631243,-0.08370741056218053
2022Q3,-0.07495741056218053,00516246,-0.08370741056218053,-0.157921270718232
2022Q4,-0.149171270718232,00516246,-0.157921270718232,2.0994751082251084
2023Q1,2.1082251082251084,00516246,2.0994751082251084,1.6681302228412256
2023Q2,1.6768802228412256,00516246,1.6681302228412256,-0.5264399063475547
2023Q3,-0.5176899063475546,00516246,-0.5264399063475547,-0.6241761057173678
2023Q4,-0.6154261057173678,00516246,-0.6241761057173678,-0.17705294530154278
2024Q1,-0.16830294530154277,00516246,-0.17705294530154278,-0.00875
2024Q2,0.0,00516246,-0.00875,-0.00875
2024Q3,0.0,00516246,-0.00875,-0.00875
2024Q4,0.0,00516246,-0.00875,-0.00875
2025Q1,0.0,00516246,-0.00875,-0.00875
2025Q2,0.0,00516246,-0.00875,-0.00875
2025Q3,0.0,00516246,-0.00875,-0.00875
2025Q4,0.0,00516246,-0.00875,-0.00875
2026Q1,0.0,00516246,-0.00875,-0.00875
2020Q2,0.7391304347826086,00521390,0.7303804347826086,0.2891666666666666
2020Q3,0.2979166666666666,00521390,0.2891666666666666,0.049034911717496
2020Q4,0.057784911717496,00521390,0.049034911717496,-0.05427352048558417
2021Q1,-0.04552352048558417,00521390,-0.05427352048558417,-0.018288950715421325
2021Q2,-0.009538950715421324,00521390,-0.018288950715421325,0.3588262439807384
2021Q3,0.3675762439807384,00521390,0.3588262439807384,-0.25640258215962436
2021Q4,-0.24765258215962438,00521390,-0.25640258215962436,-0.15539586583463336
2022Q1,-0.14664586583463335,00521390,-0.15539586583463336,-0.3003404936014625
2022Q2,-0.2915904936014625,00521390,-0.3003404936014625,-0.1003629032258064
2022Q3,-0.0916129032258064,00521390,-0.1003629032258064,-0.0030681818181818796
2022Q4,0.005681818181818121,00521390,-0.0030681818181818796,0.4404025423728813
2023Q1,0.44915254237288127,00521390,0.4404025423728813,0.21152290448343083
2023Q2,0.22027290448343084,00521390,0.21152290448343083,-0.11737619808306707
2023Q3,-0.10862619808306706,00521390,-0.11737619808306707,-0.06788978494623651
2023Q4,-0.05913978494623651,00521390,-0.06788978494623651,-0.05636904761904767
2024Q1,-0.04761904761904767,00521390,-0.05636904761904767,0.26125000000000004
2024Q2,0.27,00521390,0.26125000000000004,-0.18670275590551186
2024Q3,-0.17795275590551185,00521390,-0.18670275590551186,-0.16200670498084288
2024Q4,-0.15325670498084287,00521390,-0.16200670498084288,0.009349547511312152
2025Q1,0.018099547511312153,00521390,0.009349547511312152,0.11347222222222222
2025Q2,0.12222222222222223,00521390,0.11347222222222222,0.0348143564356436
2025Q3,0.0435643564356436,00521390,0.0348143564356436,-0.027725332068311147
2025Q4,-0.018975332068311146,00521390,-0.027725332068311147,-0.04259912959381048
2026Q1,-0.03384912959381048,00521390,-0.04259912959381048,0.8851438938938938
2020Q2,0.10309278350515472,00524421,0.09434278350515471,0.1921845794392523
2020Q3,0.2009345794392523,00524421,0.1921845794392523,0.1449464980544746
2020Q4,0.1536964980544746,00524421,0.1449464980544746,0.14470699831365932
2021Q1,0.15345699831365933,00524421,0.14470699831365932,-0.08769736842105266
2021Q2,-0.07894736842105265,00524421,-0.08769736842105266,-0.1341468253968254
2021Q3,-0.1253968253968254,00524421,-0.1341468253968254,0.07110480943738653
2021Q4,0.07985480943738654,00524421,0.07110480943738653,-0.08774159663865552
2022Q1,-0.07899159663865551,00524421,-0.08774159663865552,-0.28794708029197075
2022Q2,-0.27919708029197077,00524421,-0.28794708029197075,-0.23659810126582279
2022Q3,-0.22784810126582278,00524421,-0.23659810126582279,0.020758196721311552
2022Q4,0.029508196721311553,00524421,0.020758196721311552,0.3766003184713376
2023Q1,0.3853503184713376,00524421,0.3766003184713376,-0.029439655172413835
2023Q2,-0.020689655172413834,00524421,-0.029439655172413835,-0.06039319248826288
2023Q3,-0.05164319248826288,00524421,-0.06039319248826288,-0.013700495049504956
2023Q4,-0.004950495049504955,00524421,-0.013700495049504956,0.07831467661691541
2024Q1,0.08706467661691542,00524421,0.07831467661691541,0.20864130434782616
2024Q2,0.21739130434782616,00524421,0.20864130434782616,-0.35724624060150373
2024Q3,-0.34849624060150375,00524421,-0.35724624060150373,-0.11434723023658397
2024Q4,-0.10559723023658396,00524421,-0.11434723023658397,0.39124999999999993
2025Q1,0.3999999999999999,00524421,0.39124999999999993,0.15945276497695862
2025Q2,0.16820276497695863,00524421,0.15945276497695862,0.6953920118343195
2025Q3,0.7041420118343196,00524421,0.6953920118343195,0.0225
2025Q4,0.03125,00524421,0.0225,0.2347965768799101
2026Q1,0.2435465768799101,00524421,0.2347965768799101,1.198831227436823
2020Q2,0.20300751879699241,00529815,0.1942575187969924,0.15999999999999995
2020Q3,0.16874999999999996,00529815,0.15999999999999995,0.11638368983957229
2020Q4,0.1251336898395723,00529815,0.11638368983957229,0.4037975285171103
2021Q1,0.4125475285171103,00529815,0.4037975285171103,0.080079071332436
2021Q2,0.088829071332436,00529815,0.080079071332436,-0.14719252163164406
2021Q3,-0.13844252163164406,00529815,-0.14719252163164406,-0.06757352941176473
2021Q4,-0.05882352941176472,00529815,-0.06757352941176473,0.14826219512195118
2022Q1,0.1570121951219512,00529815,0.14826219512195118,-0.2972875494071146
2022Q2,-0.2885375494071146,00529815,-0.2972875494071146,-0.26060185185185186
2022Q3,-0.2518518518518519,00529815,-0.26060185185185186,0.07664603960396035
2022Q4,0.08539603960396036,00529815,0.07664603960396035,0.21587941847206385
2023Q1,0.22462941847206386,00529815,0.21587941847206385,-0.03482076350093107
2023Q2,-0.02607076350093107,00529815,-0.03482076350093107,-0.13398900573613767
2023Q3,-0.12523900573613767,00529815,-0.13398900573613767,0.0284084699453551
2023Q4,0.0371584699453551,00529815,0.0284084699453551,-0.04879214963119068
2024Q1,-0.04004214963119068,00529815,-0.04879214963119068,-0.09546789242590556
2024Q2,-0.08671789242590555,00529815,-0.09546789242590556,-0.13375
2024Q3,-0.125,00529815,-0.13375,-0.1832005494505495
2024Q4,-0.1744505494505495,00529815,-0.1832005494505495,-0.01374168053244592
2025Q1,-0.004991680532445919,00529815,-0.01374168053244592,0.061484113712374534
2025Q2,0.07023411371237454,00529815,0.061484113712374534,0.00843749999999991
2025Q3,0.01718749999999991,00529815,0.00843749999999991,-0.03486367127496156
2025Q4,-0.02611367127496156,00529815,-0.03486367127496156,0.09535094637223976
2026Q1,0.10410094637223977,00529815,0.09535094637223976,-0.06732142857142862
2020Q2,0.5577777777777777,00530185,0.5490277777777777,0.22520149786019975
2020Q3,0.23395149786019975,00530185,0.22520149786019975,0.09298410404624272
2020Q4,0.10173410404624272,00530185,0.09298410404624272,-0.176640870933893
2021Q1,-0.167890870933893,00530185,-0.176640870933893,-0.1108937578814628
2021Q2,-0.1021437578814628,00530185,-0.1108937578814628,-0.1506039325842697
2021Q3,-0.1418539325842697,00530185,-0.1506039325842697,0.112362929623568
2021Q4,0.12111292962356801,00530185,0.112362929623568,-0.14743613138686137
2022Q1,-0.13868613138686137,00530185,-0.14743613138686137,-0.025699152542372837
2022Q2,-0.016949152542372836,00530185,-0.025699152542372837,-0.2484051724137931
2022Q3,-0.23965517241379308,00530185,-0.2484051724137931,-0.09265022675736964
2022Q4,-0.08390022675736963,00530185,-0.09265022675736964,0.07540841584158423
2023Q1,0.08415841584158423,00530185,0.07540841584158423,0.2104280821917808
2023Q2,0.2191780821917808,00530185,0.2104280821917808,-0.2712968164794007
2023Q3,-0.2625468164794007,00530185,-0.2712968164794007,0.2456938801422042
2023Q4,0.2544438801422042,00530185,0.2456938801422042,0.06412449392712552
2024Q1,0.07287449392712553,00530185,0.06412449392712552,0.07426886792452828
2024Q2,0.08301886792452828,00530185,0.07426886792452828,-0.2282621951219512
2024Q3,-0.2195121951219512,00530185,-0.2282621951219512,-0.25785714285714284
2024Q4,-0.24910714285714286,00530185,-0.25785714285714284,0.4864937574316291
2025Q1,0.4952437574316291,00530185,0.4864937574316291,0.5300173956262426
2025Q2,0.5387673956262427,00530185,0.5300173956262426,0.42535852713178307
2025Q3,0.43410852713178305,00530185,0.42535852713178307,-0.16190315315315315
2025Q4,-0.15315315315315314,00530185,-0.16190315315315315,-0.01513297872340421
2026Q1,-0.006382978723404209,00530185,-0.01513297872340421,-0.02052730192719484
2020Q2,-0.02208201892744477,00530556,-0.03083201892744477,0.49125
2020Q3,0.5,00530556,0.49125,-0.051760752688172006
2020Q4,-0.043010752688172005,00530556,-0.051760752688172006,0.6204634831460674
2021Q1,0.6292134831460674,00530556,0.6204634831460674,-0.13633620689655176
2021Q2,-0.12758620689655176,00530556,-0.13633620689655176,0.07030138339920947
2021Q3,0.07905138339920947,00530556,0.07030138339920947,0.005902014652014599
2021Q4,0.0146520146520146,00530556,0.005902014652014599,-0.17842509025270756
2022Q1,-0.16967509025270755,00530556,-0.17842509025270756,-0.45396739130434777
2022Q2,-0.4452173913043478,00530556,-0.45396739130434777,0.27808385579937306
2022Q3,0.28683385579937304,00530556,0.27808385579937306,-0.13177070645554198
2022Q4,-0.12302070645554197,00530556,-0.13177070645554198,0.4606944444444446
2023Q1,0.46944444444444455,00530556,0.4606944444444446,0.1717793005671078
2023Q2,0.1805293005671078,00530556,0.1717793005671078,0.04409227381905526
2023Q3,0.05284227381905526,00530556,0.04409227381905526,0.25284695817490493
2023Q4,0.2615969581749049,00530556,0.25284695817490493,0.5705146172393007
2024Q1,0.5792646172393008,00530556,0.5705146172393007,-0.27478053435114497
2024Q2,-0.266030534351145,00530556,-0.27478053435114497,-0.1787968018720749
2024Q3,-0.17004680187207488,00530556,-0.1787968018720749,-0.39346177944862154
2024Q4,-0.38471177944862156,00530556,-0.39346177944862154,0.3293355397148677
2025Q1,0.33808553971486766,00530556,0.3293355397148677,0.25228500761035005
2025Q2,0.26103500761035003,00530556,0.25228500761035005,0.12281306578153298
2025Q3,0.13156306578153298,00530556,0.12281306578153298,-0.05941666666666664
2025Q4,-0.05066666666666664,00530556,-0.05941666666666664,0.05754213483146068
2026Q1,0.06629213483146068,00530556,0.05754213483146068,0.46648709167544783
2020Q2,0.70625,00531014,0.6975,0.0205540293040292
2020Q3,0.0293040293040292,00531014,0.0205540293040292,0.17808274021352302
2020Q4,0.18683274021352303,00531014,0.17808274021352302,0.3270820839580209
2021Q1,0.3358320839580209,00531014,0.3270820839580209,0.008085016835016869
2021Q2,0.01683501683501687,00531014,0.008085016835016869,-0.12464403973509938
2021Q3,-0.11589403973509937,00531014,-0.12464403973509938,0.2821363920099876
2021Q4,0.29088639200998756,00531014,0.2821363920099876,-0.07257978723404254
2022Q1,-0.06382978723404253,00531014,-0.07257978723404254,-0.402345041322314
2022Q2,-0.39359504132231404,00531014,-0.402345041322314,-0.3239118398637138
2022Q3,-0.3151618398637138,00531014,-0.3239118398637138,0.09324004975124381
2022Q4,0.10199004975124382,00531014,0.09324004975124381,0.42240124153498876
2023Q1,0.43115124153498874,00531014,0.42240124153498876,0.0638052050473186
2023Q2,0.0725552050473186,00531014,0.0638052050473186,0.12507352941176467
2023Q3,0.13382352941176467,00531014,0.12507352941176467,0.04961575875486383
2023Q4,0.05836575875486383,00531014,0.04961575875486383,0.06968137254901954
2024Q1,0.07843137254901955,00531014,0.06968137254901954,0.11965909090909091
2024Q2,0.12840909090909092,00531014,0.11965909090909091,-0.2443995468277946
2024Q3,-0.2356495468277946,00531014,-0.2443995468277946,-0.18398056653491432
2024Q4,-0.1752305665349143,00531014,-0.18398056653491432,0.21009984025559095
2025Q1,0.21884984025559095,00531014,0.21009984025559095,0.016151703800786378
2025Q2,0.02490170380078638,00531014,0.016151703800786378,0.7789737851662404
2025Q3,0.7877237851662404,00531014,0.7789737851662404,0.06421137339055785
2025Q4,0.07296137339055786,00531014,0.06421137339055785,0.46725
2026Q1,0.476,00531014,0.46725,0.16288504968383014
2020Q2,0.6120129870129871,00535676,0.6032629870129871,0.0874791596732685
2020Q3,0.0962291596732685,00535676,0.0874791596732685,0.21356295294477892
2020Q4,0.22231295294477893,00535676,0.21356295294477892,-0.1271633611691023
2021Q1,-0.11841336116910228,00535676,-0.1271633611691023,0.2646231173628873
2021Q2,0.2733731173628873,00535676,0.2646231173628873,-0.21592101837387487
2021Q3,-0.20717101837387486,00535676,-0.21592101837387487,0.06490359354475508
2021Q4,0.07365359354475509,00535676,0.06490359354475508,-0.0994604780214979
2022Q1,-0.0907104780214979,00535676,-0.0994604780214979,-0.2812151609802979
2022Q2,-0.27246516098029794,00535676,-0.2812151609802979,-0.28351882430647285
2022Q3,-0.27476882430647287,00535676,-0.28351882430647285,0.01857240437158473
2022Q4,0.02732240437158473,00535676,0.01857240437158473,0.34940602836879436
2023Q1,0.35815602836879434,00535676,0.34940602836879436,0.0800228459530026
2023Q2,0.08877284595300261,00535676,0.0800228459530026,-0.20059652278177462
2023Q3,-0.1918465227817746,00535676,-0.20059652278177462,0.690063056379822
2023Q4,0.698813056379822,00535676,0.690063056379822,2.013084061135371
2024Q1,2.021834061135371,00535676,2.013084061135371,0.8351806358381502
2024Q2,0.8439306358381502,00535676,0.8351806358381502,-0.4248942006269592
2024Q3,-0.4161442006269592,00535676,-0.4248942006269592,0.023464765100671227
2024Q4,0.03221476510067123,00535676,0.023464765100671227,-0.1921050065019506
2025Q1,-0.18335500650195058,00535676,-0.1921050065019506,0.05335191082802541
2025Q2,0.06210191082802541,00535676,0.05335191082802541,0.7543684407796101
2025Q3,0.7631184407796101,00535676,0.7543684407796101,-0.2298384353741497
2025Q4,-0.22108843537414968,00535676,-0.2298384353741497,-0.01966703056768556
2026Q1,-0.01091703056768556,00535676,-0.01966703056768556,0.12370033112582782
2020Q2,0.041095890410958846,00536286,0.032345890410958845,0.03319078947368429
2020Q3,0.04194078947368429,00536286,0.03319078947368429,0.15068172849250197
2020Q4,0.15943172849250198,00536286,0.15068172849250197,0.544687712729748
2021Q1,0.5534377127297481,00536286,0.544687712729748,-0.14371932515337424
2021Q2,-0.13496932515337423,00536286,-0.14371932515337424,-0.17896276595744684
2021Q3,-0.17021276595744683,00536286,-0.17896276595744684,0.010786019536019466
2021Q4,0.019536019536019467,00536286,0.010786019536019466,-0.15306137724550903
2022Q1,-0.14431137724550902,00536286,-0.15306137724550903,-0.23548198040587828
2022Q2,-0.22673198040587828,00536286,-0.23548198040587828,-0.07300339366515837
2022Q3,-0.06425339366515836,00536286,-0.07300339366515837,-0.09675773694390719
2022Q4,-0.08800773694390718,00536286,-0.09675773694390719,0.45890641569459173
2023Q1,0.4676564156945917,00536286,0.45890641569459173,-0.04559971098265899
2023Q2,-0.03684971098265899,00536286,-0.04559971098265899,-0.09952269317329329
2023Q3,-0.09077269317329328,00536286,-0.09952269317329329,0.03415429042904287
2023Q4,0.04290429042904287,00536286,0.03415429042904287,-0.02773734177215189
2024Q1,-0.01898734177215189,00536286,-0.02773734177215189,0.3251209677419356
2024Q2,0.3338709677419356,00536286,0.3251209677419356,-0.16231711003627566
2024Q3,-0.15356711003627566,00536286,-0.16231711003627566,-0.5687500000000001
2024Q4,-0.56,00536286,-0.5687500000000001,-0.12563311688311693
2025Q1,-0.11688311688311692,00536286,-0.12563311688311693,-0.09514705882352945
2025Q2,-0.08639705882352944,00536286,-0.09514705882352945,0.08984154929577473
2025Q3,0.09859154929577474,00536286,0.08984154929577473,-0.06369505494505498
2025Q4,-0.05494505494505497,00536286,-0.06369505494505498,-0.2529360465116279
2026Q1,-0.2441860465116279,00536286,-0.2529360465116279,0.18355769230769228
2020Q2,-0.016245487364620947,00536888,-0.02499548736462095,0.04446100917431187
2020Q3,0.053211009174311874,00536888,0.04446100917431187,0.17766114982578388
2020Q4,0.18641114982578388,00536888,0.17766114982578388,-0.1159453010279001
2021Q1,-0.10719530102790009,00536888,-0.1159453010279001,0.15901315789473694
2021Q2,0.16776315789473695,00536888,0.15901315789473694,0.1363204225352113
2021Q3,0.1450704225352113,00536888,0.1363204225352113,0.11056119311193105
2021Q4,0.11931119311193106,00536888,0.11056119311193105,-0.11754120879120875
2022Q1,-0.10879120879120874,00536888,-0.11754120879120875,-0.10122842170160293
2022Q2,-0.09247842170160292,00536888,-0.10122842170160293,0.09179347826086962
2022Q3,0.10054347826086962,00536888,0.09179347826086962,0.16038580246913584
2022Q4,0.16913580246913584,00536888,0.16038580246913584,1.312263727560718
2023Q1,1.321013727560718,00536888,1.312263727560718,-0.2262204276615105
2023Q2,-0.21747042766151048,00536888,-0.2262204276615105,0.10752906976744184
2023Q3,0.11627906976744184,00536888,0.10752906976744184,-0.08791666666666673
2023Q4,-0.07916666666666672,00536888,-0.08791666666666673,-0.06304864253393669
2024Q1,-0.05429864253393668,00536888,-0.06304864253393669,-0.15707535885167465
2024Q2,-0.14832535885167464,00536888,-0.15707535885167465,-0.2615589887640449
2024Q3,-0.2528089887640449,00536888,-0.2615589887640449,-0.18544172932330824
2024Q4,-0.17669172932330823,00536888,-0.18544172932330824,-0.17427511415525118
2025Q1,-0.16552511415525117,00536888,-0.17427511415525118,0.14036080711354318
2025Q2,0.1491108071135432,00536888,0.14036080711354318,-0.03136904761904765
2025Q3,-0.02261904761904765,00536888,-0.03136904761904765,-0.08061358099878199
2025Q4,-0.07186358099878198,00536888,-0.08061358099878199,0.23140748031496064
2026Q1,0.24015748031496065,00536888,0.23140748031496064,-0.09869708994709
2020Q2,0.051724137931034475,00540447,0.042974137931034474,1.0691188524590163
2020Q3,1.0778688524590163,00540447,1.0691188524590163,0.06422830374753444
2020Q4,0.07297830374753445,00540447,0.06422830374753444,-0.19625
2021Q1,-0.1875,00540447,-0.19625,0.01613687782805421
2021Q2,0.02488687782805421,00540447,0.01613687782805421,0.08838024282560711
2021Q3,0.09713024282560712,00540447,0.08838024282560711,0.18440895372233393
2021Q4,0.19315895372233394,00540447,0.18440895372233393,-0.08632166947723438
2022Q1,-0.07757166947723437,00540447,-0.08632166947723438,-0.365239945155393
2022Q2,-0.356489945155393,00540447,-0.365239945155393,-0.21613636363636365
2022Q3,-0.20738636363636365,00540447,-0.21613636363636365,-0.25606182795698923
2022Q4,-0.24731182795698925,00540447,-0.25606182795698923,0.3322023809523809
2023Q1,0.3409523809523809,00540447,0.3322023809523809,0.05659090909090917
2023Q2,0.06534090909090917,00540447,0.05659090909090917,-0.21141666666666667
2023Q3,-0.20266666666666666,00540447,-0.21141666666666667,0.11081521739130443
2023Q4,0.11956521739130443,00540447,0.11081521739130443,0.23546209858103054
2024Q1,0.24421209858103055,00540447,0.23546209858103054,-0.13239945978391363
2024Q2,-0.12364945978391362,00540447,-0.13239945978391363,-0.36765410958904104
2024Q3,-0.35890410958904106,00540447,-0.36765410958904104,-0.06964743589743591
2024Q4,-0.0608974358974359,00540447,-0.06964743589743591,0.2540486348122866
2025Q1,0.2627986348122866,00540447,0.2540486348122866,-0.01775900900900903
2025Q2,-0.009009009009009028,00540447,-0.01775900900900903,0.9412499999999999
2025Q3,0.95,00540447,0.9412499999999999,-0.37564976689976687
2025Q4,-0.3668997668997669,00540447,-0.37564976689976687,0.1525165684830634
2026Q1,0.16126656848306342,00540447,0.1525165684830634,0.03944277108433728
2020Q2,0.6068565580760703,00540863,0.5981065580760703,-0.10980084385946295
2020Q3,-0.10105084385946295,00540863,-0.10980084385946295,0.008961654268508736
2020Q4,0.017711654268508736,00540863,0.008961654268508736,0.2587984394941408
2021Q1,0.26754843949414076,00540863,0.2587984394941408,0.2503804347826087
2021Q2,0.25913043478260867,00540863,0.2503804347826087,-0.0761387758069206
2021Q3,-0.0673887758069206,00540863,-0.0761387758069206,0.4619803764907631
2021Q4,0.4707303764907631,00540863,0.4619803764907631,-0.16414537841848628
2022Q1,-0.15539537841848627,00540863,-0.16414537841848628,-0.3247640562248996
2022Q2,-0.31601405622489964,00540863,-0.3247640562248996,-0.15361238532110097
2022Q3,-0.14486238532110096,00540863,-0.15361238532110097,0.04499959768265208
2022Q4,0.053749597682652084,00540863,0.04499959768265208,0.4275155263693749
2023Q1,0.4362655263693749,00540863,0.4275155263693749,-0.0016613206209683193
2023Q2,0.0070886793790316815,00540863,-0.0016613206209683193,-0.21512713803054836
2023Q3,-0.20637713803054836,00540863,-0.21512713803054836,0.21572893569844778
2023Q4,0.2244789356984478,00540863,0.21572893569844778,0.7063738591916557
2024Q1,0.7151238591916558,00540863,0.7063738591916557,-0.12611137505806833
2024Q2,-0.11736137505806832,00540863,-0.12611137505806833,-0.2054007177033493
2024Q3,-0.1966507177033493,00540863,-0.2054007177033493,-0.011727963073257928
2024Q4,-0.0029779630732579276,00540863,-0.011727963073257928,0.07010304659498215
2025Q1,0.07885304659498216,00540863,0.07010304659498215,0.06655454042081946
2025Q2,0.07530454042081947,00540863,0.06655454042081946,0.18589469618949542
2025Q3,0.19464469618949543,00540863,0.18589469618949542,0.23478448275862077
2025Q4,0.24353448275862077,00540863,0.23478448275862077,-0.1491312824956673
2026Q1,-0.14038128249566728,00540863,-0.1491312824956673,1.204959677419355
2020Q2,0.5993788819875776,00543107,0.5906288819875776,3.0446480582524273
2020Q3,3.0533980582524274,00543107,3.0446480582524273,0.5661002994011977
2020Q4,0.5748502994011977,00543107,0.5661002994011977,1.2460028517110264
2021Q1,1.2547528517110265,00543107,1.2460028517110264,-0.32746838111298476
2021Q2,-0.3187183811129848,00543107,-0.32746838111298476,0.26105198019801984
2021Q3,0.2698019801980198,00543107,0.26105198019801984,0.041932261208577105
2021Q4,0.050682261208577106,00543107,0.041932261208577105,-0.2221080705009277
2022Q1,-0.2133580705009277,00543107,-0.2221080705009277,0.0006839622641510515
2022Q2,0.009433962264151052,00543107,0.0006839622641510515,-0.1769742990654206
2022Q3,-0.16822429906542058,00543107,-0.1769742990654206,0.024957865168539407
2022Q4,0.03370786516853941,00543107,0.024957865168539407,0.04179347826086958
2023Q1,0.05054347826086958,00543107,0.04179347826086958,-0.20430095706156234
2023Q2,-0.19555095706156234,00543107,-0.20430095706156234,-0.7129300643086818
2023Q3,-0.7041800643086817,00543107,-0.7129300643086818,0.9477717391304348
2023Q4,0.9565217391304348,00543107,0.9477717391304348,-0.006527777777777875
2024Q1,0.0022222222222221255,00543107,-0.006527777777777875,-0.19832871396895788
2024Q2,-0.18957871396895787,00543107,-0.19832871396895788,-0.15238885088919293
2024Q3,-0.14363885088919293,00543107,-0.15238885088919293,-0.301082268370607
2024Q4,-0.292332268370607,00543107,-0.301082268370607,0.13346218961625292
2025Q1,0.14221218961625293,00543107,0.13346218961625292,0.26595355731225295
2025Q2,0.27470355731225293,00543107,0.26595355731225295,0.5369864341085271
2025Q3,0.5457364341085271,00543107,0.5369864341085271,0.024349297893681045
2025Q4,0.033099297893681046,00543107,0.024349297893681045,0.8329975728155339
2026Q1,0.8417475728155339,00543107,0.8329975728155339,-0.03985173958882445
2020Q2,1.0733532934131738,00544577,1.0646032934131737,-0.16759476534296033
2020Q3,-0.15884476534296033,00544577,-0.16759476534296033,0.6994045064377683
2020Q4,0.7081545064377683,00544577,0.6994045064377683,0.18471733668341697
2021Q1,0.19346733668341698,00544577,0.18471733668341697,0.06493421052631579
2021Q2,0.0736842105263158,00544577,0.06493421052631579,-0.31855392156862744
2021Q3,-0.30980392156862746,00544577,-0.31855392156862744,0.24977272727272729
2021Q4,0.2585227272727273,00544577,0.24977272727272729,0.04994074492099324
2022Q1,0.05869074492099324,00544577,0.04994074492099324,-0.3093896588486141
2022Q2,-0.3006396588486141,00544577,-0.3093896588486141,-0.2282621951219512
2022Q3,-0.2195121951219512,00544577,-0.2282621951219512,-0.180625
2022Q4,-0.171875,00544577,-0.180625,0.1346462264150943
2023Q1,0.1433962264150943,00544577,0.1346462264150943,0.514352310231023
2023Q2,0.523102310231023,00544577,0.514352310231023,-0.1263014626218852
2023Q3,-0.1175514626218852,00544577,-0.1263014626218852,-0.14318830570902394
2023Q4,-0.13443830570902393,00544577,-0.14318830570902394,0.05933510638297882
2024Q1,0.06808510638297882,00544577,0.05933510638297882,0.07557934926958823
2024Q2,0.08432934926958824,00544577,0.07557934926958823,-0.4453697183098591
2024Q3,-0.43661971830985913,00544577,-0.4453697183098591,-0.2620108695652174
2024Q4,-0.25326086956521743,00544577,-0.2620108695652174,0.6229821688500727
2025Q1,0.6317321688500728,00544577,0.6229821688500727,0.11881467439785912
2025Q2,0.12756467439785912,00544577,0.11881467439785912,0.375743670886076
2025Q3,0.384493670886076,00544577,0.375743670886076,0.7169642857142857
2025Q4,0.7257142857142858,00544577,0.7169642857142857,0.2743625827814569
2026Q1,0.2831125827814569,00544577,0.2743625827814569,0.5706048387096774
2020Q2,0.1018284310182842,00563545,0.0930784310182842,0.4834446740128558
2020Q3,0.49219467401285577,00563545,0.4834446740128558,0.2264148351648352
2020Q4,0.23516483516483522,00563545,0.2264148351648352,-0.16800266903914593
2021Q1,-0.15925266903914592,00563545,-0.16800266903914593,-0.03414682539682542
2021Q2,-0.025396825396825418,00563545,-0.03414682539682542,-0.039151737242128136
2021Q3,-0.030401737242128135,00563545,-0.039151737242128136,0.10995100783874581
2021Q4,0.11870100783874582,00563545,0.10995100783874581,-0.1548961461461462
2022Q1,-0.14614614614614618,00563545,-0.1548961461461462,-0.29831623681125435
2022Q2,-0.2895662368112544,00563545,-0.29831623681125435,-0.33383250825082506
2022Q3,-0.3250825082508251,00563545,-0.33383250825082506,0.3359932762836187
2022Q4,0.34474327628361867,00563545,0.3359932762836187,0.4276136363636363
2023Q1,0.4363636363636363,00563545,0.4276136363636363,0.04188291139240511
2023Q2,0.05063291139240511,00563545,0.04188291139240511,0.05390060240963849
2023Q3,0.06265060240963849,00563545,0.05390060240963849,0.3200481859410432
2023Q4,0.32879818594104315,00563545,0.3200481859410432,-0.15209470989761095
2024Q1,-0.14334470989761094,00563545,-0.15209470989761095,-0.2627340637450199
2024Q2,-0.2539840637450199,00563545,-0.2627340637450199,-0.1769742990654206
2024Q3,-0.16822429906542058,00563545,-0.1769742990654206,-0.2061817817014446
2024Q4,-0.1974317817014446,00563545,-0.2061817817014446,-0.00875
2025Q1,0.0,00563545,-0.00875,0.03925000000000004
2025Q2,0.04800000000000004,00563545,0.03925000000000004,0.5122423664122138
2025Q3,0.5209923664122138,00563545,0.5122423664122138,0.32625627352572156
2025Q4,0.33500627352572154,00563545,0.32625627352572156,0.8953853383458645
2026Q1,0.9041353383458646,00563545,0.8953853383458645,0.5104997532082922
2020Q2,0.2613065326633166,00568188,0.2525565326633166,0.25021414342629483
2020Q3,0.2589641434262948,00568188,0.25021414342629483,0.29293776371308017
2020Q4,0.30168776371308015,00568188,0.29293776371308017,-0.07357982171799024
2021Q1,-0.06482982171799023,00568188,-0.07357982171799024,0.3413366551126516
2021Q2,0.3500866551126516,00568188,0.3413366551126516,0.02719351732991008
2021Q3,0.03594351732991008,00568188,0.02719351732991008,0.7384618959107807
2021Q4,0.7472118959107807,00568188,0.7384618959107807,-0.2037854609929078
2022Q1,-0.1950354609929078,00568188,-0.2037854609929078,-0.4633755506607929
2022Q2,-0.4546255506607929,00568188,-0.4633755506607929,-0.22442043618739901
2022Q3,-0.215670436187399,00568188,-0.22442043618739901,0.06437049433573641
2022Q4,0.07312049433573642,00568188,0.06437049433573641,0.5171617082533588
2023Q1,0.5259117082533589,00568188,0.5171617082533588,0.023954402515723262
2023Q2,0.03270440251572326,00568188,0.023954402515723262,0.055805420219244874
2023Q3,0.06455542021924487,00568188,0.055805420219244874,0.5896481693363844
2023Q4,0.5983981693363845,00568188,0.5896481693363844,-0.3129733357193987
2024Q1,-0.30422333571939875,00568188,-0.3129733357193987,-0.15484053497942382
2024Q2,-0.14609053497942381,00568188,-0.15484053497942382,-0.3015210843373494
2024Q3,-0.29277108433734944,00568188,-0.3015210843373494,-0.13651831345826235
2024Q4,-0.12776831345826234,00568188,-0.13651831345826235,0.83109375
2025Q1,0.83984375,00568188,0.83109375,1.2895514861995752
2025Q2,1.2983014861995752,00568188,1.2895514861995752,0.058224595842956174
2025Q3,0.06697459584295617,00568188,0.058224595842956174,-0.2780140692640693
2025Q4,-0.2692640692640693,00568188,-0.2780140692640693,0.5907760663507109
2026Q1,0.5995260663507109,00568188,0.5907760663507109,0.22643518518518516
2020Q2,0.8114143920595533,00569691,0.8026643920595533,-0.029297945205479424
2020Q3,-0.020547945205479423,00569691,-0.029297945205479424,0.4737674825174825
2020Q4,0.4825174825174825,00569691,0.4737674825174825,0.03841981132075482
2021Q1,0.04716981132075482,00569691,0.03841981132075482,0.13314189189189188
2021Q2,0.14189189189189189,00569691,0.13314189189189188,-0.13103796844181456
2021Q3,-0.12228796844181455,00569691,-0.13103796844181456,0.01821629213483148
2021Q4,0.026966292134831482,00569691,0.01821629213483148,-0.1028419037199125
2022Q1,-0.0940919037199125,00569691,-0.1028419037199125,-0.3372524154589372
2022Q2,-0.3285024154589372,00569691,-0.3372524154589372,-0.15263489208633094
2022Q3,-0.14388489208633093,00569691,-0.15263489208633094,0.10049369747899164
2022Q4,0.10924369747899165,00569691,0.10049369747899164,0.28291666666666676
2023Q1,0.29166666666666674,00569691,0.28291666666666676,0.06573680351906155
2023Q2,0.07448680351906156,00569691,0.06573680351906155,-0.0687936681222707
2023Q3,-0.06004366812227069,00569691,-0.0687936681222707,0.38207462253193963
2023Q4,0.3908246225319396,00569691,0.38207462253193963,-0.025451461377870542
2024Q1,-0.01670146137787054,00569691,-0.025451461377870542,-0.22743365180467087
2024Q2,-0.21868365180467086,00569691,-0.22743365180467087,-0.36146739130434785
2024Q3,-0.35271739130434787,00569691,-0.36146739130434785,-0.26819584382871536
2024Q4,-0.2594458438287154,00569691,-0.26819584382871536,0.09102324263038544
2025Q1,0.09977324263038545,00569691,0.09102324263038544,0.21805412371134028
2025Q2,0.2268041237113403,00569691,0.21805412371134028,0.23158613445378154
2025Q3,0.24033613445378155,00569691,0.23158613445378154,0.049515582655826486
2025Q4,0.05826558265582649,00569691,0.049515582655826486,0.17434859154929574
2026Q1,0.18309859154929575,00569691,0.17434859154929574,0.06051406926406936
2020Q2,0.7849462365591398,00572905,0.7761962365591397,0.11173192771084331
2020Q3,0.12048192771084332,00572905,0.11173192771084331,0.4428629032258065
2020Q4,0.4516129032258065,00572905,0.4428629032258065,-0.20319444444444443
2021Q1,-0.19444444444444442,00572905,-0.20319444444444443,0.10849137931034483
2021Q2,0.11724137931034484,00572905,0.10849137931034483,-0.05401748971193417
2021Q3,-0.04526748971193417,00572905,-0.05401748971193417,0.5149568965517242
2021Q4,0.5237068965517242,00572905,0.5149568965517242,-0.16716584158415845
2022Q1,-0.15841584158415845,00572905,-0.16716584158415845,0.039989495798319376
2022Q2,0.04873949579831938,00572905,0.039989495798319376,0.02330128205128216
2022Q3,0.03205128205128216,00572905,0.02330128205128216,-0.03514751552795033
2022Q4,-0.026397515527950333,00572905,-0.03514751552795033,0.2671670653907497
2023Q1,0.27591706539074967,00572905,0.2671670653907497,0.3712499999999999
2023Q2,0.3799999999999999,00572905,0.3712499999999999,0.4187862318840579
2023Q3,0.42753623188405787,00572905,0.4187862318840579,0.010285532994923886
2023Q4,0.019035532994923887,00572905,0.010285532994923886,0.2116734122042341
2024Q1,0.22042341220423411,00572905,0.2116734122042341,-0.34038265306122445
2024Q2,-0.33163265306122447,00572905,-0.34038265306122445,-0.12478053435114508
2024Q3,-0.11603053435114508,00572905,-0.12478053435114508,0.23650043177892924
2024Q4,0.24525043177892925,00572905,0.23650043177892924,-0.2903033980582524
2025Q1,-0.2815533980582524,00572905,-0.2903033980582524,0.14569015444015435
2025Q2,0.15444015444015435,00572905,0.14569015444015435,0.2922533444816054
2025Q3,0.3010033444816054,00572905,0.2922533444816054,0.4192705655526992
2025Q4,0.4280205655526992,00572905,0.4192705655526992,1.088459720972097
2026Q1,1.097209720972097,00572905,1.088459720972097,-0.0945869098712446
2020Q2,0.20172910662824206,00579971,0.19297910662824205,0.44208932853717037
2020Q3,0.45083932853717035,00579971,0.44208932853717037,-0.000485537190082673
2020Q4,0.008264462809917328,00579971,-0.000485537190082673,0.2945286885245902
2021Q1,0.30327868852459017,00579971,0.2945286885245902,-0.04963050314465408
2021Q2,-0.04088050314465408,00579971,-0.04963050314465408,-0.057930327868852514
2021Q3,-0.049180327868852514,00579971,-0.057930327868852514,0.6257327586206896
2021Q4,0.6344827586206896,00579971,0.6257327586206896,-0.053053797468354445
2022Q1,-0.044303797468354444,00579971,-0.053053797468354445,-0.3575358719646799
2022Q2,-0.3487858719646799,00579971,-0.3575358719646799,-0.052817796610169464
2022Q3,-0.04406779661016946,00579971,-0.052817796610169464,-0.00875
2022Q4,0.0,00579971,-0.00875,0.6472783687943262
2023Q1,0.6560283687943262,00579971,0.6472783687943262,0.3381450749464668
2023Q2,0.34689507494646676,00579971,0.3381450749464668,0.1597714626391096
2023Q3,0.1685214626391096,00579971,0.1597714626391096,0.7245833333333334
2023Q4,0.7333333333333334,00579971,0.7245833333333334,-0.14532770800627945
2024Q1,-0.13657770800627944,00579971,-0.14532770800627945,-0.29165909090909087
2024Q2,-0.2829090909090909,00579971,-0.29165909090909087,-0.24505831643002027
2024Q3,-0.23630831643002026,00579971,-0.24505831643002027,0.035074701195219084
2024Q4,0.043824701195219085,00579971,0.035074701195219084,0.012242366412213802
2025Q1,0.020992366412213803,00579971,0.012242366412213802,0.044832554517134006
2025Q2,0.05358255451713401,00579971,0.044832554517134006,-0.06256431105854529
2025Q3,-0.05381431105854528,00579971,-0.06256431105854529,0.11937500000000004
2025Q4,0.12812500000000004,00579971,0.11937500000000004,-0.16442867036011086
2026Q1,-0.15567867036011085,00579971,-0.16442867036011086,0.03455708661417315
2020Q2,0.5726351351351351,00580065,0.563885135135135,0.5809385069817401
2020Q3,0.5896885069817401,00580065,0.5809385069817401,0.18043918918918925
2020Q4,0.18918918918918926,00580065,0.18043918918918925,0.40318181818181814
2021Q1,0.4119318181818181,00580065,0.40318181818181814,-0.01076207243460766
2021Q2,-0.002012072434607659,00580065,-0.01076207243460766,-0.11963709677419351
2021Q3,-0.1108870967741935,00580065,-0.11963709677419351,0.2905697278911566
2021Q4,0.2993197278911566,00580065,0.2905697278911566,-0.1309140488656196
2022Q1,-0.1221640488656196,00580065,-0.1309140488656196,-0.3009965208747514
2022Q2,-0.29224652087475145,00580065,-0.3009965208747514,-0.10987359550561801
2022Q3,-0.101123595505618,00580065,-0.10987359550561801,0.15375000000000008
2022Q4,0.1625000000000001,00580065,0.15375000000000008,0.198239247311828
2023Q1,0.206989247311828,00580065,0.198239247311828,0.17387806236080186
2023Q2,0.18262806236080187,00580065,0.17387806236080186,0.021381826741996325
2023Q3,0.030131826741996326,00580065,0.021381826741996325,-0.07273537477148082
2023Q4,-0.06398537477148081,00580065,-0.07273537477148082,-0.041953125
2024Q1,-0.033203125,00580065,-0.041953125,-0.08551767676767683
2024Q2,-0.07676767676767682,00580065,-0.08551767676767683,-0.13960339168490152
2024Q3,-0.1308533916849015,00580065,-0.13960339168490152,-0.1557792044310171
2024Q4,-0.14702920443101708,00580065,-0.1557792044310171,0.044378689492325964
2025Q1,0.053128689492325964,00580065,0.044378689492325964,0.20481502242152463
2025Q2,0.21356502242152464,00580065,0.20481502242152463,0.058224595842956174
2025Q3,0.06697459584295617,00580065,0.058224595842956174,-0.07584956709956711
2025Q4,-0.0670995670995671,00580065,-0.07584956709956711,0.3578393271461718
2026Q1,0.36658932714617176,00580065,0.3578393271461718,-0.1208043293718166
2020Q2,0.2529313232830821,00589127,0.2441813232830821,0.5955280748663101
2020Q3,0.6042780748663101,00589127,0.5955280748663101,1.2662499999999999
2020Q4,1.275,00589127,1.2662499999999999,-0.2168086080586081
2021Q1,-0.2080586080586081,00589127,-0.2168086080586081,0.16146276595744682
2021Q2,0.17021276595744683,00589127,0.16146276595744682,-0.08226778656126485
2021Q3,-0.07351778656126484,00589127,-0.08226778656126485,0.46351962457337886
2021Q4,0.47226962457337884,00589127,0.46351962457337886,-0.18145356418429445
2022Q1,-0.17270356418429444,00589127,-0.18145356418429445,-0.17162215411558665
2022Q2,-0.16287215411558664,00589127,-0.17162215411558665,-0.12130230125523009
2022Q3,-0.11255230125523008,00589127,-0.12130230125523009,-0.1516071428571429
2022Q4,-0.1428571428571429,00589127,-0.1516071428571429,0.41369224422442247
2023Q1,0.42244224422442245,00589127,0.41369224422442247,-0.23148781902552204
2023Q2,-0.22273781902552203,00589127,-0.23148781902552204,-0.3022823383084577
2023Q3,-0.2935323383084577,00589127,-0.3022823383084577,0.0877288732394366
2023Q4,0.0964788732394366,00589127,0.0877288732394366,-0.09481294155427109
2024Q1,-0.08606294155427108,00589127,-0.09481294155427109,-0.0719966619817288
2024Q2,-0.06324666198172879,00589127,-0.0719966619817288,-0.2608130157539385
2024Q3,-0.2520630157539385,00589127,-0.2608130157539385,-0.22640295887662995
2024Q4,-0.21765295887662994,00589127,-0.22640295887662995,-0.0908012820512821
2025Q1,-0.08205128205128209,00589127,-0.0908012820512821,0.09879189944134084
2025Q2,0.10754189944134085,00589127,0.09879189944134084,0.008904476670870166
2025Q3,0.017654476670870167,00589127,0.008904476670870166,-0.146296468401487
2025Q4,-0.137546468401487,00589127,-0.146296468401487,1.3116522988505745
2026Q1,1.3204022988505746,00589127,1.3116522988505745,-0.3709791021671826
2020Q2,0.26595744680851063,00591441,0.25720744680851065,0.25175420168067225
2020Q3,0.26050420168067223,00591441,0.25175420168067225,0.6769642857142857
2020Q4,0.6857142857142857,00591441,0.6769642857142857,-0.26863700564971754
2021Q1,-0.25988700564971756,00591441,-0.26863700564971754,0.16682251908396942
2021Q2,0.17557251908396942,00591441,0.16682251908396942,-0.24251623376623374
2021Q3,-0.23376623376623373,00591441,-0.24251623376623374,0.19887711864406768
2021Q4,0.2076271186440677,00591441,0.19887711864406768,-0.11401315789473684
2022Q1,-0.10526315789473684,00591441,-0.11401315789473684,-0.19698529411764706
2022Q2,-0.18823529411764706,00591441,-0.19698529411764706,-0.05609299516908214
2022Q3,-0.047342995169082136,00591441,-0.05609299516908214,-0.18724898580121704
2022Q4,-0.17849898580121704,00591441,-0.18724898580121704,0.43075617283950624
2023Q1,0.4395061728395062,00591441,0.43075617283950624,-0.08850986277873071
2023Q2,-0.0797598627787307,00591441,-0.08850986277873071,-0.2296260484622554
2023Q3,-0.2208760484622554,00591441,-0.2296260484622554,0.6431638755980862
2023Q4,0.6519138755980862,00591441,0.6431638755980862,0.1476583997103549
2024Q1,0.15640839971035492,00591441,0.1476583997103549,-0.016264088916718898
2024Q2,-0.007514088916718897,00591441,-0.016264088916718898,-0.307172712933754
2024Q3,-0.298422712933754,00591441,-0.307172712933754,-0.32799460431654676
2024Q4,-0.3192446043165468,00591441,-0.32799460431654676,0.31225396301188907
2025Q1,0.32100396301188905,00591441,0.31225396301188907,0.18025000000000005
2025Q2,0.18900000000000006,00591441,0.18025000000000005,0.0005014718250631392
2025Q3,0.00925147182506314,00591441,0.0005014718250631392,-0.0012499999999999387
2025Q4,0.007500000000000062,00591441,-0.0012499999999999387,-0.16259615384615386
2026Q1,-0.15384615384615385,00591441,-0.16259615384615386,0.16231549364613887
2020Q2,0.10032362459546929,00596677,0.09157362459546928,0.33536764705882366
2020Q3,0.34411764705882364,00596677,0.33536764705882366,0.08753008752735239
2020Q4,0.0962800875273524,00596677,0.08753008752735239,0.06510229540918158
2021Q1,0.07385229540918159,00596677,0.06510229540918158,0.33511617100371743
2021Q2,0.3438661710037174,00596677,0.33511617100371743,-0.06822441217150763
2021Q3,-0.05947441217150762,00596677,-0.06822441217150763,0.1721323529411765
2021Q4,0.1808823529411765,00596677,0.1721323529411765,0.48564601494396015
2022Q1,0.4943960149439601,00596677,0.48564601494396015,-0.35874999999999996
2022Q2,-0.35,00596677,-0.35874999999999996,-0.21387820512820518
2022Q3,-0.20512820512820518,00596677,-0.21387820512820518,0.2654435483870968
2022Q4,0.27419354838709675,00596677,0.2654435483870968,0.38365506329113935
2023Q1,0.39240506329113933,00596677,0.38365506329113935,0.27397727272727274
2023Q2,0.2827272727272727,00596677,0.27397727272727274,-0.3071199503897945
2023Q3,-0.2983699503897945,00596677,-0.3071199503897945,0.25387626262626256
2023Q4,0.26262626262626254,00596677,0.25387626262626256,0.11844999999999997
2024Q1,0.12719999999999998,00596677,0.11844999999999997,-0.26283090844570617
2024Q2,-0.2540809084457062,00596677,-0.26283090844570617,-0.1134122264509991
2024Q3,-0.1046622264509991,00596677,-0.1134122264509991,-0.1341485122210415
2024Q4,-0.12539851222104148,00596677,-0.1341485122210415,0.10911148238153093
2025Q1,0.11786148238153094,00596677,0.10911148238153093,0.7119021739130433
2025Q2,0.7206521739130434,00596677,0.7119021739130433,0.37154058749210367
2025Q3,0.38029058749210365,00596677,0.37154058749210367,-0.004173340961098414
2025Q4,0.004576659038901587,00596677,-0.004173340961098414,0.014029043280182209
2026Q1,0.02277904328018221,00596677,0.014029043280182209,0.017976057906458766
2020Q2,0.35763888888888884,00599285,0.34888888888888886,0.7201502557544757
2020Q3,0.7289002557544757,00599285,0.7201502557544757,-0.07679733727810653
2020Q4,-0.06804733727810652,00599285,-0.07679733727810653,0.6388690476190475
2021Q1,0.6476190476190475,00599285,0.6388690476190475,0.07410163776493264
2021Q2,0.08285163776493265,00599285,0.07410163776493264,-0.253411921708185
2021Q3,-0.24466192170818502,00599285,-0.253411921708185,0.02305212014134276
2021Q4,0.03180212014134276,00599285,0.02305212014134276,0.0734417808219179
2022Q1,0.08219178082191791,00599285,0.0734417808219179,-0.26085970464135017
2022Q2,-0.2521097046413502,00599285,-0.26085970464135017,-0.29224788434414667
2022Q3,-0.2834978843441467,00599285,-0.29224788434414667,0.3652657480314961
2022Q4,0.37401574803149606,00599285,0.3652657480314961,0.3150322349570201
2023Q1,0.3237822349570201,00599285,0.3150322349570201,-0.07801406926406926
2023Q2,-0.06926406926406925,00599285,-0.07801406926406926,-0.25758720930232554
2023Q3,-0.24883720930232556,00599285,-0.25758720930232554,0.11973297213622283
2023Q4,0.12848297213622284,00599285,0.11973297213622283,0.000852194787379891
2024Q1,0.009602194787379892,00599285,0.000852194787379891,-0.09434782608695655
2024Q2,-0.08559782608695654,00599285,-0.09434782608695655,-0.13059249628528977
2024Q3,-0.12184249628528976,00599285,-0.13059249628528977,-0.14411379018612522
2024Q4,-0.1353637901861252,00599285,-0.14411379018612522,-0.055716731898238746
2025Q1,-0.046966731898238745,00599285,-0.055716731898238746,0.007677104722792628
2025Q2,0.01642710472279263,00599285,0.007677104722792628,-0.010770202020202034
2025Q3,-0.002020202020202033,00599285,-0.010770202020202034,-0.1342560728744939
2025Q4,-0.1255060728744939,00599285,-0.1342560728744939,-0.13375
2026Q1,-0.125,00599285,-0.13375,0.13410714285714279
2020Q2,-0.086758851875131,00605124,-0.095508851875131,0.09320232742205595
2020Q3,0.10195232742205595,00605124,0.09320232742205595,-0.03310825370058087
2020Q4,-0.024358253700580867,00605124,-0.03310825370058087,-0.05455372575379299
2021Q1,-0.04580372575379299,00605124,-0.05455372575379299,-0.08535483266803087
2021Q2,-0.07660483266803086,00605124,-0.08535483266803087,-0.07072476447652029
2021Q3,-0.06197476447652028,00605124,-0.07072476447652029,-0.2066225601569762
2021Q4,-0.19787256015697618,00605124,-0.2066225601569762,0.029118546414316916
2022Q1,0.03786854641431692,00605124,0.029118546414316916,-0.21315695312378855
2022Q2,-0.20440695312378854,00605124,-0.21315695312378855,-0.5525939199329526
2022Q3,-0.5438439199329526,00605124,-0.5525939199329526,0.012998419073662539
2022Q4,0.02174841907366254,00605124,0.012998419073662539,0.11954841508802752
2023Q1,0.12829841508802753,00605124,0.11954841508802752,-0.29280174011341314
2023Q2,-0.28405174011341316,00605124,-0.29280174011341314,-0.00875
2023Q3,0.0,00605124,-0.00875,-0.00875
2023Q4,0.0,00605124,-0.00875,-0.00875
2024Q1,0.0,00605124,-0.00875,-0.00875
2024Q2,0.0,00605124,-0.00875,-0.00875
2024Q3,0.0,00605124,-0.00875,-0.00875
2024Q4,0.0,00605124,-0.00875,-0.33204036599886105
2025Q1,-0.3232903659988611,00605124,-0.33204036599886105,-0.27588586291309664
2025Q2,-0.26713586291309666,00605124,-0.27588586291309664,-0.35008611691022967
2025Q3,-0.3413361169102297,00605124,-0.35008611691022967,0.35416600633914413
2025Q4,0.3629160063391441,00605124,0.35416600633914413,0.6342732558139534
2026Q1,0.6430232558139535,00605124,0.6342732558139534,0.11297682236376508
2020Q2,0.45878667985492916,00605328,0.4500366798549292,-0.005472793535992802
2020Q3,0.0032772064640071985,00605328,-0.005472793535992802,0.5306732935345799
2020Q4,0.53942329353458,00605328,0.5306732935345799,-0.05909023560400969
2021Q1,-0.05034023560400969,00605328,-0.05909023560400969,0.01020369442946304
2021Q2,0.01895369442946304,00605328,0.01020369442946304,0.013556238185255233
2021Q3,0.022306238185255234,00605328,0.013556238185255233,0.0024926035502959368
2021Q4,0.011242603550295938,00605328,0.0024926035502959368,-0.10661424809830308
2022Q1,-0.09786424809830307,00605328,-0.10661424809830308,-0.0850431733419815
2022Q2,-0.07629317334198149,00605328,-0.0850431733419815,-0.09134457561660667
2022Q3,-0.08259457561660666,00605328,-0.09134457561660667,0.10500813241484888
2022Q4,0.11375813241484889,00605328,0.10500813241484888,0.10189341551413114
2023Q1,0.11064341551413115,00605328,0.10189341551413114,-0.013390730141542316
2023Q2,-0.004640730141542315,00605328,-0.013390730141542316,-0.015665844276944584
2023Q3,-0.006915844276944583,00605328,-0.015665844276944584,-0.023460485133020313
2023Q4,-0.014710485133020312,00605328,-0.023460485133020313,0.014836404066073595
2024Q1,0.023586404066073596,00605328,0.014836404066073595,0.01894803708588725
2024Q2,0.02769803708588725,00605328,0.01894803708588725,-0.0042958251547637535
2024Q3,0.004454174845236247,00605328,-0.0042958251547637535,-0.30901305900037573
2024Q4,-0.30026305900037575,00605328,-0.30901305900037573,0.35537459720730397
2025Q1,0.36412459720730395,00605328,0.35537459720730397,0.009360236220472364
2025Q2,0.018110236220472364,00605328,0.009360236220472364,0.22094837587006969
2025Q3,0.2296983758700697,00605328,0.22094837587006969,-0.00875
2025Q4,0.0,00605328,-0.00875,-0.003089622641509325
2026Q1,0.005660377358490676,00605328,-0.003089622641509325,0.05316369606003749
2020Q2,0.684263959390863,00606664,0.675513959390863,0.39370127586899734
2020Q3,0.4024512758689973,00606664,0.39370127586899734,-0.09041189111747847
2020Q4,-0.08166189111747846,00606664,-0.09041189111747847,0.1300955538221529
2021Q1,0.1388455538221529,00606664,0.1300955538221529,0.24193493150684933
2021Q2,0.25068493150684934,00606664,0.24193493150684933,0.3494099123767798
2021Q3,0.3581599123767798,00606664,0.3494099123767798,0.24125
2021Q4,0.25,00606664,0.24125,-0.25713709677419355
2022Q1,-0.24838709677419357,00606664,-0.25713709677419355,-0.2654023605150215
2022Q2,-0.2566523605150215,00606664,-0.2654023605150215,-0.09189087759815248
2022Q3,-0.08314087759815247,00606664,-0.09189087759815248,0.01140113350125941
2022Q4,0.02015113350125941,00606664,0.01140113350125941,0.7171759259259258
2023Q1,0.7259259259259259,00606664,0.7171759259259258,-0.19258404864091558
2023Q2,-0.18383404864091557,00606664,-0.19258404864091558,-0.2234739263803681
2023Q3,-0.21472392638036808,00606664,-0.2234739263803681,-0.057857142857142906
2023Q4,-0.049107142857142905,00606664,-0.057857142857142906,-0.07682511737089201
2024Q1,-0.068075117370892,00606664,-0.07682511737089201,-0.1346945843828715
2024Q2,-0.12594458438287148,00606664,-0.1346945843828715,-0.3509690201729106
2024Q3,-0.3422190201729106,00606664,-0.3509690201729106,-0.24752327491785328
2024Q4,-0.23877327491785327,00606664,-0.24752327491785328,0.04304856115107917
2025Q1,0.05179856115107917,00606664,0.04304856115107917,0.2757917236662107
2025Q2,0.28454172366621067,00606664,0.2757917236662107,0.09242145899893497
2025Q3,0.10117145899893498,00606664,0.09242145899893497,0.11890957446808506
2025Q4,0.12765957446808507,00606664,0.11890957446808506,0.5264129502572898
2026Q1,0.5351629502572899,00606664,0.5264129502572898,0.05381983240223457
2020Q2,0.5930254476908576,00611736,0.5842754476908576,0.31405203526209907
2020Q3,0.32280203526209905,00611736,0.31405203526209907,0.40336199570623493
2020Q4,0.4121119957062349,00611736,0.40336199570623493,-0.15419533130622073
2021Q1,-0.14544533130622073,00611736,-0.15419533130622073,-0.0655328020756116
2021Q2,-0.056782802075611594,00611736,-0.0655328020756116,-0.03130580006287328
2021Q3,-0.022555800062873277,00611736,-0.03130580006287328,0.15286453726782992
2021Q4,0.16161453726782993,00611736,0.15286453726782992,-0.09153535336055926
2022Q1,-0.08278535336055926,00611736,-0.09153535336055926,-0.3134817183608784
2022Q2,-0.3047317183608784,00611736,-0.3134817183608784,-0.11783498860306094
2022Q3,-0.10908498860306093,00611736,-0.11783498860306094,0.050704191033138314
2022Q4,0.059454191033138315,00611736,0.050704191033138314,0.1343042778288868
2023Q1,0.1430542778288868,00611736,0.1343042778288868,0.26851358148893373
2023Q2,0.2772635814889337,00611736,0.26851358148893373,0.03189272211720232
2023Q3,0.04064272211720232,00611736,0.03189272211720232,0.2946862700575235
2023Q4,0.3034362700575235,00611736,0.2946862700575235,0.5718202340166076
2024Q1,0.5805702340166077,00611736,0.5718202340166076,-0.328710321834013
2024Q2,-0.319960321834013,00611736,-0.328710321834013,-0.3058866828741221
2024Q3,-0.2971366828741221,00611736,-0.3058866828741221,-0.19399212144504227
2024Q4,-0.18524212144504226,00611736,-0.19399212144504227,0.011061320754717031
2025Q1,0.019811320754717032,00611736,0.011061320754717031,-0.03280180388529138
2025Q2,-0.02405180388529138,00611736,-0.03280180388529138,0.4320082938388626
2025Q3,0.44075829383886256,00611736,0.4320082938388626,-0.01401315789473686
2025Q4,-0.0052631578947368585,00611736,-0.01401315789473686,0.6777579365079365
2026Q1,0.6865079365079365,00611736,0.6777579365079365,0.16772058823529415
2020Q2,1.1507760532150777,00617314,1.1420260532150777,0.4757860824742269
2020Q3,0.48453608247422686,00617314,0.4757860824742269,0.03291666666666674
2020Q4,0.04166666666666674,00617314,0.03291666666666674,-0.2620833333333333
2021Q1,-0.2533333333333333,00617314,-0.2620833333333333,0.2992857142857142
2021Q2,0.3080357142857142,00617314,0.2992857142857142,-0.04629266211604096
2021Q3,-0.03754266211604096,00617314,-0.04629266211604096,0.47351950354609934
2021Q4,0.4822695035460993,00617314,0.47351950354609934,-0.20013755980861245
2022Q1,-0.19138755980861244,00617314,-0.20013755980861245,-0.10638313609467462
2022Q2,-0.09763313609467461,00617314,-0.10638313609467462,0.16829918032786886
2022Q3,0.17704918032786887,00617314,0.16829918032786886,0.108241643454039
2022Q4,0.11699164345403901,00617314,0.108241643454039,-0.00875
2023Q1,0.0,00617314,-0.00875,0.24062655860349128
2023Q2,0.24937655860349128,00617314,0.24062655860349128,-0.1564545908183633
2023Q3,-0.1477045908183633,00617314,-0.1564545908183633,-0.07245023419203753
2023Q4,-0.06370023419203752,00617314,-0.07245023419203753,0.9572329914957478
2024Q1,0.9659829914957478,00617314,0.9572329914957478,-0.32172709923664117
2024Q2,-0.3129770992366412,00617314,-0.32172709923664117,-0.26912037037037034
2024Q3,-0.26037037037037036,00617314,-0.26912037037037034,-0.3687900600901352
2024Q4,-0.3600400600901352,00617314,-0.3687900600901352,-0.10499413145539901
2025Q1,-0.096244131455399,00617314,-0.10499413145539901,0.04839285714285716
2025Q2,0.05714285714285716,00617314,0.04839285714285716,0.9445669533169532
2025Q3,0.9533169533169532,00617314,0.9445669533169532,-0.07793238993710691
2025Q4,-0.0691823899371069,00617314,-0.07793238993710691,0.21872747747747748
2026Q1,0.22747747747747749,00617314,0.21872747747747748,1.20776376146789
2022Q4,-0.11579434923575727,00619507,-0.12454434923575727,0.3362823031255456
2023Q1,0.34503230312554556,00619507,0.3362823031255456,-0.12182282876801251
2023Q2,-0.1130728287680125,00619507,-0.12182282876801251,-0.26636124121779853
2023Q3,-0.25761124121779855,00619507,-0.26636124121779853,0.11743296529968464
2023Q4,0.12618296529968465,00619507,0.11743296529968464,0.6208018207282913
2024Q1,0.6295518207282913,00619507,0.6208018207282913,0.24866297808336915
2024Q2,0.25741297808336916,00619507,0.24866297808336915,-0.2220104237867396
2024Q3,-0.2132604237867396,00619507,-0.2220104237867396,-0.29936685490877496
2024Q4,-0.290616854908775,00619507,-0.29936685490877496,0.479155695039804
2025Q1,0.48790569503980397,00619507,0.479155695039804,0.2830495678567753
2025Q2,0.2917995678567753,00619507,0.2830495678567753,-0.17609368777379528
2025Q3,-0.16734368777379527,00619507,-0.17609368777379528,-0.0422300076525732
2025Q4,-0.033480007652573196,00619507,-0.0422300076525732,0.0555809580364213
2026Q1,0.0643309580364213,00619507,0.0555809580364213,0.3479544820531895
2023Q3,-0.10880262438490984,00624378,-0.11755262438490985,-0.05230828220858893
2023Q4,-0.04355828220858893,00624378,-0.05230828220858893,-0.23453576010262986
2024Q1,-0.22578576010262985,00624378,-0.23453576010262986,-0.00792149958574969
2024Q2,0.0008285004142503105,00624378,-0.00792149958574969,-0.34649834437086086
2024Q3,-0.3377483443708609,00624378,-0.34649834437086086,-0.2225
2024Q4,-0.21375,00624378,-0.2225,-0.15819356120826708
2025Q1,-0.14944356120826707,00624378,-0.15819356120826708,0.6491939252336447
2025Q2,0.6579439252336448,00624378,0.6491939252336447,-0.0019856257046224277
2025Q3,0.006764374295377573,00624378,-0.0019856257046224277,-0.0893770996640538
2025Q4,-0.08062709966405379,00624378,-0.0893770996640538,0.35544001218026794
2026Q1,0.3641900121802679,00624378,0.35544001218026794,-0.00964285714285714
2020Q2,0.568776371308017,00625942,0.5600263713080169,0.20077124798278637
2020Q3,0.20952124798278637,00625942,0.20077124798278637,0.5700803313319991
2020Q4,0.5788303313319991,00625942,0.5700803313319991,0.08420774647887333
2021Q1,0.09295774647887334,00625942,0.08420774647887333,0.214188144329897
2021Q2,0.222938144329897,00625942,0.214188144329897,-0.09094178082191781
2021Q3,-0.0821917808219178,00625942,-0.09094178082191781,0.20250143513203203
2021Q4,0.21125143513203204,00625942,0.20250143513203203,-0.09879739336492896
2022Q1,-0.09004739336492895,00625942,-0.09879739336492896,-0.26499999999999996
2022Q2,-0.25625,00625942,-0.26499999999999996,-0.16141106442577033
2022Q3,-0.15266106442577032,00625942,-0.16141106442577033,0.0871177685950413
2022Q4,0.09586776859504131,00625942,0.0871177685950413,0.14660444947209642
2023Q1,0.15535444947209642,00625942,0.14660444947209642,0.2902056135770235
2023Q2,0.2989556135770235,00625942,0.2902056135770235,-0.1394032663316583
2023Q3,-0.1306532663316583,00625942,-0.1394032663316583,0.1357586705202312
2023Q4,0.1445086705202312,00625942,0.1357586705202312,0.31044191919191927
2024Q1,0.31919191919191925,00625942,0.31044191919191927,-0.15116960183767233
2024Q2,-0.14241960183767233,00625942,-0.15116960183767233,-0.25339285714285714
2024Q3,-0.24464285714285716,00625942,-0.25339285714285714,-0.2510667848699763
2024Q4,-0.24231678486997632,00625942,-0.2510667848699763,0.14257605304212165
2025Q1,0.15132605304212166,00625942,0.14257605304212165,0.23244241192411932
2025Q2,0.24119241192411933,00625942,0.23244241192411932,0.409372270742358
2025Q3,0.41812227074235797,00625942,0.409372270742358,-0.08727193995381063
2025Q4,-0.07852193995381063,00625942,-0.08727193995381063,0.062260860484544746
2026Q1,0.07101086048454475,00625942,0.062260860484544746,0.10591458658346323
2020Q2,0.36046511627906974,00626011,0.35171511627906976,0.35364316239316246
2020Q3,0.36239316239316244,00626011,0.35364316239316246,0.07029642409033879
2020Q4,0.0790464240903388,00626011,0.07029642409033879,-0.014563953488372104
2021Q1,-0.005813953488372103,00626011,-0.014563953488372104,0.2427119883040936
2021Q2,0.2514619883040936,00626011,0.2427119883040936,0.00994158878504673
2021Q3,0.01869158878504673,00626011,0.00994158878504673,-0.15737385321100913
2021Q4,-0.14862385321100913,00626011,-0.15737385321100913,-0.055086206896551713
2022Q1,-0.04633620689655171,00626011,-0.055086206896551713,-0.07541666666666666
2022Q2,-0.06666666666666665,00626011,-0.07541666666666666,-0.2581446731234867
2022Q3,-0.24939467312348673,00626011,-0.2581446731234867,0.06866935483870965
2022Q4,0.07741935483870965,00626011,0.06866935483870965,0.3684955089820359
2023Q1,0.3772455089820359,00626011,0.3684955089820359,0.10972826086956514
2023Q2,0.11847826086956514,00626011,0.10972826086956514,-0.1535507774538387
2023Q3,-0.14480077745383868,00626011,-0.1535507774538387,-0.1928409090909091
2023Q4,-0.18409090909090908,00626011,-0.1928409090909091,0.13888231197771586
2024Q1,0.14763231197771587,00626011,0.13888231197771586,-0.12889563106796117
2024Q2,-0.12014563106796117,00626011,-0.12889563106796117,-0.2197844827586207
2024Q3,-0.2110344827586207,00626011,-0.2197844827586207,-0.08392482517482522
2024Q4,-0.07517482517482521,00626011,-0.08392482517482522,0.08009688090737235
2025Q1,0.08884688090737236,00626011,0.08009688090737235,0.04159722222222232
2025Q2,0.05034722222222232,00626011,0.04159722222222232,-0.000485537190082673
2025Q3,0.008264462809917328,00626011,-0.000485537190082673,-0.09563524590163938
2025Q4,-0.08688524590163937,00626011,-0.09563524590163938,0.03254263913824066
2026Q1,0.04129263913824066,00626011,0.03254263913824066,0.38262931034482756
2020Q2,-0.034460338101430454,00641393,-0.043210338101430455,-0.294496352413019
2020Q3,-0.28574635241301904,00641393,-0.294496352413019,-0.14168526084223762
2020Q4,-0.1329352608422376,00641393,-0.14168526084223762,0.01770886190648783
2021Q1,0.02645886190648783,00641393,0.01770886190648783,0.34524011299435037
2021Q2,0.35399011299435035,00641393,0.34524011299435037,0.01198282044595115
2021Q3,0.02073282044595115,00641393,0.01198282044595115,0.04004918242207459
2021Q4,0.048799182422074594,00641393,0.04004918242207459,-0.07464524969549333
2022Q1,-0.06589524969549332,00641393,-0.07464524969549333,-0.3772465445299256
2022Q2,-0.36849654452992564,00641393,-0.3772465445299256,-0.22679666529010942
2022Q3,-0.2180466652901094,00641393,-0.22679666529010942,0.17767725112226043
2022Q4,0.18642725112226044,00641393,0.17767725112226043,0.069148953928333
2023Q1,0.07789895392833301,00641393,0.069148953928333,-0.08370354119347509
2023Q2,-0.07495354119347508,00641393,-0.08370354119347509,-0.014330357142857096
2023Q3,-0.005580357142857095,00641393,-0.014330357142857096,-0.12031004489337824
2023Q4,-0.11156004489337823,00641393,-0.12031004489337824,-0.029467534108135372
2024Q1,-0.02071753410813537,00641393,-0.029467534108135372,-0.19605650154798768
2024Q2,-0.18730650154798767,00641393,-0.19605650154798768,-0.0531944444444444
2024Q3,-0.0444444444444444,00641393,-0.0531944444444444,-0.16954734219269105
2024Q4,-0.16079734219269104,00641393,-0.16954734219269105,-0.011125296912114023
2025Q1,-0.002375296912114022,00641393,-0.011125296912114023,-0.054384920634920585
2025Q2,-0.045634920634920584,00641393,-0.054384920634920585,-0.1804755717255717
2025Q3,-0.17172557172557168,00641393,-0.1804755717255717,-0.0825451807228916
2025Q4,-0.0737951807228916,00641393,-0.0825451807228916,0.35385162601626013
2026Q1,0.3626016260162601,00641393,0.35385162601626013,-0.29077068416865554
2020Q2,0.34426229508196715,00652007,0.33551229508196717,-0.025010162601625995
2020Q3,-0.016260162601625994,00652007,-0.025010162601625995,0.15240702479338844
2020Q4,0.16115702479338845,00652007,0.15240702479338844,-0.13686387900355876
2021Q1,-0.12811387900355875,00652007,-0.13686387900355876,-0.06997448979591833
2021Q2,-0.061224489795918324,00652007,-0.06997448979591833,0.012989130434782704
2021Q3,0.021739130434782705,00652007,0.012989130434782704,0.1827393617021276
2021Q4,0.1914893617021276,00652007,0.1827393617021276,-0.07303571428571429
2022Q1,-0.06428571428571428,00652007,-0.07303571428571429,-0.2224904580152672
2022Q2,-0.2137404580152672,00652007,-0.2224904580152672,-0.048555825242718474
2022Q3,-0.03980582524271847,00652007,-0.048555825242718474,0.08326213346814962
2022Q4,0.09201213346814963,00652007,0.08326213346814962,0.03291666666666674
2023Q1,0.04166666666666674,00652007,0.03291666666666674,0.07569444444444454
2023Q2,0.08444444444444454,00652007,0.07569444444444454,-0.1833401639344263
2023Q3,-0.17459016393442628,00652007,-0.1833401639344263,-0.11798535253227413
2023Q4,-0.10923535253227412,00652007,-0.11798535253227413,-0.014324136008918652
2024Q1,-0.005574136008918651,00652007,-0.014324136008918652,0.01030829596412567
2024Q2,0.01905829596412567,00652007,0.01030829596412567,-0.17266639163916395
2024Q3,-0.16391639163916394,00652007,-0.17266639163916395,0.08861842105263154
2024Q4,0.09736842105263155,00652007,0.08861842105263154,0.22506294964028786
2025Q1,0.23381294964028787,00652007,0.22506294964028786,0.05733357628765793
2025Q2,0.06608357628765793,00652007,0.05733357628765793,0.8554250227894258
2025Q3,0.8641750227894258,00652007,0.8554250227894258,0.11594437652811743
2025Q4,0.12469437652811743,00652007,0.11594437652811743,0.5869021739130433
2026Q1,0.5956521739130434,00652007,0.5869021739130433,0.06345708446866485
2020Q2,0.9733395696913003,00654175,0.9645895696913003,0.07065270206209998
2020Q3,0.07940270206209998,00654175,0.07065270206209998,0.17789909969257803
2020Q4,0.18664909969257804,00654175,0.17789909969257803,0.2923232790525537
2021Q1,0.30107327905255366,00654175,0.2923232790525537,0.1250858697198123
2021Q2,0.13383586971981232,00654175,0.1250858697198123,-0.20267875062719518
2021Q3,-0.19392875062719517,00654175,-0.20267875062719518,0.12617063492063488
2021Q4,0.13492063492063489,00654175,0.12617063492063488,-0.24198735088440967
2022Q1,-0.23323735088440967,00654175,-0.24198735088440967,-0.3150804721030042
2022Q2,-0.30633047210300424,00654175,-0.3150804721030042,-0.2131841325083785
2022Q3,-0.2044341325083785,00654175,-0.2131841325083785,0.1966939403758912
2022Q4,0.2054439403758912,00654175,0.1966939403758912,0.14716397849462373
2023Q1,0.15591397849462374,00654175,0.14716397849462373,0.03706395348837214
2023Q2,0.04581395348837214,00654175,0.03706395348837214,-0.05433594618634648
2023Q3,-0.04558594618634648,00654175,-0.05433594618634648,-0.023894454799627228
2023Q4,-0.015144454799627227,00654175,-0.023894454799627228,0.21954429855689608
2024Q1,0.2282942985568961,00654175,0.21954429855689608,-0.22138482280431435
2024Q2,-0.21263482280431434,00654175,-0.22138482280431435,-0.24872064579256356
2024Q3,-0.23997064579256355,00654175,-0.24872064579256356,-0.2614052944962986
2024Q4,-0.25265529449629864,00654175,-0.2614052944962986,-0.07033484065460813
2025Q1,-0.06158484065460812,00654175,-0.07033484065460813,-0.14596890775585133
2025Q2,-0.13721890775585133,00654175,-0.14596890775585133,0.2651861702127661
2025Q3,0.27393617021276606,00654175,0.2651861702127661,-0.053008872651356974
2025Q4,-0.04425887265135697,00654175,-0.053008872651356974,0.14109709480122315
2026Q1,0.14984709480122316,00654175,0.14109709480122315,1.9661740121580547
2020Q2,0.5804480651731161,00654272,0.571698065173116,-0.16210051546391754
2020Q3,-0.15335051546391754,00654272,-0.16210051546391754,0.032345890410958845
2020Q4,0.041095890410958846,00654272,0.032345890410958845,-0.08915935672514616
2021Q1,-0.08040935672514615,00654272,-0.08915935672514616,0.11684618441971376
2021Q2,0.12559618441971376,00654272,0.11684618441971376,-0.14434322033898303
2021Q3,-0.13559322033898302,00654272,-0.14434322033898303,0.39647875816993455
2021Q4,0.40522875816993453,00654272,0.39647875816993455,-0.1634011627906977
2022Q1,-0.15465116279069768,00654272,-0.1634011627906977,-0.17106086657496564
2022Q2,-0.16231086657496563,00654272,-0.17106086657496564,-0.028454433497536923
2022Q3,-0.019704433497536922,00654272,-0.028454433497536923,-0.09920226130653262
2022Q4,-0.09045226130653261,00654272,-0.09920226130653262,0.07780616942909749
2023Q1,0.0865561694290975,00654272,0.07780616942909749,0.059046610169491566
2023Q2,0.06779661016949157,00654272,0.059046610169491566,-0.14684523809523806
2023Q3,-0.13809523809523805,00654272,-0.14684523809523806,-0.001383517495395968
2023Q4,0.007366482504604033,00654272,-0.001383517495395968,-0.18242458866544795
2024Q1,-0.17367458866544794,00654272,-0.18242458866544795,0.033285398230088505
2024Q2,0.042035398230088505,00654272,0.033285398230088505,-0.1095992569002123
2024Q3,-0.10084925690021229,00654272,-0.1095992569002123,-0.3145351239669421
2024Q4,-0.30578512396694213,00654272,-0.3145351239669421,0.29907312925170065
2025Q1,0.30782312925170063,00654272,0.29907312925170065,0.17590539661898566
2025Q2,0.18465539661898567,00654272,0.17590539661898566,-0.06034165751920969
2025Q3,-0.05159165751920969,00654272,-0.06034165751920969,-0.10597222222222222
2025Q4,-0.09722222222222221,00654272,-0.10597222222222222,-0.21387820512820518
2026Q1,-0.20512820512820518,00654272,-0.21387820512820518,0.20092741935483874
2020Q2,0.27321963038624153,00657002,0.26446963038624155,-0.07591417910447759
2020Q3,-0.06716417910447758,00657002,-0.07591417910447759,0.20924999999999996
2020Q4,0.21799999999999997,00657002,0.20924999999999996,-0.17459564860426932
2021Q1,-0.1658456486042693,00657002,-0.17459564860426932,-0.09142716535433068
2021Q2,-0.08267716535433067,00657002,-0.09142716535433068,-0.17184012875536478
2021Q3,-0.16309012875536477,00657002,-0.17184012875536478,0.22714743589743594
2021Q4,0.23589743589743595,00657002,0.22714743589743594,-0.21206950207468886
2022Q1,-0.20331950207468885,00657002,-0.21206950207468886,-0.2847916666666666
2022Q2,-0.27604166666666663,00657002,-0.2847916666666666,-0.048318345323740984
2022Q3,-0.03956834532374098,00657002,-0.048318345323740984,-0.0874016853932584
2022Q4,-0.0786516853932584,00657002,-0.0874016853932584,0.8611686991869918
2023Q1,0.8699186991869918,00657002,0.8611686991869918,-0.12831521739130433
2023Q2,-0.11956521739130432,00657002,-0.12831521739130433,0.06779320987654328
2023Q3,0.07654320987654328,00657002,0.06779320987654328,0.4729013761467891
2023Q4,0.4816513761467891,00657002,0.4729013761467891,0.23118808049535614
2024Q1,0.23993808049535614,00657002,0.23118808049535614,-0.3246051810237203
2024Q2,-0.31585518102372034,00657002,-0.3246051810237203,-0.31896897810218977
2024Q3,-0.3102189781021898,00657002,-0.31896897810218977,-0.16483465608465606
2024Q4,-0.15608465608465605,00657002,-0.16483465608465606,-0.05765282131661439
2025Q1,-0.04890282131661439,00657002,-0.05765282131661439,0.12638513513513508
2025Q2,0.1351351351351351,00657002,0.12638513513513508,0.41111062717770036
2025Q3,0.41986062717770034,00657002,0.41111062717770036,0.3757080777096114
2025Q4,0.3844580777096114,00657002,0.3757080777096114,0.4092706794682422
2026Q1,0.4180206794682422,00657002,0.4092706794682422,-0.19729166666666673
2020Q2,0.7456021650879567,00659161,0.7368521650879567,0.045513565891472964
2020Q3,0.054263565891472965,00659161,0.045513565891472964,0.5206617647058822
2020Q4,0.5294117647058822,00659161,0.5206617647058822,0.01769230769230771
2021Q1,0.02644230769230771,00659161,0.01769230769230771,-0.011091920374707263
2021Q2,-0.0023419203747072626,00659161,-0.011091920374707263,-0.20593309859154926
2021Q3,-0.19718309859154926,00659161,-0.20593309859154926,0.16084064327485373
2021Q4,0.16959064327485374,00659161,0.16084064327485373,-0.03375000000000002
2022Q1,-0.025000000000000022,00659161,-0.03375000000000002,-0.30105769230769225
2022Q2,-0.29230769230769227,00659161,-0.30105769230769225,-0.16092391304347828
2022Q3,-0.15217391304347827,00659161,-0.16092391304347828,-0.017297008547008517
2022Q4,-0.008547008547008517,00659161,-0.017297008547008517,0.27659482758620696
2023Q1,0.28534482758620694,00659161,0.27659482758620696,-0.050332830315224696
2023Q2,-0.041582830315224695,00659161,-0.050332830315224696,0.09621850944716595
2023Q3,0.10496850944716596,00659161,0.09621850944716595,-0.09424715009499682
2023Q4,-0.08549715009499681,00659161,-0.09424715009499682,0.4074549861495845
2024Q1,0.41620498614958445,00659161,0.4074549861495845,-0.053737775061124725
2024Q2,-0.044987775061124724,00659161,-0.053737775061124725,-0.4209363799283154
2024Q3,-0.4121863799283154,00659161,-0.4209363799283154,-0.2657186411149826
2024Q4,-0.25696864111498263,00659161,-0.2657186411149826,0.18937426729191079
2025Q1,0.1981242672919108,00659161,0.18937426729191079,0.2573948140900196
2025Q2,0.26614481409001955,00659161,0.2573948140900196,0.2655931221020092
2025Q3,0.2743431221020092,00659161,0.2655931221020092,-0.12336491813220138
2025Q4,-0.11461491813220137,00659161,-0.12336491813220138,0.5734417808219179
2026Q1,0.5821917808219179,00659161,0.5734417808219179,0.4284794372294372
2020Q2,0.49097472924187735,00660750,0.48222472924187737,0.18011198547215493
2020Q3,0.18886198547215494,00660750,0.18011198547215493,0.15621945010183305
2020Q4,0.16496945010183306,00660750,0.15621945010183305,0.34964160839160835
2021Q1,0.35839160839160833,00660750,0.34964160839160835,0.18043918918918925
2021Q2,0.18918918918918926,00660750,0.18043918918918925,0.049691558441558516
2021Q3,0.05844155844155852,00660750,0.049691558441558516,0.27550357873210635
2021Q4,0.2842535787321063,00660750,0.27550357873210635,-0.12180732484076437
2022Q1,-0.11305732484076436,00660750,-0.12180732484076437,-0.14878590664272892
2022Q2,-0.1400359066427289,00660750,-0.14878590664272892,-0.4085412317327766
2022Q3,-0.39979123173277664,00660750,-0.4085412317327766,0.12864130434782609
2022Q4,0.1373913043478261,00660750,0.12864130434782609,0.2848279816513762
2023Q1,0.29357798165137616,00660750,0.2848279816513762,0.23474881796690308
2023Q2,0.2434988179669031,00660750,0.23474881796690308,-0.06388307984790872
2023Q3,-0.05513307984790872,00660750,-0.06388307984790872,0.0013103621730381834
2023Q4,0.010060362173038184,00660750,0.0013103621730381834,0.08487549800796804
2024Q1,0.09362549800796804,00660750,0.08487549800796804,0.18250683060109288
2024Q2,0.1912568306010929,00660750,0.18250683060109288,-0.5179243119266055
2024Q3,-0.5091743119266054,00660750,-0.5179243119266055,-0.2937967289719626
2024Q4,-0.2850467289719626,00660750,-0.2937967289719626,0.33329793028322446
2025Q1,0.34204793028322444,00660750,0.33329793028322446,-0.17595779220779226
2025Q2,-0.16720779220779225,00660750,-0.17595779220779226,0.5565521442495127
2025Q3,0.5653021442495128,00660750,0.5565521442495127,0.06472447073474477
2025Q4,0.07347447073474478,00660750,0.06472447073474477,0.40424303944315537
2026Q1,0.41299303944315535,00660750,0.40424303944315537,0.1308230706075533
2020Q2,0.14767441860465125,00666204,0.13892441860465124,0.256700861195542
2020Q3,0.26545086119554195,00666204,0.256700861195542,0.07531725380304247
2020Q4,0.08406725380304247,00666204,0.07531725380304247,0.2840860413589366
2021Q1,0.2928360413589366,00666204,0.2840860413589366,0.6924782205084261
2021Q2,0.7012282205084261,00666204,0.6924782205084261,0.1055884822028206
2021Q3,0.11433848220282061,00666204,0.1055884822028206,-0.13245046707849936
2021Q4,-0.12370046707849935,00666204,-0.13245046707849936,0.038361416781292935
2022Q1,0.047111416781292936,00666204,0.038361416781292935,-0.2826416256157635
2022Q2,-0.2738916256157635,00666204,-0.2826416256157635,-0.2900706693803709
2022Q3,-0.2813206693803709,00666204,-0.2900706693803709,0.06141991818753926
2022Q4,0.07016991818753926,00666204,0.06141991818753926,0.47963576889150256
2023Q1,0.48838576889150254,00666204,0.47963576889150256,0.7871804622678782
2023Q2,0.7959304622678782,00666204,0.7871804622678782,-0.07991928830711689
2023Q3,-0.07116928830711688,00666204,-0.07991928830711689,0.062424798673614425
2023Q4,0.07117479867361443,00666204,0.062424798673614425,0.07162589828634605
2024Q1,0.08037589828634606,00666204,0.07162589828634605,-0.24022769136307817
2024Q2,-0.23147769136307816,00666204,-0.24022769136307817,-0.2839830226364846
2024Q3,-0.27523302263648464,00666204,-0.2839830226364846,-0.17795815726621353
2024Q4,-0.16920815726621352,00666204,-0.17795815726621353,0.07395676691729317
2025Q1,0.08270676691729317,00666204,0.07395676691729317,-0.03611928104575165
2025Q2,-0.027369281045751648,00666204,-0.03611928104575165,0.23085520789584216
2025Q3,0.23960520789584216,00666204,0.23085520789584216,-0.14308847196340843
2025Q4,-0.13433847196340842,00666204,-0.14308847196340843,-0.004836105675146661
2026Q1,0.00391389432485334,00666204,-0.004836105675146661,0.1998269980506822
2020Q2,0.23283323716099247,00667425,0.22408323716099246,0.03407705359232386
2020Q3,0.04282705359232386,00667425,0.03407705359232386,0.09178859964093358
2020Q4,0.10053859964093359,00667425,0.09178859964093358,-0.11254282218597064
2021Q1,-0.10379282218597063,00667425,-0.11254282218597064,0.10842861205915802
2021Q2,0.11717861205915803,00667425,0.10842861205915802,-0.08044042769857437
2021Q3,-0.07169042769857437,00667425,-0.08044042769857437,-0.032663997367266294
2021Q4,-0.023913997367266293,00667425,-0.032663997367266294,-0.16429057091481233
2022Q1,-0.15554057091481233,00667425,-0.16429057091481233,-0.28317108064945434
2022Q2,-0.27442108064945436,00667425,-0.28317108064945434,0.08222578870139399
2022Q3,0.090975788701394,00667425,0.08222578870139399,-0.17653749159381302
2022Q4,-0.167787491593813,00667425,-0.17653749159381302,0.3690277777777778
2023Q1,0.37777777777777777,00667425,0.3690277777777778,0.14960777126099714
2023Q2,0.15835777126099715,00667425,0.14960777126099714,-0.17457278481012659
2023Q3,-0.16582278481012658,00667425,-0.17457278481012659,-0.017854704097116834
2023Q4,-0.009104704097116834,00667425,-0.017854704097116834,0.7860432618683002
2024Q1,0.7947932618683002,00667425,0.7860432618683002,0.06462883959044377
2024Q2,0.07337883959044378,00667425,0.06462883959044377,-0.5079550874403816
2024Q3,-0.4992050874403816,00667425,-0.5079550874403816,-0.327797619047619
2024Q4,-0.319047619047619,00667425,-0.327797619047619,0.07749708624708632
2025Q1,0.08624708624708632,00667425,0.07749708624708632,-0.002312231759656634
2025Q2,0.006437768240343367,00667425,-0.002312231759656634,1.0083075692963752
2025Q3,1.0170575692963753,00667425,1.0083075692963752,0.4267679704016914
2025Q4,0.4355179704016914,00667425,0.4267679704016914,-0.052932621502209086
2026Q1,-0.044182621502209085,00667425,-0.052932621502209086,0.41497881355932204
2022Q1,-0.30859017804313915,00668965,-0.31734017804313913,-0.3459991053368601
2022Q2,-0.33724910533686014,00668965,-0.3459991053368601,-0.07929818640685524
2022Q3,-0.07054818640685523,00668965,-0.07929818640685524,0.23171476382924985
2022Q4,0.24046476382924986,00668965,0.23171476382924985,0.08878614335165949
2023Q1,0.0975361433516595,00668965,0.08878614335165949,0.24356910946196655
2023Q2,0.25231910946196656,00668965,0.24356910946196655,-0.1606018518518519
2023Q3,-0.1518518518518519,00668965,-0.1606018518518519,0.029677947598253186
2023Q4,0.03842794759825319,00668965,0.029677947598253186,0.09217514718250633
2024Q1,0.10092514718250634,00668965,0.09217514718250633,-0.17528934300993124
2024Q2,-0.16653934300993123,00668965,-0.17528934300993124,-0.313974564619615
2024Q3,-0.305224564619615,00668965,-0.313974564619615,-0.05492414248021112
2024Q4,-0.04617414248021112,00668965,-0.05492414248021112,-0.06684128630705397
2025Q1,-0.05809128630705396,00668965,-0.06684128630705397,-0.024902716593245243
2025Q2,-0.016152716593245242,00668965,-0.024902716593245243,0.061399253731343285
2025Q3,0.07014925373134329,00668965,0.061399253731343285,-0.021302301255230104
2025Q4,-0.012552301255230103,00668965,-0.021302301255230104,-0.07513418079096043
2026Q1,-0.06638418079096042,00668965,-0.07513418079096043,0.24389750378214828
2020Q2,0.3414849734826164,00695969,0.33273497348261644,0.416024873709642
2020Q3,0.42477487370964195,00695969,0.416024873709642,0.7342745105595807
2020Q4,0.7430245105595807,00695969,0.7342745105595807,-0.11762061112585129
2021Q1,-0.10887061112585128,00695969,-0.11762061112585129,-0.3572017665740373
2021Q2,-0.3484517665740373,00695969,-0.3572017665740373,-0.1948886138613862
2021Q3,-0.1861386138613862,00695969,-0.1948886138613862,0.4913435803855513
2021Q4,0.5000935803855513,00695969,0.4913435803855513,-0.21236821584529006
2022Q1,-0.20361821584529005,00695969,-0.21236821584529006,0.16123276672411094
2022Q2,0.16998276672411095,00695969,0.16123276672411094,0.16961100696304235
2022Q3,0.17836100696304236,00695969,0.16961100696304235,0.016022727272727168
2022Q4,0.02477272727272717,00695969,0.016022727272727168,-0.08559630738522958
2023Q1,-0.07684630738522957,00695969,-0.08559630738522958,1.4229617117117117
2023Q2,1.4317117117117117,00695969,1.4229617117117117,-0.07178102153724561
2023Q3,-0.0630310215372456,00695969,-0.07178102153724561,0.0008451075495570573
2023Q4,0.009595107549557058,00695969,0.0008451075495570573,-0.05397193211488246
2024Q1,-0.04522193211488246,00695969,-0.05397193211488246,-0.11200968059505576
2024Q2,-0.10325968059505575,00695969,-0.11200968059505576,0.0652314588924128
2024Q3,0.07398145889241281,00695969,0.0652314588924128,0.0128866630700211
2024Q4,0.0216366630700211,00695969,0.0128866630700211,0.13355127848804885
2025Q1,0.14230127848804885,00695969,0.13355127848804885,-0.1469495133819951
2025Q2,-0.1381995133819951,00695969,-0.1469495133819951,-0.020607707509881466
2025Q3,-0.011857707509881465,00695969,-0.020607707509881466,0.6312499999999999
2025Q4,0.6399999999999999,00695969,0.6312499999999999,0.03131968641114983
2026Q1,0.04006968641114983,00695969,0.03131968641114983,0.33128350083752106
2023Q3,-0.24255319148936172,00765569,-0.2513031914893617,0.02776685393258419
2023Q4,0.03651685393258419,00765569,0.02776685393258419,-0.0737906504065041
2024Q1,-0.06504065040650409,00765569,-0.0737906504065041,-0.24353260869565216
2024Q2,-0.23478260869565215,00765569,-0.24353260869565216,-0.25685606060606053
2024Q3,-0.24810606060606055,00765569,-0.25685606060606053,-0.3903620906801007
2024Q4,-0.3816120906801007,00765569,-0.3903620906801007,0.04420315682281054
2025Q1,0.05295315682281054,00765569,0.04420315682281054,-0.014552707930367524
2025Q2,-0.005802707930367523,00765569,-0.014552707930367524,0.395919260700389
2025Q3,0.404669260700389,00765569,0.395919260700389,-0.13617382271468145
2025Q4,-0.12742382271468145,00765569,-0.13617382271468145,1.2991865079365077
2026Q1,1.3079365079365077,00765569,1.2991865079365077,0.7890491746905088
2020Q2,0.8464566929133859,00769158,0.8377066929133858,0.34519456289978684
2020Q3,0.3539445628997868,00769158,0.34519456289978684,0.10148622047244096
2020Q4,0.11023622047244097,00769158,0.10148622047244096,-0.13640957446808508
2021Q1,-0.12765957446808507,00769158,-0.13640957446808508,0.4302743902439024
2021Q2,0.4390243902439024,00769158,0.4302743902439024,-0.17541666666666664
2021Q3,-0.16666666666666663,00769158,-0.17541666666666664,0.15396186440677975
2021Q4,0.16271186440677976,00769158,0.15396186440677975,-0.2215779883381924
2022Q1,-0.2128279883381924,00769158,-0.2215779883381924,-0.09763888888888891
2022Q2,-0.0888888888888889,00769158,-0.09763888888888891,-0.17135162601626017
2022Q3,-0.16260162601626016,00769158,-0.17135162601626017,0.23882281553398046
2022Q4,0.24757281553398047,00769158,0.23882281553398046,0.409148832684825
2023Q1,0.417898832684825,00769158,0.409148832684825,0.23164517014270028
2023Q2,0.2403951701427003,00769158,0.23164517014270028,-0.13352876106194686
2023Q3,-0.12477876106194685,00769158,-0.13352876106194686,-0.030994691607684498
2023Q4,-0.022244691607684497,00769158,-0.030994691607684498,-0.0470126680455016
2024Q1,-0.0382626680455016,00769158,-0.0470126680455016,0.09608870967741925
2024Q2,0.10483870967741926,00769158,0.09608870967741925,-0.19366484184914842
2024Q3,-0.18491484184914841,00769158,-0.19366484184914842,-0.19979477611940297
2024Q4,-0.19104477611940296,00769158,-0.19979477611940297,0.1513976014760148
2025Q1,0.1601476014760148,00769158,0.1513976014760148,0.16173346055979645
2025Q2,0.17048346055979646,00769158,0.16173346055979645,0.4966847826086956
2025Q3,0.5054347826086956,00769158,0.4966847826086956,-0.22896660649819497
2025Q4,-0.22021660649819497,00769158,-0.22896660649819497,0.4866203703703705
2026Q1,0.49537037037037046,00769158,0.4866203703703705,0.0005379256965945337
2025Q2,0.17141049968374444,00863533,0.16266049968374444,0.1467575593952484
2025Q3,0.1555075593952484,00863533,0.1467575593952484,0.061343457943925185
2025Q4,0.07009345794392519,00863533,0.061343457943925185,0.3274945414847162
2026Q1,0.33624454148471616,00863533,0.3274945414847162,0.10432189542483664
2020Q2,0.4353846153846155,00866062,0.4266346153846155,0.293500803858521
2020Q3,0.302250803858521,00866062,0.293500803858521,0.007710905349794163
2020Q4,0.016460905349794164,00866062,0.007710905349794163,0.056027327935222616
2021Q1,0.06477732793522262,00866062,0.056027327935222616,-0.012552281368821326
2021Q2,-0.0038022813688213253,00866062,-0.012552281368821326,-0.13088740458015266
2021Q3,-0.12213740458015265,00866062,-0.13088740458015266,-5.4347826087007556e-05
2021Q4,0.008695652173912993,00866062,-5.4347826087007556e-05,-0.03461206896551724
2022Q1,-0.025862068965517238,00866062,-0.03461206896551724,-0.2255641592920354
2022Q2,-0.2168141592920354,00866062,-0.2255641592920354,0.07712570621468931
2022Q3,0.08587570621468932,00866062,0.07712570621468931,0.03183272632674287
2022Q4,0.04058272632674287,00866062,0.03183272632674287,0.38625000000000004
2023Q1,0.395,00866062,0.38625000000000004,-0.2617965949820788
2023Q2,-0.2530465949820788,00866062,-0.2617965949820788,-0.1498248560460653
2023Q3,-0.1410748560460653,00866062,-0.1498248560460653,0.6828701117318436
2023Q4,0.6916201117318437,00866062,0.6828701117318436,-0.05234313077939231
2024Q1,-0.04359313077939231,00866062,-0.05234313077939231,-0.03706491712707179
2024Q2,-0.028314917127071793,00866062,-0.03706491712707179,-0.32005063965884856
2024Q3,-0.3113006396588486,00866062,-0.32005063965884856,-0.10162925696594424
2024Q4,-0.09287925696594423,00866062,-0.10162925696594424,0.025379692832764568
2025Q1,0.03412969283276457,00866062,0.025379692832764568,0.40489136413641363
2025Q2,0.4136413641364136,00866062,0.40489136413641363,0.508759727626459
2025Q3,0.5175097276264591,00866062,0.508759727626459,-0.024647435897435864
2025Q4,-0.015897435897435863,00866062,-0.024647435897435864,0.5701973684210526
2026Q1,0.5789473684210527,00866062,0.5701973684210526,0.28662953795379537
2024Q1,0.1187904967602591,00866451,0.1100404967602591,0.6157673745173744
2024Q2,0.6245173745173744,00866451,0.6157673745173744,-0.41338458110516935
2024Q3,-0.40463458110516937,00866451,-0.41338458110516935,-0.25725299401197604
2024Q4,-0.24850299401197606,00866451,-0.25725299401197604,-0.02601427622841964
2025Q1,-0.01726427622841964,00866451,-0.02601427622841964,0.057466216216216316
2025Q2,0.06621621621621632,00866451,0.057466216216216316,-0.013819708491761694
2025Q3,-0.005069708491761693,00866451,-0.013819708491761694,-0.07371815286624203
2025Q4,-0.06496815286624202,00866451,-0.07371815286624203,-0.0891314713896458
2026Q1,-0.0803814713896458,00866451,-0.0891314713896458,0.15717592592592602
2025Q4,-0.018847006651884657,00874168,-0.027597006651884658,-0.3104449152542373
2026Q1,-0.3016949152542373,00874168,-0.3104449152542373,-0.16570792880258897
2020Q2,0.8465436120159247,00879020,0.8377936120159246,0.20018767150137198
2020Q3,0.208937671501372,00879020,0.20018767150137198,-0.08154507133592734
2020Q4,-0.07279507133592733,00879020,-0.08154507133592734,0.013631535233432447
2021Q1,0.022381535233432448,00879020,0.013631535233432447,-0.04021912946810332
2021Q2,-0.03146912946810332,00879020,-0.04021912946810332,-0.1869241126611337
2021Q3,-0.1781741126611337,00879020,-0.1869241126611337,0.11351042114310264
2021Q4,0.12226042114310265,00879020,0.11351042114310264,0.005035180930499629
2022Q1,0.01378518093049963,00879020,0.005035180930499629,-0.3005347025495751
2022Q2,-0.2917847025495751,00879020,-0.3005347025495751,-0.21674999999999997
2022Q3,-0.20799999999999996,00879020,-0.21674999999999997,0.262293771043771
2022Q4,0.271043771043771,00879020,0.262293771043771,0.1395943708609271
2023Q1,0.1483443708609271,00879020,0.1395943708609271,0.009704440599769305
2023Q2,0.018454440599769306,00879020,0.009704440599769305,0.04108012457531144
2023Q3,0.04983012457531144,00879020,0.04108012457531144,-0.1241761057173679
2023Q4,-0.11542610571736789,00879020,-0.1241761057173679,0.6107621951219513
2024Q1,0.6195121951219513,00879020,0.6107621951219513,-0.011762048192771123
2024Q2,-0.003012048192771122,00879020,-0.011762048192771123,-0.16887084592145016
2024Q3,-0.16012084592145015,00879020,-0.16887084592145016,-0.13554856115107913
2024Q4,-0.12679856115107913,00879020,-0.13554856115107913,0.09320674562306899
2025Q1,0.101956745623069,00879020,0.09320674562306899,0.16508177570093466
2025Q2,0.17383177570093467,00879020,0.16508177570093466,-0.04218949044585992
2025Q3,-0.03343949044585992,00879020,-0.04218949044585992,-0.00216021416803943
2025Q4,0.006589785831960571,00879020,-0.00216021416803943,-0.17241612111292967
2026Q1,-0.16366612111292966,00879020,-0.17241612111292967,0.5352813111545989
2020Q2,1.0430925221799745,00911229,1.0343425221799745,-0.005027915632754364
2020Q3,0.003722084367245637,00911229,-0.005027915632754364,0.5549088380716933
2020Q4,0.5636588380716934,00911229,0.5549088380716933,0.4220800395256917
2021Q1,0.43083003952569165,00911229,0.4220800395256917,-0.5430593922651934
2021Q2,-0.5343093922651934,00911229,-0.5430593922651934,0.340401738047218
2021Q3,0.349151738047218,00911229,0.340401738047218,0.3837930882870207
2021Q4,0.39254308828702067,00911229,0.3837930882870207,0.002679653953018536
2022Q1,0.011429653953018537,00911229,0.002679653953018536,-0.15340880002497345
2022Q2,-0.14465880002497344,00911229,-0.15340880002497345,-0.30145072992700733
2022Q3,-0.29270072992700735,00911229,-0.30145072992700733,-0.10575722394220852
2022Q4,-0.09700722394220851,00911229,-0.10575722394220852,0.3981071428571428
2023Q1,0.4068571428571428,00911229,0.3981071428571428,-0.16309606011372865
2023Q2,-0.15434606011372864,00911229,-0.16309606011372865,-0.1441966858789626
2023Q3,-0.13544668587896258,00911229,-0.1441966858789626,0.04458333333333323
2023Q4,0.05333333333333323,00911229,0.04458333333333323,-0.08575421940928271
2024Q1,-0.0770042194092827,00911229,-0.08575421940928271,-0.03732142857142858
2024Q2,-0.02857142857142858,00911229,-0.03732142857142858,-0.20051470588235296
2024Q3,-0.19176470588235295,00911229,-0.20051470588235296,-0.10336426491994175
2024Q4,-0.09461426491994174,00911229,-0.10336426491994175,0.2597387459807075
2025Q1,0.2684887459807075,00911229,0.2597387459807075,-0.10380703422053236
2025Q2,-0.09505703422053235,00911229,-0.10380703422053236,0.15371498599439784
2025Q3,0.16246498599439785,00911229,0.15371498599439784,0.7442620481927711
2025Q4,0.7530120481927711,00911229,0.7442620481927711,-0.083664089347079
2026Q1,-0.074914089347079,00911229,-0.083664089347079,0.5960048291233284
2021Q1,-0.19999999999999996,00920379,-0.20874999999999996,-0.08494047619047615
2021Q2,-0.07619047619047614,00920379,-0.08494047619047615,-0.06545103092783508
2021Q3,-0.05670103092783507,00920379,-0.06545103092783508,0.10327185792349727
2021Q4,0.11202185792349728,00920379,0.10327185792349727,-0.1733691646191646
2022Q1,-0.1646191646191646,00920379,-0.1733691646191646,0.07801470588235285
2022Q2,0.08676470588235285,00920379,0.07801470588235285,-0.1318893775372125
2022Q3,-0.12313937753721249,00920379,-0.1318893775372125,0.15174382716049387
2022Q4,0.16049382716049387,00920379,0.15174382716049387,-0.04438829787234041
2023Q1,-0.03563829787234041,00920379,-0.04438829787234041,0.44740002757859904
2023Q2,0.456150027578599,00920379,0.44740002757859904,-0.09965909090909095
2023Q3,-0.09090909090909094,00920379,-0.09965909090909095,0.2641666666666667
2023Q4,0.2729166666666667,00920379,0.2641666666666667,-0.14131955810147298
2024Q1,-0.13256955810147297,00920379,-0.14131955810147298,-0.11818396226415093
2024Q2,-0.10943396226415092,00920379,-0.11818396226415093,-0.46086864406779654
2024Q3,-0.45211864406779656,00920379,-0.46086864406779654,0.000530742459396806
2024Q4,0.009280742459396807,00920379,0.000530742459396806,0.5314798850574711
2025Q1,0.5402298850574712,00920379,0.5314798850574711,0.09075248756218904
2025Q2,0.09950248756218905,00920379,0.09075248756218904,1.321566742081448
2025Q3,1.3303167420814481,00920379,1.321566742081448,0.15241504854368929
2025Q4,0.1611650485436893,00920379,0.15241504854368929,0.041417224080267524
2026Q1,0.050167224080267525,00920379,0.041417224080267524,1.0183200636942673
2021Q1,-0.058401639344262346,00925587,-0.06715163934426235,-0.04248231773667029
2021Q2,-0.03373231773667029,00925587,-0.04248231773667029,-0.1078490990990991
2021Q3,-0.09909909909909909,00925587,-0.1078490990990991,-0.07374999999999995
2021Q4,-0.06499999999999995,00925587,-0.07374999999999995,-0.04350935828877008
2022Q1,-0.03475935828877008,00925587,-0.04350935828877008,-0.17772506925207762
2022Q2,-0.16897506925207761,00925587,-0.17772506925207762,-0.21874999999999997
2022Q3,-0.20999999999999996,00925587,-0.21874999999999997,-0.05938291139240511
2022Q4,-0.05063291139240511,00925587,-0.05938291139240511,0.14413888888888884
2023Q1,0.15288888888888885,00925587,0.14413888888888884,0.2904018889745566
2023Q2,0.2991518889745566,00925587,0.2904018889745566,-0.34228115727002967
2023Q3,-0.3335311572700297,00925587,-0.34228115727002967,-0.09067341941228854
2023Q4,-0.08192341941228853,00925587,-0.09067341941228854,-0.1426006304558681
2024Q1,-0.1338506304558681,00925587,-0.1426006304558681,-0.07929871220604709
2024Q2,-0.07054871220604708,00925587,-0.07929871220604709,0.09847891566265068
2024Q3,0.10722891566265069,00925587,0.09847891566265068,-0.2568457562568009
2024Q4,-0.24809575625680091,00925587,-0.2568457562568009,-0.0463766280752533
2025Q1,-0.0376266280752533,00925587,-0.0463766280752533,0.6754605263157893
2025Q2,0.6842105263157894,00925587,0.6754605263157893,-0.1935714285714286
2025Q3,-0.18482142857142858,00925587,-0.1935714285714286,-0.0755627053669222
2025Q4,-0.06681270536692219,00925587,-0.0755627053669222,0.1133157276995305
2026Q1,0.1220657276995305,00925587,0.1133157276995305,0.15338389121338916
2022Q1,-0.06723862729449326,00958327,-0.07598862729449327,-0.3858622994652406
2022Q2,-0.3771122994652406,00958327,-0.3858622994652406,0.05581043956043955
2022Q3,0.06456043956043955,00958327,0.05581043956043955,-0.11358870967741938
2022Q4,-0.10483870967741937,00958327,-0.11358870967741938,0.7317905405405405
2023Q1,0.7405405405405405,00958327,0.7317905405405405,0.031622670807453436
2023Q2,0.04037267080745344,00958327,0.031622670807453436,0.6304539800995024
2023Q3,0.6392039800995024,00958327,0.6304539800995024,-0.3252487252640524
2023Q4,-0.3164987252640524,00958327,-0.3252487252640524,-0.06203596802841923
2024Q1,-0.05328596802841923,00958327,-0.06203596802841923,-0.05190196998123827
2024Q2,-0.04315196998123827,00958327,-0.05190196998123827,-0.2871813725490196
2024Q3,-0.2784313725490196,00958327,-0.2871813725490196,-0.10385869565217395
2024Q4,-0.09510869565217395,00958327,-0.10385869565217395,-0.020762012012011964
2025Q1,-0.012012012012011963,00958327,-0.020762012012011964,0.15234422492401214
2025Q2,0.16109422492401215,00958327,0.15234422492401214,-0.21293848167539273
2025Q3,-0.20418848167539272,00958327,-0.21293848167539273,-0.07782894736842103
2025Q4,-0.06907894736842102,00958327,-0.07782894736842103,1.0689885159010601
2026Q1,1.0777385159010602,00958327,1.0689885159010601,0.29227040816326527
2023Q2,0.08639053254437878,00965512,0.07764053254437878,-0.18195261437908503
2023Q3,-0.17320261437908502,00965512,-0.18195261437908503,0.31140810276679837
2023Q4,0.32015810276679835,00965512,0.31140810276679837,-0.36603542914171655
2024Q1,-0.35728542914171657,00965512,-0.36603542914171655,-0.24632763975155278
2024Q2,-0.23757763975155277,00965512,-0.24632763975155278,-0.13502291242362527
2024Q3,-0.12627291242362526,00965512,-0.13502291242362527,-0.18124417249417255
2024Q4,-0.17249417249417254,00965512,-0.18124417249417255,-0.3115669014084507
2025Q1,-0.30281690140845074,00965512,-0.3115669014084507,0.5670075757575757
2025Q2,0.5757575757575757,00965512,0.5670075757575757,0.20278846153846145
2025Q3,0.21153846153846145,00965512,0.20278846153846145,-0.07541666666666666
2025Q4,-0.06666666666666665,00965512,-0.07541666666666666,0.17265589569161002
2026Q1,0.18140589569161003,00965512,0.17265589569161002,0.6879870441458733
2020Q2,0.49473426402155285,00997812,0.48598426402155287,0.051056652466000364
2020Q3,0.059806652466000365,00997812,0.051056652466000364,0.30231988249845393
2020Q4,0.3110698824984539,00997812,0.30231988249845393,0.27654874213836483
2021Q1,0.2852987421383648,00997812,0.27654874213836483,0.08315164536057254
2021Q2,0.09190164536057255,00997812,0.08315164536057254,0.08110239335630068
2021Q3,0.08985239335630069,00997812,0.08110239335630068,-0.1304636542365912
2021Q4,-0.1217136542365912,00997812,-0.1304636542365912,-0.11160296269202638
2022Q1,-0.10285296269202637,00997812,-0.11160296269202638,-0.22884132420091327
2022Q2,-0.22009132420091326,00997812,-0.22884132420091327,-0.15997114419538302
2022Q3,-0.15122114419538302,00997812,-0.15997114419538302,0.07279316121403226
2022Q4,0.08154316121403227,00997812,0.07279316121403226,0.15830389276114978
2023Q1,0.1670538927611498,00997812,0.15830389276114978,0.21788752049340301
2023Q2,0.22663752049340302,00997812,0.21788752049340301,-0.21944882892057024
2023Q3,-0.21069882892057024,00997812,-0.21944882892057024,0.31568656009353707
2023Q4,0.32443656009353705,00997812,0.31568656009353707,0.14787100456620997
2024Q1,0.15662100456620998,00997812,0.14787100456620997,0.06765479010396105
2024Q2,0.07640479010396106,00997812,0.06765479010396105,-0.29270031541884683
2024Q3,-0.28395031541884685,00997812,-0.29270031541884683,-0.3722466706505036
2024Q4,-0.3634966706505036,00997812,-0.3722466706505036,0.521346566523605
2025Q1,0.530096566523605,00997812,0.521346566523605,0.28233376284141515
2025Q2,0.29108376284141513,00997812,0.28233376284141515,0.3384243203975777
2025Q3,0.3471743203975777,00997812,0.3384243203975777,-0.10115631362509322
2025Q4,-0.09240631362509322,00997812,-0.10115631362509322,0.20505183461786206
2026Q1,0.21380183461786206,00997812,0.20505183461786206,0.7058284918296767
2021Q2,-0.24555555555555553,01016479,-0.2543055555555555,-0.19873527245949926
2021Q3,-0.18998527245949925,01016479,-0.19873527245949926,0.13306818181818184
2021Q4,0.14181818181818184,01016479,0.13306818181818184,-0.2714888535031847
2022Q1,-0.2627388535031847,01016479,-0.2714888535031847,-0.38240010799136065
2022Q2,-0.37365010799136067,01016479,-0.38240010799136065,-0.3715086206896551
2022Q3,-0.36275862068965514,01016479,-0.3715086206896551,0.42523268398268393
2022Q4,0.4339826839826839,01016479,0.42523268398268393,0.4357783018867925
2023Q1,0.4445283018867925,01016479,0.4357783018867925,0.30786442006269593
2023Q2,0.3166144200626959,01016479,0.30786442006269593,-0.29882936507936503
2023Q3,-0.29007936507936505,01016479,-0.29882936507936503,0.6262416154276131
2023Q4,0.6349916154276132,01016479,0.6262416154276131,0.19637820512820506
2024Q1,0.20512820512820507,01016479,0.19637820512820506,-0.3576861702127659
2024Q2,-0.3489361702127659,01016479,-0.3576861702127659,-0.2423011982570806
2024Q3,-0.2335511982570806,01016479,-0.2423011982570806,-0.0940257248436612
2024Q4,-0.0852757248436612,01016479,-0.0940257248436612,0.2964084835301429
2025Q1,0.30515848353014285,01016479,0.2964084835301429,-0.05160714285714282
2025Q2,-0.042857142857142816,01016479,-0.05160714285714282,0.32209577114427873
2025Q3,0.3308457711442787,01016479,0.32209577114427873,-0.05921728971962622
2025Q4,-0.05046728971962622,01016479,-0.05921728971962622,0.16250984251968495
2026Q1,0.17125984251968496,01016479,0.16250984251968495,-0.09614495798319331
2020Q2,0.09459459459459452,01021666,0.08584459459459451,0.40688786008230454
2020Q3,0.4156378600823045,01021666,0.40688786008230454,0.02613372093023262
2020Q4,0.03488372093023262,01021666,0.02613372093023262,0.10641853932584258
2021Q1,0.11516853932584259,01021666,0.10641853932584258,0.20283690176322414
2021Q2,0.21158690176322414,01021666,0.20283690176322414,0.1055951143451144
2021Q3,0.11434511434511441,01021666,0.1055951143451144,0.14236940298507464
2021Q4,0.15111940298507465,01021666,0.14236940298507464,-0.13354740680713126
2022Q1,-0.12479740680713125,01021666,-0.13354740680713126,-0.44208333333333333
2022Q2,-0.43333333333333335,01021666,-0.44208333333333333,-0.00875
2022Q3,0.0,01021666,-0.00875,-0.12639705882352945
2022Q4,-0.11764705882352944,01021666,-0.12639705882352945,0.43643518518518515
2023Q1,0.44518518518518513,01021666,0.43643518518518515,-0.10511084059456685
2023Q2,-0.09636084059456684,01021666,-0.10511084059456685,-0.18798993193420308
2023Q3,-0.17923993193420307,01021666,-0.18798993193420308,0.28288787145818933
2023Q4,0.2916378714581893,01021666,0.28288787145818933,1.155508962011771
2024Q1,1.164258962011771,01021666,1.155508962011771,0.3287036464771323
2024Q2,0.3374536464771323,01021666,0.3287036464771323,-0.1769570240295749
2024Q3,-0.16820702402957488,01021666,-0.1769570240295749,-0.3498611111111111
2024Q4,-0.34111111111111114,01021666,-0.3498611111111111,-0.3453435919055649
2025Q1,-0.3365935919055649,01021666,-0.3453435919055649,-0.2314241230299949
2025Q2,-0.2226741230299949,01021666,-0.2314241230299949,0.07561886854153047
2025Q3,0.08436886854153047,01021666,0.07561886854153047,0.011756634499396935
2025Q4,0.020506634499396936,01021666,0.011756634499396935,0.08935874704491734
2026Q1,0.09810874704491734,01021666,0.08935874704491734,0.04507131324004313
2025Q2,0.41951219512195115,01022142,0.41076219512195117,0.8898754295532645
2025Q3,0.8986254295532645,01022142,0.8898754295532645,-0.4078450226244344
2025Q4,-0.3990950226244344,01022142,-0.4078450226244344,0.7457680722891566
2026Q1,0.7545180722891567,01022142,0.7457680722891566,-0.21175429184549352
2024Q1,0.12477064220183487,01027828,0.11602064220183486,-0.209402528548124
2024Q2,-0.200652528548124,01027828,-0.209402528548124,-0.28119897959183676
2024Q3,-0.2724489795918368,01027828,-0.28119897959183676,-0.26681451612903223
2024Q4,-0.25806451612903225,01027828,-0.26681451612903223,0.12546550094517953
2025Q1,0.13421550094517953,01027828,0.12546550094517953,0.07791666666666666
2025Q2,0.08666666666666667,01027828,0.07791666666666666,0.129286809815951
2025Q3,0.138036809815951,01027828,0.129286809815951,0.17588611859838268
2025Q4,0.1846361185983827,01027828,0.17588611859838268,-0.1373051763367463
2026Q1,-0.1285551763367463,01027828,-0.1373051763367463,0.42205939947780685
2020Q2,0.08695652173913038,01032413,0.07820652173913037,0.3112500000000001
2020Q3,0.32000000000000006,01032413,0.3112500000000001,0.22357323232323226
2020Q4,0.23232323232323226,01032413,0.22357323232323226,0.35600409836065566
2021Q1,0.36475409836065564,01032413,0.35600409836065566,0.22998873873873873
2021Q2,0.23873873873873874,01032413,0.22998873873873873,-0.00875
2021Q3,0.0,01032413,-0.00875,0.1754924242424243
2021Q4,0.18424242424242432,01032413,0.1754924242424243,0.057780194472876224
2022Q1,0.06653019447287623,01032413,0.057780194472876224,0.17934980806142023
2022Q2,0.18809980806142024,01032413,0.17934980806142023,-0.3342750403877221
2022Q3,-0.3255250403877221,01032413,-0.3342750403877221,-0.15006736526946104
2022Q4,-0.14131736526946104,01032413,-0.15006736526946104,0.4640533472803348
2023Q1,0.4728033472803348,01032413,0.4640533472803348,0.1389772727272727
2023Q2,0.1477272727272727,01032413,0.1389772727272727,-0.0813572607260726
2023Q3,-0.0726072607260726,01032413,-0.0813572607260726,-0.022984875444839813
2023Q4,-0.014234875444839812,01032413,-0.022984875444839813,-0.06290162454873646
2024Q1,-0.054151624548736454,01032413,-0.06290162454873646,-0.13756679389312973
2024Q2,-0.12881679389312972,01032413,-0.13756679389312973,-0.3647193318729463
2024Q3,-0.3559693318729463,01032413,-0.3647193318729463,-0.21283163265306124
2024Q4,-0.20408163265306123,01032413,-0.21283163265306124,0.10877136752136754
2025Q1,0.11752136752136755,01032413,0.10877136752136754,0.0658197896749522
2025Q2,0.0745697896749522,01032413,0.0658197896749522,0.08733540925266906
2025Q3,0.09608540925266906,01032413,0.08733540925266906,0.7996915584415585
2025Q4,0.8084415584415585,01032413,0.7996915584415585,-0.16943222621184925
2026Q1,-0.16068222621184924,01032413,-0.16943222621184925,0.9292179144385027
2023Q1,0.16666666666666674,01033591,0.15791666666666673,-0.04517857142857148
2023Q2,-0.03642857142857148,01033591,-0.04517857142857148,-0.03172998517420308
2023Q3,-0.022979985174203077,01033591,-0.03172998517420308,0.1270618361153262
2023Q4,0.1358118361153262,01033591,0.1270618361153262,1.1121584836339347
2024Q1,1.1209084836339347,01033591,1.1121584836339347,-0.4090649606299212
2024Q2,-0.4003149606299212,01033591,-0.4090649606299212,-0.24667016806722694
2024Q3,-0.23792016806722693,01033591,-0.24667016806722694,-0.20240954514128193
2024Q4,-0.19365954514128192,01033591,-0.20240954514128193,-0.05917735042735047
2025Q1,-0.05042735042735047,01033591,-0.05917735042735047,0.22257313231323142
2025Q2,0.23132313231323143,01033591,0.22257313231323142,0.23613304093567258
2025Q3,0.2448830409356726,01033591,0.23613304093567258,-0.07510349383440992
2025Q4,-0.06635349383440992,01033591,-0.07510349383440992,-0.0747877358490566
2026Q1,-0.06603773584905659,01033591,-0.0747877358490566,0.27138468013468026
2023Q1,0.409438775510204,01035368,0.40068877551020404,0.1631957013574661
2023Q2,0.17194570135746612,01035368,0.1631957013574661,1.3464623552123554
2023Q3,1.3552123552123554,01035368,1.3464623552123554,0.171577868852459
2023Q4,0.180327868852459,01035368,0.171577868852459,0.08847222222222231
2024Q1,0.09722222222222232,01035368,0.08847222222222231,-0.2657120253164557
2024Q2,-0.25696202531645573,01035368,-0.2657120253164557,-0.3791077512776831
2024Q3,-0.3703577512776831,01035368,-0.3791077512776831,-0.13429112554112552
2024Q4,-0.1255411255411255,01035368,-0.13429112554112552,0.1119183168316831
2025Q1,0.12066831683168311,01035368,0.1119183168316831,0.5484007454445057
2025Q2,0.5571507454445057,01035368,0.5484007454445057,0.4788386524822695
2025Q3,0.48758865248226946,01035368,0.4788386524822695,-0.14105035756853398
2025Q4,-0.13230035756853398,01035368,-0.14105035756853398,0.5874038461538462
2026Q1,0.5961538461538463,01035368,0.5874038461538462,-0.1361166092943201
2020Q2,-0.10479041916167664,01037542,-0.11354041916167665,0.061484113712374534
2020Q3,0.07023411371237454,01037542,0.061484113712374534,2.30375
2020Q4,2.3125,01037542,2.30375,-0.348372641509434
2021Q1,-0.339622641509434,01037542,-0.348372641509434,1.5626785714285716
2021Q2,1.5714285714285716,01037542,1.5626785714285716,-0.023194444444444483
2021Q3,-0.014444444444444482,01037542,-0.023194444444444483,0.15246758737316804
2021Q4,0.16121758737316805,01037542,0.15246758737316804,-0.18059466019417478
2022Q1,-0.17184466019417477,01037542,-0.18059466019417478,-0.23383792497069164
2022Q2,-0.22508792497069163,01037542,-0.23383792497069164,-0.3430919062027232
2022Q3,-0.3343419062027232,01037542,-0.3430919062027232,0.023068181818181745
2022Q4,0.031818181818181746,01037542,0.023068181818181745,0.12561123348017625
2023Q1,0.13436123348017626,01037542,0.12561123348017625,0.30581310679611656
2023Q2,0.31456310679611654,01037542,0.30581310679611656,-0.25542651403249633
2023Q3,-0.24667651403249635,01037542,-0.25542651403249633,0.5598774509803921
2023Q4,0.5686274509803921,01037542,0.5598774509803921,-0.0037500000000001074
2024Q1,0.004999999999999893,01037542,-0.0037500000000001074,-0.00875
2024Q2,0.0,01037542,-0.00875,-0.00875
2024Q3,0.0,01037542,-0.00875,-0.00875
2024Q4,0.0,01037542,-0.00875,-0.00875
2025Q1,0.0,01037542,-0.00875,-0.00875
2025Q2,0.0,01037542,-0.00875,-0.00875
2025Q3,0.0,01037542,-0.00875,-0.00875
2025Q4,0.0,01037542,-0.00875,-0.00875
2026Q1,0.0,01037542,-0.00875,-0.00875
2020Q2,0.5800000000000001,01068348,0.57125,0.14821202531645564
2020Q3,0.15696202531645564,01068348,0.14821202531645564,0.25164387308533925
2020Q4,0.26039387308533923,01068348,0.25164387308533925,1.0086111111111111
2021Q1,1.0173611111111112,01068348,1.0086111111111111,-0.11202022375215145
2021Q2,-0.10327022375215145,01068348,-0.11202022375215145,-0.3350455854126679
2021Q3,-0.3262955854126679,01068348,-0.3350455854126679,0.3217343304843306
2021Q4,0.33048433048433057,01068348,0.3217343304843306,0.07047912205567444
2022Q1,0.07922912205567445,01068348,0.07047912205567444,-0.3113293650793651
2022Q2,-0.3025793650793651,01068348,-0.3113293650793651,-0.20647403982930299
2022Q3,-0.19772403982930298,01068348,-0.20647403982930299,-0.07257978723404254
2022Q4,-0.06382978723404253,01068348,-0.07257978723404254,0.5935227272727273
2023Q1,0.6022727272727273,01068348,0.5935227272727273,-0.06666962174940902
2023Q2,-0.05791962174940901,01068348,-0.06666962174940902,-0.22706869510664993
2023Q3,-0.21831869510664992,01068348,-0.22706869510664993,-0.0023294542536116056
2023Q4,0.006420545746388395,01068348,-0.0023294542536116056,-0.053407097288676285
2024Q1,-0.044657097288676284,01068348,-0.053407097288676285,-0.1723560100166945
2024Q2,-0.1636060100166945,01068348,-0.1723560100166945,-0.2522629740518962
2024Q3,-0.2435129740518962,01068348,-0.2522629740518962,-0.2456893139841689
2024Q4,-0.2369393139841689,01068348,-0.2456893139841689,0.1025916320885201
2025Q1,0.1113416320885201,01068348,0.1025916320885201,0.08023568761667701
2025Q2,0.08898568761667702,01068348,0.08023568761667701,0.23982142857142866
2025Q3,0.24857142857142867,01068348,0.23982142857142866,-0.14010011441647593
2025Q4,-0.13135011441647593,01068348,-0.14010011441647593,0.31896338250790307
2026Q1,0.32771338250790305,01068348,0.31896338250790307,-0.09803571428571431
2021Q1,0.3166055322240533,01080252,0.3078555322240533,-0.10161675639300136
2021Q2,-0.09286675639300135,01080252,-0.10161675639300136,-0.20756305637982195
2021Q3,-0.19881305637982194,01080252,-0.20756305637982195,0.10606481481481492
2021Q4,0.11481481481481493,01080252,0.10606481481481492,0.12912375415282387
2022Q1,0.13787375415282388,01080252,0.12912375415282387,-0.1999908759124088
2022Q2,-0.1912408759124088,01080252,-0.1999908759124088,-0.21723375451263535
2022Q3,-0.20848375451263534,01080252,-0.21723375451263535,0.12808010262257688
2022Q4,0.1368301026225769,01080252,0.12808010262257688,0.3252520060180542
2023Q1,0.3340020060180542,01080252,0.3252520060180542,0.13711466165413524
2023Q2,0.14586466165413525,01080252,0.13711466165413524,-0.18722769028871397
2023Q3,-0.17847769028871396,01080252,-0.18722769028871397,0.09987619808306716
2023Q4,0.10862619808306717,01080252,0.09987619808306716,0.021509365994236286
2024Q1,0.030259365994236287,01080252,0.021509365994236286,-0.036722027972028025
2024Q2,-0.027972027972028024,01080252,-0.036722027972028025,-0.2533543165467626
2024Q3,-0.24460431654676262,01080252,-0.2533543165467626,-0.03541666666666662
2024Q4,-0.026666666666666616,01080252,-0.03541666666666662,0.11062377690802341
2025Q1,0.11937377690802342,01080252,0.11062377690802341,-0.12238636363636365
2025Q2,-0.11363636363636365,01080252,-0.12238636363636365,-0.03241863905325445
2025Q3,-0.023668639053254448,01080252,-0.03241863905325445,0.4437752525252526
2025Q4,0.45252525252525255,01080252,0.4437752525252526,-0.13948713490959672
2026Q1,-0.1307371349095967,01080252,-0.13948713490959672,0.13205000000000003
2020Q2,0.6842105263157894,01105621,0.6754605263157893,0.39124999999999993
2020Q3,0.3999999999999999,01105621,0.39124999999999993,0.0024107142857141897
2020Q4,0.01116071428571419,01105621,0.0024107142857141897,-0.5915314569536424
2021Q1,-0.5827814569536424,01105621,-0.5915314569536424,0.16320767195767186
2021Q2,0.17195767195767186,01105621,0.16320767195767186,-0.1645062076749436
2021Q3,-0.15575620767494358,01105621,-0.1645062076749436,-0.11837566844919786
2021Q4,-0.10962566844919786,01105621,-0.11837566844919786,0.07533408408408418
2022Q1,0.08408408408408419,01105621,0.07533408408408418,-0.20819598337950138
2022Q2,-0.19944598337950137,01105621,-0.20819598337950138,-0.44819636678200686
2022Q3,-0.4394463667820069,01105621,-0.44819636678200686,-0.12109567901234572
2022Q4,-0.11234567901234571,01105621,-0.12109567901234572,0.3625990959666204
2023Q1,0.37134909596662036,01105621,0.3625990959666204,0.0987550709939147
2023Q2,0.10750507099391471,01105621,0.0987550709939147,-0.3173580586080586
2023Q3,-0.3086080586080586,01105621,-0.3173580586080586,-0.18623344370860925
2023Q4,-0.17748344370860925,01105621,-0.18623344370860925,0.2585607890499196
2024Q1,0.26731078904991956,01105621,0.2585607890499196,-0.28702191867852606
2024Q2,-0.2782719186785261,01105621,-0.28702191867852606,-0.14607394366197188
2024Q3,-0.13732394366197187,01105621,-0.14607394366197188,-0.1209948979591837
2024Q4,-0.11224489795918369,01105621,-0.1209948979591837,-0.18346264367816098
2025Q1,-0.17471264367816097,01105621,-0.18346264367816098,0.02189066852367686
2025Q2,0.03064066852367686,01105621,0.02189066852367686,0.16422297297297297
2025Q3,0.17297297297297298,01105621,0.16422297297297297,-0.24838133640552992
2025Q4,-0.23963133640552992,01105621,-0.24838133640552992,0.2760984848484849
2026Q1,0.2848484848484849,01105621,0.2760984848484849,-0.06299528301886789
2020Q2,0.6631578947368422,01109539,0.6544078947368421,0.2925158227848102
2020Q3,0.3012658227848102,01109539,0.2925158227848102,0.207203307392996
2020Q4,0.215953307392996,01109539,0.207203307392996,0.04565
2021Q1,0.054400000000000004,01109539,0.04565,-0.045168816388467335
2021Q2,-0.036418816388467334,01109539,-0.045168816388467335,-0.1504822834645669
2021Q3,-0.1417322834645669,01109539,-0.1504822834645669,0.12886467889908262
2021Q4,0.13761467889908263,01109539,0.12886467889908262,-0.12165322580645163
2022Q1,-0.11290322580645162,01109539,-0.12165322580645163,-0.2805681818181818
2022Q2,-0.27181818181818185,01109539,-0.2805681818181818,-0.26343164794007484
2022Q3,-0.25468164794007486,01109539,-0.26343164794007484,-0.06905150753768849
2022Q4,-0.06030150753768848,01109539,-0.06905150753768849,0.5135316399286987
2023Q1,0.5222816399286987,01109539,0.5135316399286987,0.033404566744730725
2023Q2,0.042154566744730726,01109539,0.033404566744730725,-0.16830056179775285
2023Q3,-0.15955056179775284,01109539,-0.16830056179775285,0.3241377005347595
2023Q4,0.33288770053475947,01109539,0.3241377005347595,0.46366725175526585
2024Q1,0.47241725175526583,01109539,0.46366725175526585,1.3631846049046321
2024Q2,1.3719346049046321,01109539,1.3631846049046321,-0.24999066628374497
2024Q3,-0.24124066628374496,01109539,-0.24999066628374497,-0.23585068130204387
2024Q4,-0.22710068130204386,01109539,-0.23585068130204387,0.05295421155729677
2025Q1,0.06170421155729677,01109539,0.05295421155729677,-0.08347324723247238
2025Q2,-0.07472324723247237,01109539,-0.08347324723247238,0.337212113659023
2025Q3,0.34596211365902296,01109539,0.337212113659023,0.06384259259259253
2025Q4,0.07259259259259254,01109539,0.06384259259259253,0.15216160220994482
2026Q1,0.16091160220994483,01109539,0.15216160220994482,0.010881171921475231
2020Q2,1.154963680387409,01113754,1.146213680387409,-0.11549157303370791
2020Q3,-0.1067415730337079,01113754,-0.11549157303370791,0.1296147798742138
2020Q4,0.1383647798742138,01113754,0.1296147798742138,-0.0916229281767956
2021Q1,-0.08287292817679559,01113754,-0.0916229281767956,0.06655120481927715
2021Q2,0.07530120481927716,01113754,0.06655120481927715,-0.22443627450980394
2021Q3,-0.21568627450980393,01113754,-0.22443627450980394,0.1769642857142857
2021Q4,0.18571428571428572,01113754,0.1769642857142857,-0.10212349397590367
2022Q1,-0.09337349397590367,01113754,-0.10212349397590367,-0.2712084717607974
2022Q2,-0.2624584717607974,01113754,-0.2712084717607974,0.13989864864864868
2022Q3,0.14864864864864868,01113754,0.13989864864864868,0.03438725490196085
2022Q4,0.04313725490196085,01113754,0.03438725490196085,0.08072368421052636
2023Q1,0.08947368421052637,01113754,0.08072368421052636,0.12099465148378188
2023Q2,0.1297446514837819,01113754,0.12099465148378188,-0.15413790470372632
2023Q3,-0.1453879047037263,01113754,-0.15413790470372632,-0.08952197998570408
2023Q4,-0.08077197998570407,01113754,-0.08952197998570408,-0.08962091757387244
2024Q1,-0.08087091757387244,01113754,-0.08962091757387244,-0.14072969543147204
2024Q2,-0.13197969543147203,01113754,-0.14072969543147204,-0.36839912280701753
2024Q3,-0.35964912280701755,01113754,-0.36839912280701753,-0.3040315829528158
2024Q4,-0.2952815829528158,01113754,-0.3040315829528158,0.07764308855291582
2025Q1,0.08639308855291583,01113754,0.07764308855291582,0.4306138170974155
2025Q2,0.43936381709741545,01113754,0.4306138170974155,0.14870856353591158
2025Q3,0.1574585635359116,01113754,0.14870856353591158,-0.21996718377088306
2025Q4,-0.21121718377088305,01113754,-0.21996718377088306,0.13043305597579427
2026Q1,0.13918305597579428,01113754,0.13043305597579427,-0.08843127490039845
2020Q2,0.4288577154308617,01135941,0.42010771543086173,-0.07326612903225813
2020Q3,-0.06451612903225812,01135941,-0.07326612903225813,0.31808658170914544
2020Q4,0.3268365817091454,01135941,0.31808658170914544,0.15961158192090388
2021Q1,0.1683615819209039,01135941,0.15961158192090388,-0.04936895551257255
2021Q2,-0.04061895551257255,01135941,-0.04936895551257255,-0.20129032258064514
2021Q3,-0.19254032258064513,01135941,-0.20129032258064514,0.04742977528089879
2021Q4,0.05617977528089879,01135941,0.04742977528089879,-0.10804078014184401
2022Q1,-0.099290780141844,01135941,-0.10804078014184401,-0.22659776902887138
2022Q2,-0.21784776902887137,01135941,-0.22659776902887138,-0.2621057046979866
2022Q3,-0.25335570469798663,01135941,-0.2621057046979866,0.1036095505617978
2022Q4,0.1123595505617978,01135941,0.1036095505617978,0.4074116161616162
2023Q1,0.4161616161616162,01135941,0.4074116161616162,-0.0729440085592011
2023Q2,-0.0641940085592011,01135941,-0.0729440085592011,-0.03314024390243905
2023Q3,-0.024390243902439046,01135941,-0.03314024390243905,0.05218750000000009
2023Q4,0.06093750000000009,01135941,0.05218750000000009,0.21363586156111938
2024Q1,0.2223858615611194,01135941,0.21363586156111938,-0.17019578313253012
2024Q2,-0.1614457831325301,01135941,-0.17019578313253012,-0.11650862068965515
2024Q3,-0.10775862068965514,01135941,-0.11650862068965515,-0.28894323671497585
2024Q4,-0.28019323671497587,01135941,-0.28894323671497585,0.07402404921700215
2025Q1,0.08277404921700215,01135941,0.07402404921700215,0.08422520661157032
2025Q2,0.09297520661157033,01135941,0.08422520661157032,0.7681876181474481
2025Q3,0.7769376181474481,01135941,0.7681876181474481,0.43593085106382984
2025Q4,0.4446808510638298,01135941,0.43593085106382984,0.5832971281296022
2026Q1,0.5920471281296023,01135941,0.5832971281296022,-0.006899861239592929
2020Q2,0.9916666666666667,01170865,0.9829166666666667,0.4033838912133892
2020Q3,0.41213389121338917,01170865,0.4033838912133892,0.062361111111111124
2020Q4,0.07111111111111112,01170865,0.062361111111111124,-0.033646265560166
2021Q1,-0.024896265560165998,01170865,-0.033646265560166,-0.07116134751773048
2021Q2,-0.062411347517730476,01170865,-0.07116134751773048,-0.13431732223903178
2021Q3,-0.12556732223903178,01170865,-0.13431732223903178,0.24384515570934265
2021Q4,0.25259515570934266,01170865,0.24384515570934265,0.013349447513812097
2022Q1,0.022099447513812098,01170865,0.013349447513812097,-0.1019932432432433
2022Q2,-0.09324324324324329,01170865,-0.1019932432432433,-0.06389157973174373
2022Q3,-0.05514157973174372,01170865,-0.06389157973174373,0.052764195583596275
2022Q4,0.061514195583596276,01170865,0.052764195583596275,0.04919947994056465
2023Q1,0.05794947994056465,01170865,0.04919947994056465,-0.0522893258426966
2023Q2,-0.0435393258426966,01170865,-0.0522893258426966,0.1395613069016153
2023Q3,0.14831130690161531,01170865,0.1395613069016153,0.9989226342710995
2023Q4,1.0076726342710995,01170865,0.9989226342710995,0.7326512738853503
2024Q1,0.7414012738853504,01170865,0.7326512738853503,-0.0526417337234821
2024Q2,-0.043891733723482096,01170865,-0.0526417337234821,-0.12504686304514154
2024Q3,-0.11629686304514153,01170865,-0.12504686304514154,-0.2520400432900433
2024Q4,-0.24329004329004333,01170865,-0.2520400432900433,0.033584096109839735
2025Q1,0.042334096109839736,01170865,0.033584096109839735,0.011008507135016367
2025Q2,0.019758507135016368,01170865,0.011008507135016367,0.10535118406889124
2025Q3,0.11410118406889125,01170865,0.10535118406889124,0.050187198067632756
2025Q4,0.05893719806763276,01170865,0.050187198067632756,0.32519160583941603
2026Q1,0.333941605839416,01170865,0.32519160583941603,0.050757523939808404
2021Q3,0.07197549770290967,01199727,0.06322549770290967,-0.007321428571428666
2021Q4,0.0014285714285713347,01199727,-0.007321428571428666,-0.07437054208273894
2022Q1,-0.06562054208273893,01199727,-0.07437054208273894,-0.2537881679389313
2022Q2,-0.2450381679389313,01199727,-0.2537881679389313,-0.21704120323559148
2022Q3,-0.20829120323559147,01199727,-0.21704120323559148,0.0027442528735633145
2022Q4,0.011494252873563315,01199727,0.0027442528735633145,0.25892676767676776
2023Q1,0.26767676767676774,01199727,0.25892676767676776,0.24224601593625497
2023Q2,0.250996015936255,01199727,0.24224601593625497,-0.1441003184713376
2023Q3,-0.1353503184713376,01199727,-0.1441003184713376,0.015191068139963217
2023Q4,0.023941068139963217,01199727,0.015191068139963217,0.3221852517985611
2024Q1,0.3309352517985611,01199727,0.3221852517985611,-0.02091216216216215
2024Q2,-0.012162162162162149,01199727,-0.02091216216216215,-0.1455489056087552
2024Q3,-0.13679890560875518,01199727,-0.1455489056087552,-0.38751386687797146
2024Q4,-0.3787638668779715,01199727,-0.38751386687797146,0.10349489795918368
2025Q1,0.11224489795918369,01199727,0.10349489795918368,0.13345183486238524
2025Q2,0.14220183486238525,01199727,0.13345183486238524,0.3808082329317269
2025Q3,0.38955823293172687,01199727,0.3808082329317269,-0.036206647398843904
2025Q4,-0.027456647398843903,01199727,-0.036206647398843904,0.2928844725111442
2026Q1,0.30163447251114417,01199727,0.2928844725111442,0.5414783105022831
2025Q2,-0.08560311284046696,01208751,-0.09435311284046696,0.1827393617021276
2025Q3,0.1914893617021276,01208751,0.1827393617021276,-0.2908928571428571
2025Q4,-0.28214285714285714,01208751,-0.2908928571428571,-0.12442164179104473
2026Q1,-0.11567164179104472,01208751,-0.12442164179104473,0.7887183544303797
2020Q2,0.34337349397590367,01261893,0.3346234939759037,0.013671524663677194
2020Q3,0.022421524663677195,01261893,0.013671524663677194,0.3399342105263157
2020Q4,0.3486842105263157,01261893,0.3399342105263157,-0.1534654471544716
2021Q1,-0.1447154471544716,01261893,-0.1534654471544716,0.10721958174904936
2021Q2,0.11596958174904937,01261893,0.10721958174904936,-0.18251490630323683
2021Q3,-0.17376490630323682,01261893,-0.18251490630323683,-0.016997422680412343
2021Q4,-0.008247422680412342,01261893,-0.016997422680412343,-0.10230509355509351
2022Q1,-0.0935550935550935,01261893,-0.10230509355509351,-0.18076834862385324
2022Q2,-0.17201834862385323,01261893,-0.18076834862385324,-0.25251731301939057
2022Q3,-0.24376731301939059,01261893,-0.25251731301939057,0.07549908424908416
2022Q4,0.08424908424908417,01261893,0.07549908424908416,0.3898986486486487
2023Q1,0.3986486486486487,01261893,0.3898986486486487,0.01782004830917864
2023Q2,0.02657004830917864,01261893,0.01782004830917864,0.014779411764705798
2023Q3,0.0235294117647058,01261893,0.014779411764705798,0.2234339080459771
2023Q4,0.2321839080459771,01261893,0.2234339080459771,0.6834141791044777
2024Q1,0.6921641791044777,01261893,0.6834141791044777,-0.00875
2024Q2,0.0,01261893,-0.00875,-0.22264195148842333
2024Q3,-0.21389195148842333,01261893,-0.22264195148842333,-0.2780347124824684
2024Q4,-0.26928471248246844,01261893,-0.2780347124824684,0.24268953934740892
2025Q1,0.2514395393474089,01261893,0.24268953934740892,-0.1974003067484663
2025Q2,-0.18865030674846628,01261893,-0.1974003067484663,0.45816871455576563
2025Q3,0.4669187145557656,01261893,0.45816871455576563,0.013157216494845282
2025Q4,0.021907216494845283,01261893,0.013157216494845282,0.09843789407313988
2026Q1,0.10718789407313989,01261893,0.09843789407313988,0.49922266514806385
2023Q4,-0.2729036729036729,01284751,-0.2816536729036729,-0.14428183377811662
2024Q1,-0.13553183377811662,01284751,-0.14428183377811662,0.11991593164277828
2024Q2,0.1286659316427783,01284751,0.11991593164277828,-0.3347244065644232
2024Q3,-0.3259744065644232,01284751,-0.3347244065644232,-0.3165760869565217
2024Q4,-0.3078260869565217,01284751,-0.3165760869565217,-0.281572445561139
2025Q1,-0.272822445561139,01284751,-0.281572445561139,0.47930067664843073
2025Q2,0.4880506766484307,01284751,0.47930067664843073,0.12360294117647055
2025Q3,0.13235294117647056,01284751,0.12360294117647055,-0.21585868079289136
2025Q4,-0.20710868079289135,01284751,-0.21585868079289136,-0.04754310344827591
2026Q1,-0.03879310344827591,01284751,-0.04754310344827591,0.7311603139013452
2022Q4,-0.030797101449275388,01288827,-0.03954710144927539,0.8641471962616822
2023Q1,0.8728971962616823,01288827,0.8641471962616822,0.12897455089820367
2023Q2,0.13772455089820368,01288827,0.12897455089820367,0.04914473684210522
2023Q3,0.05789473684210522,01288827,0.04914473684210522,0.4456446932006633
2023Q4,0.4543946932006633,01288827,0.4456446932006633,0.20219640820980625
2024Q1,0.21094640820980626,01288827,0.20219640820980625,-0.2714618644067796
2024Q2,-0.2627118644067796,01288827,-0.2714618644067796,-0.21436941251596428
2024Q3,-0.20561941251596427,01288827,-0.21436941251596428,-0.171129421221865
2024Q4,-0.162379421221865,01288827,-0.171129421221865,-0.004911228406909683
2025Q1,0.0038387715930903177,01288827,-0.004911228406909683,0.05243546845124273
2025Q2,0.06118546845124273,01288827,0.05243546845124273,0.20746621621621622
2025Q3,0.21621621621621623,01288827,0.20746621621621622,-0.01615740740740742
2025Q4,-0.007407407407407418,01288827,-0.01615740740740742,0.21214552238805975
2026Q1,0.22089552238805976,01288827,0.21214552238805975,0.23574877750611248
2023Q4,-0.34225352112676055,01292291,-0.35100352112676053,-0.32780781584582436
2024Q1,-0.3190578158458244,01292291,-0.32780781584582436,0.29942610062893077
2024Q2,0.30817610062893075,01292291,0.29942610062893077,-0.29
2024Q3,-0.28125,01292291,-0.29,-0.0054055183946488325
2024Q4,0.0033444816053511683,01292291,-0.0054055183946488325,-0.2374166666666667
2025Q1,-0.22866666666666668,01292291,-0.2374166666666667,0.16065363007778746
2025Q2,0.16940363007778747,01292291,0.16065363007778746,0.6246572431633406
2025Q3,0.6334072431633406,01292291,0.6246572431633406,-0.04721153846153844
2025Q4,-0.038461538461538436,01292291,-0.04721153846153844,1.1536029411764703
2026Q1,1.1623529411764704,01292291,1.1536029411764703,1.4156243199129488
2023Q2,0.44019728729963004,01301252,0.43144728729963006,-0.3366609589041096
2023Q3,-0.3279109589041096,01301252,-0.3366609589041096,1.6205493630573247
2023Q4,1.6292993630573247,01301252,1.6205493630573247,-0.6056492248062015
2024Q1,-0.5968992248062015,01301252,-0.6056492248062015,-0.22942307692307692
2024Q2,-0.22067307692307692,01301252,-0.22942307692307692,-0.3955482726711906
2024Q3,-0.3867982726711906,01301252,-0.3955482726711906,-0.22102364185110665
2024Q4,-0.21227364185110664,01301252,-0.22102364185110665,-0.13135536398467437
2025Q1,-0.12260536398467436,01301252,-0.13135536398467437,0.046562954876273634
2025Q2,0.055312954876273634,01301252,0.046562954876273634,0.2684913793103448
2025Q3,0.27724137931034476,01301252,0.2684913793103448,-0.18261609071274296
2025Q4,-0.17386609071274295,01301252,-0.18261609071274296,0.7167401960784314
2026Q1,0.7254901960784315,01301252,0.7167401960784314,0.4677651515151516
2022Q2,-0.14888337468982626,01301623,-0.15763337468982627,-0.1516071428571429
2022Q3,-0.1428571428571429,01301623,-0.1516071428571429,0.018460884353741526
2022Q4,0.027210884353741527,01301623,0.018460884353741526,0.176680463576159
2023Q1,0.185430463576159,01301623,0.176680463576159,0.23147346368715074
2023Q2,0.24022346368715075,01301623,0.23147346368715074,-0.20829954954954952
2023Q3,-0.1995495495495495,01301623,-0.20829954954954952,0.2095955261676983
2023Q4,0.2183455261676983,01301623,0.2095955261676983,0.05129618937644346
2024Q1,0.06004618937644346,01301623,0.05129618937644346,-0.21267156862745104
2024Q2,-0.20392156862745103,01301623,-0.21267156862745104,-0.25505541871921183
2024Q3,-0.24630541871921185,01301623,-0.25505541871921183,-0.42341957153231663
2024Q4,-0.41466957153231665,01301623,-0.42341957153231663,0.0954683622828785
2025Q1,0.10421836228287851,01301623,0.0954683622828785,-0.009873595505618026
2025Q2,-0.0011235955056180247,01301623,-0.009873595505618026,0.5525548368953881
2025Q3,0.5613048368953881,01301623,0.5525548368953881,-0.031084293948126805
2025Q4,-0.022334293948126804,01301623,-0.031084293948126805,-0.09054808400884304
2026Q1,-0.08179808400884303,01301623,-0.09054808400884304,0.16219703049759218
2024Q1,-0.14925373134328357,01309421,-0.15800373134328358,0.11405701754385958
2024Q2,0.12280701754385959,01309421,0.11405701754385958,-0.44460526315789467
2024Q3,-0.4358552631578947,01309421,-0.44460526315789467,-0.3119569970845481
2024Q4,-0.3032069970845481,01309421,-0.3119569970845481,0.02472280334728042
2025Q1,0.03347280334728042,01309421,0.02472280334728042,0.08031882591093112
2025Q2,0.08906882591093113,01309421,0.08031882591093112,0.5024024163568772
2025Q3,0.5111524163568772,01309421,0.5024024163568772,-0.13913130381303815
2025Q4,-0.13038130381303814,01309421,-0.13913130381303815,-0.27183345120226304
2026Q1,-0.26308345120226306,01309421,-0.27183345120226304,-0.04521833013435702
2020Q2,0.4201030927835052,01318933,0.41135309278350524,-0.09949410163339387
2020Q3,-0.09074410163339386,01318933,-0.09949410163339387,-0.012742015968063868
2020Q4,-0.003992015968063867,01318933,-0.012742015968063868,0.4742159318637274
2021Q1,0.4829659318637274,01318933,0.4742159318637274,-0.018209459459459475
2021Q2,-0.009459459459459474,01318933,-0.018209459459459475,-0.2529519099590723
2021Q3,-0.24420190995907232,01318933,-0.2529519099590723,0.15370487364620947
2021Q4,0.16245487364620947,01318933,0.15370487364620947,-0.14229037267080744
2022Q1,-0.13354037267080743,01318933,-0.14229037267080744,-0.18975358422939068
2022Q2,-0.18100358422939067,01318933,-0.18975358422939068,-0.11815919037199127
2022Q3,-0.10940919037199126,01318933,-0.11815919037199127,-0.3502733415233415
2022Q4,-0.3415233415233415,01318933,-0.3502733415233415,0.35393656716417904
2023Q1,0.362686567164179,01318933,0.35393656716417904,-0.13963718510405262
2023Q2,-0.13088718510405262,01318933,-0.13963718510405262,-0.09255592312539382
2023Q3,-0.08380592312539381,01318933,-0.09255592312539382,0.0875361072902339
2023Q4,0.0962861072902339,01318933,0.0875361072902339,0.19890370138017557
2024Q1,0.20765370138017558,01318933,0.19890370138017557,-0.15056818181818185
2024Q2,-0.14181818181818184,01318933,-0.15056818181818185,-0.18550544794188858
2024Q3,-0.17675544794188858,01318933,-0.18550544794188858,-0.18154411764705888
2024Q4,-0.17279411764705888,01318933,-0.18154411764705888,-0.22652777777777774
2025Q1,-0.21777777777777774,01318933,-0.22652777777777774,0.262840909090909
2025Q2,0.271590909090909,01318933,0.262840909090909,-0.2089287310098302
2025Q3,-0.2001787310098302,01318933,-0.2089287310098302,-0.21992318435754196
2025Q4,-0.21117318435754195,01318933,-0.21992318435754196,0.13006019830028318
2026Q1,0.13881019830028318,01318933,0.13006019830028318,-0.43039179104477615
2020Q2,0.6834733893557423,01325429,0.6747233893557423,-0.16515599001663891
2020Q3,-0.1564059900166389,01325429,-0.16515599001663891,0.13128944773175547
2020Q4,0.14003944773175547,01325429,0.13128944773175547,0.41685553633218003
2021Q1,0.42560553633218,01325429,0.41685553633218003,-0.18714805825242717
2021Q2,-0.17839805825242716,01325429,-0.18714805825242717,-0.1904338995568686
2021Q3,-0.1816838995568686,01325429,-0.1904338995568686,0.45695397111913355
2021Q4,0.46570397111913353,01325429,0.45695397111913355,-0.06170566502463056
2022Q1,-0.05295566502463056,01325429,-0.06170566502463056,0.1290913524057218
2022Q2,0.13784135240572182,01325429,0.1290913524057218,-0.3276071428571428
2022Q3,-0.31885714285714284,01325429,-0.3276071428571428,0.11205536912751682
2022Q4,0.12080536912751683,01325429,0.11205536912751682,0.018196107784431072
2023Q1,0.026946107784431073,01325429,0.018196107784431072,-0.02478498542274051
2023Q2,-0.01603498542274051,01325429,-0.02478498542274051,-0.2694907407407407
2023Q3,-0.2607407407407407,01325429,-0.2694907407407407,0.017302104208416748
2023Q4,0.02605210420841675,01325429,0.017302104208416748,0.08695312499999999
2024Q1,0.095703125,01325429,0.08695312499999999,-0.0889639037433155
2024Q2,-0.0802139037433155,01325429,-0.0889639037433155,-0.18898255813953488
2024Q3,-0.18023255813953487,01325429,-0.18898255813953488,0.26784574468085115
2024Q4,0.27659574468085113,01325429,0.26784574468085115,-0.17356481481481487
2025Q1,-0.16481481481481486,01325429,-0.17356481481481487,-0.013184589800443423
2025Q2,-0.0044345898004434225,01325429,-0.013184589800443423,-0.10451837416481066
2025Q3,-0.09576837416481065,01325429,-0.10451837416481066,0.09223522167487677
2025Q4,0.10098522167487678,01325429,0.09223522167487677,0.23957214765100668
2026Q1,0.24832214765100669,01325429,0.23957214765100668,0.20092741935483874
2020Q2,0.2567567567567568,01344363,0.2480067567567568,0.04071236559139794
2020Q3,0.04946236559139794,01344363,0.04071236559139794,-0.21981557377049185
2020Q4,-0.21106557377049184,01344363,-0.21981557377049185,0.20943181818181825
2021Q1,0.21818181818181825,01344363,0.20943181818181825,1.54988539445629
2021Q2,1.55863539445629,01344363,1.54988539445629,0.18958333333333324
2021Q3,0.19833333333333325,01344363,0.18958333333333324,0.10251564673157157
2021Q4,0.11126564673157158,01344363,0.10251564673157157,-0.15768617021276596
2022Q1,-0.14893617021276595,01344363,-0.15768617021276596,-0.18522058823529416
2022Q2,-0.17647058823529416,01344363,-0.18522058823529416,-0.2230357142857143
2022Q3,-0.2142857142857143,01344363,-0.2230357142857143,0.21852272727272729
2022Q4,0.2272727272727273,01344363,0.21852272727272729,-0.23097222222222222
2023Q1,-0.2222222222222222,01344363,-0.23097222222222222,-0.0801785714285714
2023Q2,-0.0714285714285714,01344363,-0.0801785714285714,0.4015064102564104
2023Q3,0.41025641025641035,01344363,0.4015064102564104,-0.09965909090909095
2023Q4,-0.09090909090909094,01344363,-0.09965909090909095,-0.05041666666666663
2024Q1,-0.04166666666666663,01344363,-0.05041666666666663,-0.18701086956521737
2024Q2,-0.17826086956521736,01344363,-0.18701086956521737,-0.2426124338624339
2024Q3,-0.23386243386243388,01344363,-0.2426124338624339,-0.31814226519337013
2024Q4,-0.30939226519337015,01344363,-0.31814226519337013,0.22124999999999997
2025Q1,0.22999999999999998,01344363,0.22124999999999997,0.1717378048780487
2025Q2,0.18048780487804872,01344363,0.1717378048780487,-0.1340943526170799
2025Q3,-0.12534435261707988,01344363,-0.1340943526170799,-0.19142716535433077
2025Q4,-0.18267716535433076,01344363,-0.19142716535433077,0.9083983622350673
2026Q1,0.9171483622350673,01344363,0.9083983622350673,0.8153706030150754
2022Q3,-0.0983302411873841,01364747,-0.1070802411873841,-0.4243878600823045
2022Q4,-0.4156378600823045,01364747,-0.4243878600823045,1.3187147887323944
2023Q1,1.3274647887323945,01364747,1.3187147887323944,-0.05867435703479581
2023Q2,-0.04992435703479581,01364747,-0.05867435703479581,0.1759633757961783
2023Q3,0.1847133757961783,01364747,0.1759633757961783,0.5288844086021505
2023Q4,0.5376344086021505,01364747,0.5288844086021505,0.9667744755244756
2024Q1,0.9755244755244756,01364747,0.9667744755244756,-0.4114048672566371
2024Q2,-0.40265486725663713,01364747,-0.4114048672566371,-0.3709722222222222
2024Q3,-0.3622222222222222,01364747,-0.3709722222222222,-0.10050377468060398
2024Q4,-0.09175377468060397,01364747,-0.10050377468060398,-0.02281649616368283
2025Q1,-0.014066496163682829,01364747,-0.02281649616368283,0.18709954604409854
2025Q2,0.19584954604409854,01364747,0.18709954604409854,0.016195770065075922
2025Q3,0.024945770065075923,01364747,0.016195770065075922,0.08542989417989413
2025Q4,0.09417989417989414,01364747,0.08542989417989413,0.08796179883945834
2026Q1,0.09671179883945835,01364747,0.08796179883945834,-0.040496031746031745
2020Q2,0.6930379746835442,01365825,0.6842879746835442,0.18564252336448608
2020Q3,0.1943925233644861,01365825,0.18564252336448608,0.2604205790297341
2020Q4,0.26917057902973407,01365825,0.2604205790297341,-0.08149969173859437
2021Q1,-0.07274969173859436,01365825,-0.08149969173859437,0.16678191489361696
2021Q2,0.17553191489361697,01365825,0.16678191489361696,-0.18295814479638015
2021Q3,-0.17420814479638014,01365825,-0.18295814479638015,0.4378253424657535
2021Q4,0.4465753424657535,01365825,0.4378253424657535,-0.054204545454545415
2022Q1,-0.045454545454545414,01365825,-0.054204545454545415,-0.27065476190476184
2022Q2,-0.26190476190476186,01365825,-0.27065476190476184,-0.2318682795698925
2022Q3,-0.2231182795698925,01365825,-0.2318682795698925,0.0569939446366781
2022Q4,0.0657439446366781,01365825,0.0569939446366781,0.34514610389610395
2023Q1,0.35389610389610393,01365825,0.34514610389610395,0.07997901678657063
2023Q2,0.08872901678657064,01365825,0.07997901678657063,-0.15985132158590307
2023Q3,-0.15110132158590306,01365825,-0.15985132158590307,0.08362156201349238
2023Q4,0.09237156201349239,01365825,0.08362156201349238,0.4259293349168645
2024Q1,0.4346793349168645,01365825,0.4259293349168645,0.19820364238410584
2024Q2,0.20695364238410585,01365825,0.19820364238410584,-0.38186385459533606
2024Q3,-0.3731138545953361,01365825,-0.38186385459533606,-0.28664934354485777
2024Q4,-0.2778993435448578,01365825,-0.28664934354485777,0.21246212121212119
2025Q1,0.2212121212121212,01365825,0.21246212121212119,-0.04745967741935483
2025Q2,-0.03870967741935483,01365825,-0.04745967741935483,0.6820089055240062
2025Q3,0.6907589055240062,01365825,0.6820089055240062,0.11796755725190836
2025Q4,0.12671755725190836,01365825,0.11796755725190836,1.145721544715447
2026Q1,1.154471544715447,01365825,1.145721544715447,0.29942610062893077
2023Q1,0.911296738265712,01367586,0.902546738265712,0.07761836628511956
2023Q2,0.08636836628511957,01367586,0.07761836628511956,-0.31143199233716473
2023Q3,-0.30268199233716475,01367586,-0.31143199233716473,0.10526098901098904
2023Q4,0.11401098901098905,01367586,0.10526098901098904,0.18483816276202217
2024Q1,0.19358816276202218,01367586,0.18483816276202217,-0.21019628099173557
2024Q2,-0.20144628099173556,01367586,-0.21019628099173557,0.0015992884864164739
2024Q3,0.010349288486416475,01367586,0.0015992884864164739,-0.21361555697823306
2024Q4,-0.20486555697823305,01367586,-0.21361555697823306,-0.00875
2025Q1,0.0,01367586,-0.00875,0.13295692431561992
2025Q2,0.14170692431561993,01367586,0.13295692431561992,-0.07363011283497886
2025Q3,-0.06488011283497885,01367586,-0.07363011283497886,-0.05852375565610864
2025Q4,-0.04977375565610864,01367586,-0.05852375565610864,0.45156746031746026
2026Q1,0.46031746031746024,01367586,0.45156746031746026,-0.18048913043478262
2021Q1,-0.1309055118110236,01368354,-0.13965551181102362,0.10336778029445062
2021Q2,0.11211778029445063,01368354,0.10336778029445062,-0.059666496945010215
2021Q3,-0.050916496945010215,01368354,-0.059666496945010215,0.06850321888412017
2021Q4,0.07725321888412018,01368354,0.06850321888412017,-0.13225597609561754
2022Q1,-0.12350597609561753,01368354,-0.13225597609561754,-0.35647727272727275
2022Q2,-0.3477272727272728,01368354,-0.35647727272727275,-0.2944642857142857
2022Q3,-0.2857142857142857,01368354,-0.2944642857142857,-0.13070121951219513
2022Q4,-0.12195121951219512,01368354,-0.13070121951219513,0.5468055555555555
2023Q1,0.5555555555555556,01368354,0.5468055555555555,-0.00875
2023Q2,0.0,01368354,-0.00875,-0.2948214285714285
2023Q3,-0.28607142857142853,01368354,-0.2948214285714285,0.3519303401700851
2023Q4,0.3606803401700851,01368354,0.3519303401700851,0.19529411764705887
2024Q1,0.20404411764705888,01368354,0.19529411764705887,-0.2682919847328244
2024Q2,-0.2595419847328244,01368354,-0.2682919847328244,-0.4215335051546391
2024Q3,-0.41278350515463913,01368354,-0.4215335051546391,-0.2763061797752809
2024Q4,-0.2675561797752809,01368354,-0.2763061797752809,-0.012585091083413179
2025Q1,-0.003835091083413178,01368354,-0.012585091083413179,0.2809516361886429
2025Q2,0.28970163618864286,01368354,0.2809516361886429,0.2636380597014925
2025Q3,0.2723880597014925,01368354,0.2636380597014925,-0.011682551319648092
2025Q4,-0.0029325513196480912,01368354,-0.011682551319648092,0.32360294117647054
2026Q1,0.3323529411764705,01368354,0.32360294117647054,0.9559299116997793
2024Q1,-0.12784471218206162,01370863,-0.13659471218206162,-0.21470827809949064
2024Q2,-0.20595827809949063,01370863,-0.21470827809949064,-0.2773555706879887
2024Q3,-0.26860557068798874,01370863,-0.2773555706879887,0.06525288322921677
2024Q4,0.07400288322921678,01370863,0.06525288322921677,-0.2281012304250559
2025Q1,-0.2193512304250559,01370863,-0.2281012304250559,-0.04457175096718732
2025Q2,-0.035821750967187316,01370863,-0.04457175096718732,0.26930023034626244
2025Q3,0.2780502303462624,01370863,0.26930023034626244,-0.04712209302325584
2025Q4,-0.03837209302325584,01370863,-0.04712209302325584,0.6611411729141474
2026Q1,0.6698911729141475,01370863,0.6611411729141474,0.0969704923968138
2023Q1,1.470102281667978,01383229,1.461352281667978,-0.031365066093326975
2023Q2,-0.022615066093326974,01383229,-0.031365066093326975,-0.30384532344793874
2023Q3,-0.29509532344793876,01383229,-0.30384532344793874,-0.021232662968099857
2023Q4,-0.012482662968099856,01383229,-0.021232662968099857,0.23516385767790252
2024Q1,0.24391385767790252,01383229,0.23516385767790252,-0.31699237862250657
2024Q2,-0.3082423786225066,01383229,-0.31699237862250657,-0.13415805223068553
2024Q3,-0.12540805223068552,01383229,-0.13415805223068553,-0.29397550544323486
2024Q4,-0.2852255054432349,01383229,-0.29397550544323486,0.12963120104438633
2025Q1,0.13838120104438634,01383229,0.12963120104438633,0.4224426605504588
2025Q2,0.4311926605504588,01383229,0.4224426605504588,0.08686965811965822
2025Q3,0.09561965811965822,01383229,0.08686965811965822,0.40763225255972696
2025Q4,0.41638225255972694,01383229,0.40763225255972696,0.07558734939759029
2026Q1,0.0843373493975903,01383229,0.07558734939759029,1.8325198412698414
2020Q4,0.02722222222222226,01476219,0.018472222222222258,0.008556652244456488
2021Q1,0.01730665224445649,01476219,0.008556652244456488,-0.0018387825624667994
2021Q2,0.006911217437533201,01476219,-0.0018387825624667994,0.000753695881731832
2021Q3,0.009503695881731833,01476219,0.000753695881731832,-0.00875
2021Q4,0.0,01476219,-0.00875,-0.00875
2022Q1,0.0,01476219,-0.00875,0.030998953974895417
2022Q2,0.03974895397489542,01476219,0.030998953974895417,0.07273893360160957
2022Q3,0.08148893360160958,01476219,0.07273893360160957,0.0005523255813953201
2022Q4,0.009302325581395321,01476219,0.0005523255813953201,0.6225864055299539
2023Q1,0.631336405529954,01476219,0.6225864055299539,-0.14010593220338982
2023Q2,-0.1313559322033898,01476219,-0.14010593220338982,-0.18923780487804884
2023Q3,-0.18048780487804883,01476219,-0.18923780487804884,-0.12382936507936512
2023Q4,-0.11507936507936511,01476219,-0.12382936507936512,-0.26076793721973096
2024Q1,-0.252017937219731,01476219,-0.26076793721973096,0.9348950839328536
2024Q2,0.9436450839328536,01476219,0.9348950839328536,-0.47821329426280074
2024Q3,-0.46946329426280076,01476219,-0.47821329426280074,-0.4180523255813953
2024Q4,-0.40930232558139534,01476219,-0.4180523255813953,0.12904527559055115
2025Q1,0.13779527559055116,01476219,0.12904527559055115,1.0725648788927336
2025Q2,1.0813148788927336,01476219,1.0725648788927336,-0.0020999584372402777
2025Q3,0.006650041562759723,01476219,-0.0020999584372402777,0.10603117258464081
2025Q4,0.11478117258464082,01476219,0.10603117258464081,0.5282870370370369
2026Q1,0.537037037037037,01476219,0.5282870370370369,0.9864307228915663
2020Q4,0.2565759113982464,01489648,0.24782591139824642,0.055150110172603774
2021Q1,0.06390011017260377,01489648,0.055150110172603774,0.12587202278218837
2021Q2,0.13462202278218838,01489648,0.12587202278218837,-0.1775969729236386
2021Q3,-0.1688469729236386,01489648,-0.1775969729236386,0.010649707174231339
2021Q4,0.01939970717423134,01489648,0.010649707174231339,-0.12975538599640932
2022Q1,-0.12100538599640931,01489648,-0.12975538599640932,-0.07492647058823529
2022Q2,-0.06617647058823528,01489648,-0.07492647058823529,-0.23053477690288712
2022Q3,-0.22178477690288712,01489648,-0.23053477690288712,0.2160954187745925
2022Q4,0.22484541877459252,01489648,0.2160954187745925,0.06972636530518586
2023Q1,0.07847636530518587,01489648,0.06972636530518586,0.05933510638297882
2023Q2,0.06808510638297882,01489648,0.05933510638297882,-0.09440737051792833
2023Q3,-0.08565737051792832,01489648,-0.09440737051792833,0.3158687363834423
2023Q4,0.3246187363834423,01489648,0.3158687363834423,0.01921052631578938
2024Q1,0.02796052631578938,01489648,0.01921052631578938,-0.07915000000000003
2024Q2,-0.07040000000000002,01489648,-0.07915000000000003,-0.24455034423407915
2024Q3,-0.23580034423407914,01489648,-0.24455034423407915,-0.2637049549549549
2024Q4,-0.2549549549549549,01489648,-0.2637049549549549,0.13151602176541724
2025Q1,0.14026602176541725,01489648,0.13151602176541724,-0.05434915164369033
2025Q2,-0.04559915164369033,01489648,-0.05434915164369033,0.5940277777777778
2025Q3,0.6027777777777779,01489648,0.5940277777777778,-0.10060441941074524
2025Q4,-0.09185441941074524,01489648,-0.10060441941074524,0.38056297709923675
2026Q1,0.38931297709923673,01489648,0.38056297709923675,0.1025137362637363
2021Q1,0.016666666666666607,01505186,0.007916666666666607,0.029567203239186303
2021Q2,0.038317203239186304,01505186,0.029567203239186303,0.08369816435229208
2021Q3,0.09244816435229208,01505186,0.08369816435229208,0.03243056764757094
2021Q4,0.04118056764757094,01505186,0.03243056764757094,-0.07823741533573045
2022Q1,-0.06948741533573044,01505186,-0.07823741533573045,-0.22370327102803741
2022Q2,-0.2149532710280374,01505186,-0.22370327102803741,-0.40069139194139197
2022Q3,-0.391941391941392,01505186,-0.40069139194139197,-0.24764307228915658
2022Q4,-0.23889307228915657,01505186,-0.24764307228915658,1.1371812391788274
2023Q1,1.1459312391788274,01505186,1.1371812391788274,0.1507705163669895
2023Q2,0.1595205163669895,01505186,0.1507705163669895,0.11490805168986087
2023Q3,0.12365805168986088,01505186,0.11490805168986087,-0.3512836164189667
2023Q4,-0.34253361641896674,01505186,-0.3512836164189667,-0.059611141011840695
2024Q1,-0.050861141011840694,01505186,-0.059611141011840695,-0.25074036007938755
2024Q2,-0.24199036007938757,01505186,-0.25074036007938755,-0.08692467738919016
2024Q3,-0.07817467738919015,01505186,-0.08692467738919016,-0.34472078514911747
2024Q4,-0.3359707851491175,01505186,-0.34472078514911747,-0.056718224870149735
2025Q1,-0.047968224870149734,01505186,-0.056718224870149735,-0.05207477535301671
2025Q2,-0.04332477535301671,01505186,-0.05207477535301671,-0.13052121771217715
2025Q3,-0.12177121771217714,01505186,-0.13052121771217715,0.07413770053475946
2025Q4,0.08288770053475947,01505186,0.07413770053475946,-0.29270061728395064
2026Q1,-0.28395061728395066,01505186,-0.29270061728395064,-0.30530172413793105
2022Q4,-0.28374689826302735,01515864,-0.2924968982630273,0.47747899705525715
2023Q1,0.48622899705525713,01515864,0.47747899705525715,0.43658799533799525
2023Q2,0.44533799533799523,01515864,0.43658799533799525,0.055438371905491425
2023Q3,0.06418837190549143,01515864,0.055438371905491425,0.17159401757975304
2023Q4,0.18034401757975305,01515864,0.17159401757975304,-0.37884693779289974
2024Q1,-0.37009693779289976,01515864,-0.37884693779289974,0.0911277007745617
2024Q2,0.0998777007745617,01515864,0.0911277007745617,-0.14616660489251296
2024Q3,-0.13741660489251295,01515864,-0.14616660489251296,0.21361545278762487
2024Q4,0.22236545278762487,01515864,0.21361545278762487,-0.5301490684594429
2025Q1,-0.5213990684594428,01515864,-0.5301490684594429,-0.1826390929122292
2025Q2,-0.1738890929122292,01515864,-0.1826390929122292,-0.4575163925316737
2025Q3,-0.4487663925316737,01515864,-0.4575163925316737,0.6303629032258065
2025Q4,0.6391129032258065,01515864,0.6303629032258065,-0.14774138991389915
2026Q1,-0.13899138991389914,01515864,-0.14774138991389915,0.22982142857142865
2026Q1,0.24224224224224233,01529982,0.23349224224224233,-0.1449304995970991
2024Q1,0.028716216216216228,01540453,0.019966216216216227,-0.273117816091954
2024Q2,-0.26436781609195403,01540453,-0.273117816091954,-0.3893303571428571
2024Q3,-0.3805803571428571,01540453,-0.3893303571428571,0.23088963963963963
2024Q4,0.23963963963963963,01540453,0.23088963963963963,-0.23113372093023252
2025Q1,-0.2223837209302325,01540453,-0.23113372093023252,0.21554906542056076
2025Q2,0.22429906542056077,01540453,0.21554906542056076,-0.10493320610687026
2025Q3,-0.09618320610687026,01540453,-0.10493320610687026,-0.04253378378378377
2025Q4,-0.03378378378378377,01540453,-0.04253378378378377,-0.0734353146853147
2026Q1,-0.06468531468531469,01540453,-0.0734353146853147,0.07536214953271017
2024Q1,0.21126760563380276,01546101,0.20251760563380275,0.0005523255813953201
2024Q2,0.009302325581395321,01546101,0.0005523255813953201,-0.5631278801843318
2024Q3,-0.5543778801843318,01546101,-0.5631278801843318,-0.20523397104446747
2024Q4,-0.19648397104446746,01546101,-0.20523397104446747,0.5909925997425998
2025Q1,0.5997425997425998,01546101,0.5909925997425998,-0.21550784392598551
2025Q2,-0.2067578439259855,01546101,-0.21550784392598551,0.04905933062880322
2025Q3,0.057809330628803224,01546101,0.04905933062880322,-0.08641059443911789
2025Q4,-0.07766059443911788,01546101,-0.08641059443911789,0.2053872141372142
2026Q1,0.2141372141372142,01546101,0.2053872141372142,0.16505136986301364
2022Q4,-0.29763033175355447,01571107,-0.30638033175355445,1.630926113360324
2023Q1,1.639676113360324,01571107,1.630926113360324,-0.02766615541922287
2023Q2,-0.01891615541922287,01571107,-0.02766615541922287,-0.06190268368942161
2023Q3,-0.05315268368942161,01571107,-0.06190268368942161,0.4029175839295543
2023Q4,0.41166758392955427,01571107,0.4029175839295543,0.10625974658869389
2024Q1,0.1150097465886939,01571107,0.10625974658869389,-0.2814772727272727
2024Q2,-0.2727272727272727,01571107,-0.2814772727272727,-0.3722115384615385
2024Q3,-0.3634615384615385,01571107,-0.3722115384615385,0.04336480362537757
2024Q4,0.05211480362537757,01571107,0.04336480362537757,-0.1271993898061737
2025Q1,-0.1184493898061737,01571107,-0.1271993898061737,0.15574511400651472
2025Q2,0.16449511400651473,01571107,0.15574511400651472,-0.18007867132867136
2025Q3,-0.17132867132867136,01571107,-0.18007867132867136,0.20222046413502118
2025Q4,0.21097046413502119,01571107,0.20222046413502118,-0.0010844947735190943
2026Q1,0.0076655052264809065,01571107,-0.0010844947735190943,0.123338520055325
2022Q3,-0.5574697865775264,01573381,-0.5662197865775265,-0.2023874201045904
2022Q4,-0.1936374201045904,01573381,-0.2023874201045904,0.4214427580616105
2023Q1,0.4301927580616105,01573381,0.4214427580616105,0.44168456354704616
2023Q2,0.45043456354704614,01573381,0.44168456354704616,-0.10974869735128098
2023Q3,-0.10099869735128097,01573381,-0.10974869735128098,-0.25314721792890266
2023Q4,-0.24439721792890268,01573381,-0.25314721792890266,-0.0041475965226284925
2024Q1,0.004602403477371508,01573381,-0.0041475965226284925,0.07205936625095435
2024Q2,0.08080936625095436,01573381,0.07205936625095435,-0.36245304957023433
2024Q3,-0.35370304957023435,01573381,-0.36245304957023433,-0.3964344598287484
2024Q4,-0.38768445982874844,01573381,-0.3964344598287484,-0.16703622433799467
2025Q1,-0.15828622433799466,01573381,-0.16703622433799467,-0.016526599505125437
2025Q2,-0.007776599505125437,01573381,-0.016526599505125437,-0.22535135375846102
2025Q3,-0.216601353758461,01573381,-0.22535135375846102,-0.13335209185993632
2025Q4,-0.12460209185993631,01573381,-0.13335209185993632,2.9496915584415584
2026Q1,2.9584415584415584,01573381,2.9496915584415584,0.19203740157480323
2024Q1,-0.03238159745740632,01584183,-0.04113159745740632,-0.47594435694478093
2024Q2,-0.46719435694478095,01584183,-0.47594435694478093,-0.4367439363314805
2024Q3,-0.42799393633148053,01584183,-0.4367439363314805,-0.18012809187279152
2024Q4,-0.17137809187279152,01584183,-0.18012809187279152,0.3697148187633262
2025Q1,0.37846481876332616,01584183,0.3697148187633262,0.12814095127610206
2025Q2,0.13689095127610207,01584183,0.12814095127610206,-0.03936224489795922
2025Q3,-0.030612244897959218,01584183,-0.03936224489795922,0.046688596491228064
2025Q4,0.055438596491228065,01584183,0.046688596491228064,-0.11247340425531913
2026Q1,-0.10372340425531912,01584183,-0.11247340425531913,0.262763353115727
2026Q1,-0.15094339622641506,01627363,-0.15969339622641507,0.7579166666666666
2024Q2,-0.2796875,01676642,-0.28843749999999996,-0.35321854663774405
2024Q3,-0.34446854663774407,01676642,-0.35321854663774405,-0.07096045665122439
2024Q4,-0.06221045665122438,01676642,-0.07096045665122439,0.07311309103740296
2025Q1,0.08186309103740297,01676642,0.07311309103740296,0.8666576973255056
2025Q2,0.8754076973255056,01676642,0.8666576973255056,-0.08005434782608697
2025Q3,-0.07130434782608697,01676642,-0.08005434782608697,0.4182162921348314
2025Q4,0.4269662921348314,01676642,0.4182162921348314,-0.2384087926509186
2026Q1,-0.2296587926509186,01676642,-0.2384087926509186,0.5244697614991483
2024Q4,-0.5810810810810811,01706794,-0.5898310810810812,-0.08939516129032263
2025Q1,-0.08064516129032262,01706794,-0.08939516129032263,2.1929824561429945e-05
2025Q2,0.00877192982456143,01706794,2.1929824561429945e-05,0.1289311594202898
2025Q3,0.1376811594202898,01706794,0.1289311594202898,-0.17817675159235666
2025Q4,-0.16942675159235665,01706794,-0.17817675159235666,-0.030222392638036798
2026Q1,-0.021472392638036797,01706794,-0.030222392638036798,-0.03226097178683381
2025Q2,-0.23938814531548758,01747977,-0.24813814531548758,0.05208459024635496
2025Q3,0.06083459024635496,01747977,0.05208459024635496,0.7116291469194314
2025Q4,0.7203791469194314,01747977,0.7116291469194314,-0.12720730027548208
2026Q1,-0.11845730027548207,01747977,-0.12720730027548208,0.06624999999999995
2026Q1,-0.15670650730411684,01957282,-0.16545650730411685,-0.35756889763779526
