period,Return,corp_code,Ex_Return,Next_Ex_Return
2020Q2,0.1981566820276497,00101220,0.18940668202764968,0.5374038461538462
2020Q3,0.5461538461538462,00101220,0.5374038461538462,0.17781716417910445
2020Q4,0.18656716417910446,00101220,0.17781716417910445,0.12332547169811317
2021Q1,0.13207547169811318,00101220,0.12332547169811317,0.4393981481481482
2021Q2,0.4481481481481482,00101220,0.4393981481481482,-0.12639705882352945
2021Q3,-0.11764705882352944,00101220,-0.12639705882352945,-0.11744565217391309
2021Q4,-0.10869565217391308,00101220,-0.11744565217391309,0.007510162601626104
2022Q1,0.016260162601626105,00101220,0.007510162601626104,-0.13675
2022Q2,-0.128,00101220,-0.13675,-0.21975917431192657
2022Q3,-0.21100917431192656,00101220,-0.21975917431192657,-0.05293604651162794
2022Q4,-0.04418604651162794,00101220,-0.05293604651162794,0.9523205596107056
2023Q1,0.9610705596107056,00101220,0.9523205596107056,0.06569168734491318
2023Q2,0.07444168734491319,00101220,0.06569168734491318,-0.18311489607390305
2023Q3,-0.17436489607390304,00101220,-0.18311489607390305,-0.05070804195804198
2023Q4,-0.04195804195804198,00101220,-0.05070804195804198,-0.14743613138686137
2024Q1,-0.13868613138686137,00101220,-0.14743613138686137,-0.17993644067796608
2024Q2,-0.17118644067796607,00101220,-0.17993644067796608,-0.13042689161554197
2024Q3,-0.12167689161554196,00101220,-0.13042689161554197,-0.14029831199068685
2024Q4,-0.13154831199068684,00101220,-0.14029831199068685,-0.043602546916890104
2025Q1,-0.034852546916890104,00101220,-0.043602546916890104,0.2704166666666666
2025Q2,0.27916666666666656,00101220,0.2704166666666666,0.03250950054288818
2025Q3,0.04125950054288818,00101220,0.03250950054288818,0.08822601668404587
2025Q4,0.09697601668404587,00101220,0.08822601668404587,-0.06198193916349811
2026Q1,-0.05323193916349811,00101220,-0.06198193916349811,-0.035858433734939764
2020Q2,0.11111111111111116,00102353,0.10236111111111115,1.24125
2020Q3,1.25,00102353,1.24125,0.4157514245014245
2020Q4,0.4245014245014245,00102353,0.4157514245014245,0.1332499999999999
2021Q1,0.1419999999999999,00102353,0.1332499999999999,0.019271015761821254
2021Q2,0.028021015761821255,00102353,0.019271015761821254,0.23486158432708695
2021Q3,0.24361158432708696,00102353,0.23486158432708695,-0.056695205479452025
2021Q4,-0.047945205479452024,00102353,-0.056695205479452025,-0.14112410071942447
2022Q1,-0.13237410071942446,00102353,-0.14112410071942447,-0.17127072968490883
2022Q2,-0.16252072968490883,00102353,-0.17127072968490883,-0.2681559405940594
2022Q3,-0.2594059405940594,00102353,-0.2681559405940594,0.0580949197860963
2022Q4,0.0668449197860963,00102353,0.0580949197860963,0.00879385964912286
2023Q1,0.01754385964912286,00102353,0.00879385964912286,0.8114470443349753
2023Q2,0.8201970443349753,00102353,0.8114470443349753,-0.3186282138024357
2023Q3,-0.30987821380243574,00102353,-0.3186282138024357,-0.06953431372549021
2023Q4,-0.0607843137254902,00102353,-0.06953431372549021,-0.07555584551148228
2024Q1,-0.06680584551148228,00102353,-0.07555584551148228,0.10534395973154356
2024Q2,0.11409395973154357,00102353,0.10534395973154356,-0.06899096385542167
2024Q3,-0.06024096385542166,00102353,-0.06899096385542167,-0.18695512820512825
2024Q4,-0.17820512820512824,00102353,-0.18695512820512825,-0.07583268330733225
2025Q1,-0.06708268330733225,00102353,-0.07583268330733225,-0.08065635451505013
2025Q2,-0.07190635451505012,00102353,-0.08065635451505013,-0.10724849849849846
2025Q3,-0.09849849849849845,00102353,-0.10724849849849846,-0.012081112591605568
2025Q4,-0.0033311125916055673,00102353,-0.012081112591605568,0.3348328877005347
2026Q1,0.3435828877005347,00102353,0.3348328877005347,-0.0669589552238806
2020Q2,0.22230710466004577,00102618,0.21355710466004577,0.1624999999999999
2020Q3,0.1712499999999999,00102618,0.1624999999999999,0.3781229989327642
2020Q4,0.38687299893276417,00102618,0.3781229989327642,-0.007595709888418699
2021Q1,0.001154290111581302,00102618,-0.007595709888418699,0.17956667947732521
2021Q2,0.18831667947732522,00102618,0.17956667947732521,-0.11288971539456669
2021Q3,-0.10413971539456668,00102618,-0.11288971539456669,-0.1213853790613719
2021Q4,-0.11263537906137189,00102618,-0.1213853790613719,-0.13120728234336862
2022Q1,-0.12245728234336861,00102618,-0.13120728234336862,-0.00875
2022Q2,0.0,00102618,-0.00875,-0.23452654149281413
2022Q3,-0.22577654149281412,00102618,-0.23452654149281413,0.32897455089820365
2022Q4,0.33772455089820363,00102618,0.32897455089820365,-0.032921888988361646
2023Q1,-0.024171888988361645,00102618,-0.032921888988361646,-0.004162844036697165
2023Q2,0.004587155963302836,00102618,-0.004162844036697165,-0.07496004566210043
2023Q3,-0.06621004566210043,00102618,-0.07496004566210043,-0.10165953545232273
2023Q4,-0.09290953545232272,00102618,-0.10165953545232273,-0.07559636118598387
2024Q1,-0.06684636118598386,00102618,-0.07559636118598387,-0.0018175909878683436
2024Q2,0.006932409012131657,00102618,-0.0018175909878683436,-0.11775745840504878
2024Q3,-0.10900745840504877,00102618,-0.11775745840504878,-0.025491790083708908
2024Q4,-0.016741790083708907,00102618,-0.025491790083708908,-0.0788220366732155
2025Q1,-0.07007203667321549,00102618,-0.0788220366732155,0.01589788732394374
2025Q2,0.02464788732394374,00102618,0.01589788732394374,-0.02730670103092788
2025Q3,-0.01855670103092788,00102618,-0.02730670103092788,3.634107142857143
2025Q4,3.6428571428571432,00102618,3.634107142857143,-0.1746625188536953
2026Q1,-0.1659125188536953,00102618,-0.1746625188536953,0.4143964737793851
2020Q2,0.5077399380804954,00103510,0.49898993808049547,0.9255415811088294
2020Q3,0.9342915811088295,00103510,0.9255415811088294,0.5782988322717622
2020Q4,0.5870488322717622,00103510,0.5782988322717622,-0.038850334448160516
2021Q1,-0.030100334448160515,00103510,-0.038850334448160516,0.24987068965517237
2021Q2,0.2586206896551724,00103510,0.24987068965517237,-0.19779109589041097
2021Q3,-0.18904109589041096,00103510,-0.19779109589041097,0.02503378378378377
2021Q4,0.03378378378378377,00103510,0.02503378378378377,-0.21463235294117652
2022Q1,-0.20588235294117652,00103510,-0.21463235294117652,-0.40875
2022Q2,-0.4,00103510,-0.40875,0.09138717421124823
2022Q3,0.10013717421124824,00103510,0.09138717421124823,-0.13717892768079806
2022Q4,-0.12842892768079806,00103510,-0.13717892768079806,0.24017703862660936
2023Q1,0.24892703862660936,00103510,0.24017703862660936,0.06112399770904923
2023Q2,0.06987399770904923,00103510,0.06112399770904923,-0.03551659528907921
2023Q3,-0.02676659528907921,00103510,-0.03551659528907921,-0.1176608910891089
2023Q4,-0.1089108910891089,00103510,-0.1176608910891089,-0.04578703703703709
2024Q1,-0.03703703703703709,00103510,-0.04578703703703709,-0.11900641025641032
2024Q2,-0.11025641025641031,00103510,-0.11900641025641032,-0.1225828530259366
2024Q3,-0.1138328530259366,00103510,-0.1225828530259366,-0.08517276422764228
2024Q4,-0.07642276422764227,00103510,-0.08517276422764228,-0.024595070422535247
2025Q1,-0.015845070422535246,00103510,-0.024595070422535247,0.07711762075134157
2025Q2,0.08586762075134158,00103510,0.07711762075134157,-0.0746478583196046
2025Q3,-0.0658978583196046,00103510,-0.0746478583196046,0.12176146384479727
2025Q4,0.13051146384479728,00103510,0.12176146384479727,0.013090873634945356
2026Q1,0.021840873634945357,00103510,0.013090873634945356,0.001937022900763398
2020Q2,0.3350739773716276,00105606,0.3263239773716276,1.325017926988266
2020Q3,1.333767926988266,00105606,1.325017926988266,-0.2713198324022346
2020Q4,-0.26256983240223464,00105606,-0.2713198324022346,-0.1602651515151515
2021Q1,-0.1515151515151515,00105606,-0.1602651515151515,0.013571428571428602
2021Q2,0.022321428571428603,00105606,0.013571428571428602,0.039284934497816594
2021Q3,0.048034934497816595,00105606,0.039284934497816594,-0.12750000000000003
2021Q4,-0.11875000000000002,00105606,-0.12750000000000003,-0.18132683215130027
2022Q1,-0.17257683215130026,00105606,-0.18132683215130027,-0.20874999999999996
2022Q2,-0.19999999999999996,00105606,-0.20874999999999996,-0.23732142857142854
2022Q3,-0.22857142857142854,00105606,-0.23732142857142854,-0.18282407407407406
2022Q4,-0.17407407407407405,00105606,-0.18282407407407406,-0.07040919282511213
2023Q1,-0.06165919282511212,00105606,-0.07040919282511213,-0.052955495818399055
2023Q2,-0.044205495818399054,00105606,-0.052955495818399055,-0.12625000000000006
2023Q3,-0.11750000000000005,00105606,-0.12625000000000006,-0.10223441926345608
2023Q4,-0.09348441926345608,00105606,-0.10223441926345608,-0.013437499999999956
2024Q1,-0.004687499999999956,00105606,-0.013437499999999956,-0.0982319466248038
2024Q2,-0.0894819466248038,00105606,-0.0982319466248038,0.013663793103448264
2024Q3,0.022413793103448265,00105606,0.013663793103448264,0.04352655986509272
2024Q4,0.05227655986509272,00105606,0.04352655986509272,-0.12894230769230772
2025Q1,-0.12019230769230771,00105606,-0.12894230769230772,0.3446197632058288
2025Q2,0.3533697632058288,00105606,0.3446197632058288,-0.22140141318977122
2025Q3,-0.2126514131897712,00105606,-0.22140141318977122,-0.09934829059829062
2025Q4,-0.09059829059829061,00105606,-0.09934829059829062,-0.23995300751879697
2026Q1,-0.23120300751879697,00105606,-0.23995300751879697,-0.2801436430317848
2020Q2,0.28917910447761197,00106623,0.280429104477612,0.1634641823444283
2020Q3,0.1722141823444283,00106623,0.1634641823444283,0.31223765432098777
2020Q4,0.32098765432098775,00106623,0.31223765432098777,0.4323714953271028
2021Q1,0.44112149532710276,00106623,0.4323714953271028,0.3077221141374838
2021Q2,0.3164721141374838,00106623,0.3077221141374838,-0.2323953201970443
2021Q3,-0.2236453201970443,00106623,-0.2323953201970443,0.005209390862944065
2021Q4,0.013959390862944066,00106623,0.005209390862944065,-0.20399405506883603
2022Q1,-0.19524405506883602,00106623,-0.20399405506883603,-0.14094284603421467
2022Q2,-0.13219284603421466,00106623,-0.14094284603421467,0.06831093189964157
2022Q3,0.07706093189964158,00106623,0.06831093189964157,-0.18595465890183024
2022Q4,-0.17720465890183024,00106623,-0.18595465890183024,0.12370702730030339
2023Q1,0.1324570273003034,00106623,0.12370702730030339,0.1876785714285714
2023Q2,0.1964285714285714,00106623,0.1876785714285714,-0.05800373134328359
2023Q3,-0.04925373134328359,00106623,-0.05800373134328359,0.013228021978021899
2023Q4,0.0219780219780219,00106623,0.013228021978021899,-0.13778225806451613
2024Q1,-0.12903225806451613,00106623,-0.13778225806451613,0.012414021164021162
2024Q2,0.021164021164021163,00106623,0.012414021164021162,-0.11928540587219347
2024Q3,-0.11053540587219346,00106623,-0.11928540587219347,-0.2747694174757281
2024Q4,-0.2660194174757281,00106623,-0.2747694174757281,0.1605621693121693
2025Q1,0.1693121693121693,00106623,0.1605621693121693,0.027449095022624527
2025Q2,0.03619909502262453,00106623,0.027449095022624527,0.048018558951965086
2025Q3,0.05676855895196509,00106623,0.048018558951965086,0.5552995867768595
2025Q4,0.5640495867768596,00106623,0.5552995867768595,0.009744055482166426
2026Q1,0.018494055482166427,00106623,0.009744055482166426,0.13651588845654986
2020Q2,0.23269230769230775,00106641,0.22394230769230775,0.4545885335413416
2020Q3,0.4633385335413416,00106641,0.4545885335413416,0.3217404051172708
2020Q4,0.3304904051172708,00106641,0.3217404051172708,0.319775641025641
2021Q1,0.32852564102564097,00106641,0.319775641025641,0.07207026537997588
2021Q2,0.08082026537997589,00106641,0.07207026537997588,-0.10250000000000001
2021Q3,-0.09375,00106641,-0.10250000000000001,0.0035652709359606308
2021Q4,0.012315270935960632,00106641,0.0035652709359606308,-0.10850669099756691
2022Q1,-0.0997566909975669,00106641,-0.10850669099756691,0.03584459459459469
2022Q2,0.044594594594594694,00106641,0.03584459459459469,-0.07860769728331182
2022Q3,-0.06985769728331181,00106641,-0.07860769728331182,-0.1839933936022253
2022Q4,-0.1752433936022253,00106641,-0.1839933936022253,0.3571859190556493
2023Q1,0.36593591905564926,00106641,0.3571859190556493,0.08384259259259255
2023Q2,0.09259259259259256,00106641,0.08384259259259255,-0.08897598870056497
2023Q3,-0.08022598870056497,00106641,-0.08897598870056497,0.21975122850122844
2023Q4,0.22850122850122845,00106641,0.21975122850122844,0.09325000000000008
2024Q1,0.10200000000000009,00106641,0.09325000000000008,0.16457123411978228
2024Q2,0.17332123411978229,00106641,0.16457123411978228,-0.23612819025522044
2024Q3,-0.22737819025522044,00106641,-0.23612819025522044,-0.0007419919919919513
2024Q4,0.00800800800800805,00106641,-0.0007419919919919513,-0.092166087388282
2025Q1,-0.08341608738828199,00106641,-0.092166087388282,0.04108748645720487
2025Q2,0.04983748645720487,00106641,0.04108748645720487,0.030465686274509886
2025Q3,0.03921568627450989,00106641,0.030465686274509886,0.20078326713008934
2025Q4,0.20953326713008935,00106641,0.20078326713008934,0.1833682266009853
2026Q1,0.19211822660098532,00106641,0.1833682266009853,0.12279269972451792
2020Q2,-0.032100888506735425,00110583,-0.040850888506735426,0.07742115783239559
2020Q3,0.0861711578323956,00110583,0.07742115783239559,0.3224931842966195
2020Q4,0.3312431842966195,00110583,0.3224931842966195,0.3047867601884087
2021Q1,0.3135367601884087,00110583,0.3047867601884087,-0.00875
2021Q2,0.0,00110583,-0.00875,-0.247446601184908
2021Q3,-0.23869660118490799,00110583,-0.247446601184908,-0.04847967438050379
2021Q4,-0.03972967438050379,00110583,-0.04847967438050379,-0.243981392621028
2022Q1,-0.235231392621028,00110583,-0.243981392621028,0.15800962074735073
2022Q2,0.16675962074735073,00110583,0.15800962074735073,-0.25970602294455064
2022Q3,-0.25095602294455066,00110583,-0.25970602294455064,-0.07862874920229743
2022Q4,-0.06987874920229742,00110583,-0.07862874920229743,0.034817753001715336
2023Q1,0.04356775300171534,00110583,0.034817753001715336,-0.0728525641025641
2023Q2,-0.0641025641025641,00110583,-0.0728525641025641,-0.26305277485072004
2023Q3,-0.25430277485072006,00110583,-0.26305277485072004,0.0006706311822893066
2023Q4,0.009420631182289307,00110583,0.0006706311822893066,0.022981217918805398
2024Q1,0.0317312179188054,00110583,0.022981217918805398,-0.12317786069651745
2024Q2,-0.11442786069651745,00110583,-0.12317786069651745,-0.4306090398365679
2024Q3,-0.4218590398365679,00110583,-0.4306090398365679,-0.28525176678445224
2024Q4,-0.27650176678445226,00110583,-0.28525176678445224,-0.19800518925518926
2025Q1,-0.18925518925518925,00110583,-0.19800518925518926,0.18251506024096378
2025Q2,0.1912650602409638,00110583,0.18251506024096378,0.06963179519595444
2025Q3,0.07838179519595445,00110583,0.06963179519595444,-0.09667497069167649
2025Q4,-0.08792497069167649,00110583,-0.09667497069167649,0.06837082262210806
2026Q1,0.07712082262210807,00110583,0.06837082262210806,-0.07557577565632465
2020Q2,0.36438356164383556,00111689,0.3556335616438356,0.08161144578313254
2020Q3,0.09036144578313254,00111689,0.08161144578313254,0.013349447513812097
2020Q4,0.022099447513812098,00111689,0.013349447513812097,-0.07541666666666666
2021Q1,-0.06666666666666665,00111689,-0.07541666666666666,0.016346525096525157
2021Q2,0.025096525096525157,00111689,0.016346525096525157,-0.10291195856873822
2021Q3,-0.09416195856873821,00111689,-0.10291195856873822,0.01619802494802495
2021Q4,0.02494802494802495,00111689,0.01619802494802495,-0.08988590263691684
2022Q1,-0.08113590263691683,00111689,-0.08988590263691684,-0.1919729580573952
2022Q2,-0.1832229580573952,00111689,-0.1919729580573952,-0.13847972972972974
2022Q3,-0.12972972972972974,00111689,-0.13847972972972974,-0.11434006211180123
2022Q4,-0.10559006211180122,00111689,-0.11434006211180123,0.010694444444444375
2023Q1,0.019444444444444375,00111689,0.010694444444444375,0.1669993188010899
2023Q2,0.1757493188010899,00111689,0.1669993188010899,-0.11535486674391657
2023Q3,-0.10660486674391656,00111689,-0.11535486674391657,-0.13974870298313877
2023Q4,-0.13099870298313876,00111689,-0.13974870298313877,-0.06845149253731339
2024Q1,-0.05970149253731338,00111689,-0.06845149253731339,-0.015099206349206327
2024Q2,-0.006349206349206327,00111689,-0.015099206349206327,-0.13734424920127794
2024Q3,-0.12859424920127793,00111689,-0.13734424920127794,-0.08849335472043993
2024Q4,-0.07974335472043992,00111689,-0.08849335472043993,-0.011738047808764938
2025Q1,-0.0029880478087649376,00111689,-0.011738047808764938,-0.0067519980019980705
2025Q2,0.0019980019980019303,00111689,-0.0067519980019980705,-0.005758973080757644
2025Q3,0.0029910269192423566,00111689,-0.005758973080757644,-0.09423707753479124
2025Q4,-0.08548707753479123,00111689,-0.09423707753479124,0.08907608695652172
2026Q1,0.09782608695652173,00111689,0.08907608695652172,-0.05627475247524757
2020Q2,0.10215053763440851,00111847,0.0934005376344085,0.31970528455284547
2020Q3,0.32845528455284545,00111847,0.31970528455284547,-0.07239749082007349
2020Q4,-0.06364749082007348,00111847,-0.07239749082007349,0.16118464052287587
2021Q1,0.16993464052287588,00111847,0.16118464052287587,-0.060146648044692684
2021Q2,-0.05139664804469268,00111847,-0.060146648044692684,-0.03937426383981154
2021Q3,-0.03062426383981154,00111847,-0.03937426383981154,-0.10231014580801942
2021Q4,-0.09356014580801941,00111847,-0.10231014580801942,-0.14950067024128685
2022Q1,-0.14075067024128685,00111847,-0.14950067024128685,-0.12263455538221532
2022Q2,-0.11388455538221531,00111847,-0.12263455538221532,-0.061566901408450746
2022Q3,-0.052816901408450745,00111847,-0.061566901408450746,0.2514730483271375
2022Q4,0.2602230483271375,00111847,0.2514730483271375,0.011898967551622376
2023Q1,0.020648967551622377,00111847,0.011898967551622376,0.25714595375722543
2023Q2,0.2658959537572254,00111847,0.25714595375722543,0.23325913242009125
2023Q3,0.24200913242009126,00111847,0.23325913242009125,-0.00875
2023Q4,0.0,00111847,-0.00875,-0.06389705882352945
2024Q1,-0.05514705882352944,00111847,-0.06389705882352945,0.06517996108949412
2024Q2,0.07392996108949412,00111847,0.06517996108949412,-0.26056159420289854
2024Q3,-0.25181159420289856,00111847,-0.26056159420289854,-0.06686138014527851
2024Q4,-0.0581113801452785,00111847,-0.06686138014527851,-0.10258033419023135
2025Q1,-0.09383033419023135,00111847,-0.10258033419023135,0.03947695035461
2025Q2,0.04822695035461,00111847,0.03947695035461,0.0020754397834912633
2025Q3,0.010825439783491264,00111847,0.0020754397834912633,0.026055890227576962
2025Q4,0.03480589022757696,00111847,0.026055890227576962,0.005480271668822735
2026Q1,0.014230271668822736,00111847,0.005480271668822735,0.20426020408163262
2020Q2,0.3189873417721518,00111874,0.31023734177215184,0.006605086372360826
2020Q3,0.015355086372360827,00111874,0.006605086372360826,0.03661862003780717
2020Q4,0.04536862003780717,00111874,0.03661862003780717,0.3601469258589512
2021Q1,0.3688969258589512,00111874,0.3601469258589512,0.0995723249669749
2021Q2,0.10832232496697491,00111874,0.0995723249669749,-0.21613974970202618
2021Q3,-0.20738974970202617,00111874,-0.21613974970202618,0.027340225563909727
2021Q4,0.03609022556390973,00111874,0.027340225563909727,-0.10744375907111756
2022Q1,-0.09869375907111755,00111874,-0.10744375907111756,-0.1746115136876006
2022Q2,-0.1658615136876006,00111874,-0.1746115136876006,-0.0444642857142857
2022Q3,-0.0357142857142857,00111874,-0.0444642857142857,0.054313063063063084
2022Q4,0.06306306306306309,00111874,0.054313063063063084,0.14567561205273075
2023Q1,0.15442561205273075,00111874,0.14567561205273075,0.0010379282218598088
2023Q2,0.00978792822185981,00111874,0.0010379282218598088,-0.10083400646203552
2023Q3,-0.09208400646203552,00111874,-0.10083400646203552,0.030395907473309593
2023Q4,0.039145907473309594,00111874,0.030395907473309593,0.06830479452054797
2024Q1,0.07705479452054798,00111874,0.06830479452054797,-0.0071601748807632246
2024Q2,0.0015898251192367763,00111874,-0.0071601748807632246,-0.07859126984126982
2024Q3,-0.06984126984126982,00111874,-0.07859126984126982,-0.00021757679180885864
2024Q4,0.008532423208191142,00111874,-0.00021757679180885864,0.2146002538071066
2025Q1,0.2233502538071066,00111874,0.2146002538071066,0.48779218533886587
2025Q2,0.49654218533886585,00111874,0.48779218533886587,0.057793438077633964
2025Q3,0.06654343807763397,00111874,0.057793438077633964,0.21828639514731377
2025Q4,0.22703639514731377,00111874,0.21828639514731377,-0.1273940677966102
2026Q1,-0.11864406779661019,00111874,-0.1273940677966102,-0.11932692307692314
2020Q2,0.3004291845493563,00112165,0.2916791845493563,-0.04835396039603964
2020Q3,-0.03960396039603964,00112165,-0.04835396039603964,1.0118685567010308
2020Q4,1.0206185567010309,00112165,1.0118685567010308,0.06607993197278919
2021Q1,0.0748299319727892,00112165,0.06607993197278919,0.9880854430379746
2021Q2,0.9968354430379747,00112165,0.9880854430379746,-0.12126980982567356
2021Q3,-0.11251980982567356,00112165,-0.12126980982567356,-0.014107142857142839
2021Q4,-0.005357142857142838,00112165,-0.014107142857142839,-0.09133527827648111
2022Q1,-0.0825852782764811,00112165,-0.09133527827648111,-0.18585371819960858
2022Q2,-0.17710371819960857,00112165,-0.18585371819960858,-0.271532401902497
2022Q3,-0.262782401902497,00112165,-0.271532401902497,0.07834677419354844
2022Q4,0.08709677419354844,00112165,0.07834677419354844,0.1796772997032641
2023Q1,0.1884272997032641,00112165,0.1796772997032641,0.5343211610486891
2023Q2,0.5430711610486891,00112165,0.5343211610486891,0.05597491909385103
2023Q3,0.06472491909385103,00112165,0.05597491909385103,-0.251911094224924
2023Q4,-0.24316109422492405,00112165,-0.251911094224924,0.12177208835341372
2024Q1,0.13052208835341372,00112165,0.12177208835341372,0.021445381882770932
2024Q2,0.030195381882770933,00112165,0.021445381882770932,-0.3208189655172414
2024Q3,-0.3120689655172414,00112165,-0.3208189655172414,-0.08644423558897249
2024Q4,-0.07769423558897248,00112165,-0.08644423558897249,0.09179347826086962
2025Q1,0.10054347826086962,00112165,0.09179347826086962,0.15668209876543207
2025Q2,0.16543209876543208,00112165,0.15668209876543207,-0.08608050847457624
2025Q3,-0.07733050847457623,00112165,-0.08608050847457624,2.3023866245694604
2025Q4,2.3111366245694605,00112165,2.3023866245694604,-0.43801490984743413
2026Q1,-0.42926490984743415,00112165,-0.43801490984743413,-0.01239520048602668
2020Q2,0.11522872032426168,00112378,0.10647872032426167,0.13974428868120461
2020Q3,0.14849428868120462,00112378,0.13974428868120461,0.4713584990958409
2020Q4,0.48010849909584086,00112378,0.4713584990958409,0.1500771227855833
2021Q1,0.1588271227855833,00112378,0.1500771227855833,-0.07701568265682654
2021Q2,-0.06826568265682653,00112378,-0.07701568265682654,-0.1804614568599717
2021Q3,-0.1717114568599717,00112378,-0.1804614568599717,-0.1566325136612022
2021Q4,-0.1478825136612022,00112378,-0.1566325136612022,0.01890531062124249
2022Q1,0.02765531062124249,00112378,0.01890531062124249,-0.31257215288611545
2022Q2,-0.30382215288611547,00112378,-0.31257215288611545,0.022622549019607953
2022Q3,0.031372549019607954,00112378,0.022622549019607953,-0.1315093699076589
2022Q4,-0.1227593699076589,00112378,-0.1315093699076589,-0.10844040247678019
2023Q1,-0.09969040247678018,00112378,-0.10844040247678019,0.1659405089408528
2023Q2,0.1746905089408528,00112378,0.1659405089408528,0.4321165105386418
2023Q3,0.4408665105386418,00112378,0.4321165105386418,-0.5894082689963429
2023Q4,-0.5806582689963429,00112378,-0.5894082689963429,-0.015532945736434121
2024Q1,-0.006782945736434121,00112378,-0.015532945736434121,-0.3707012195121951
2024Q2,-0.3619512195121951,00112378,-0.3707012195121951,-0.1524808868501529
2024Q3,-0.1437308868501529,00112378,-0.1524808868501529,-0.1980357142857143
2024Q4,-0.18928571428571428,00112378,-0.1980357142857143,-0.18275881057268725
2025Q1,-0.17400881057268724,00112378,-0.18275881057268725,0.07658333333333325
2025Q2,0.08533333333333326,00112378,0.07658333333333325,0.34260135135135134
2025Q3,0.3513513513513513,00112378,0.34260135135135134,-0.18875000000000006
2025Q4,-0.18000000000000005,00112378,-0.18875000000000006,-0.08413802660753886
2026Q1,-0.07538802660753885,00112378,-0.08413802660753886,-0.16942146282973622
2020Q2,0.7042440318302388,00114154,0.6954940318302387,0.4503939688715953
2020Q3,0.45914396887159525,00114154,0.4503939688715953,-0.09674999999999997
2020Q4,-0.08799999999999997,00114154,-0.09674999999999997,0.619904970760234
2021Q1,0.628654970760234,00114154,0.619904970760234,0.5352356373429084
2021Q2,0.5439856373429084,00114154,0.5352356373429084,-0.28665697674418605
2021Q3,-0.2779069767441861,00114154,-0.28665697674418605,0.05566223832528187
2021Q4,0.06441223832528187,00114154,0.05566223832528187,-0.010262859304084736
2022Q1,-0.001512859304084735,00114154,-0.010262859304084736,-0.23905303030303035
2022Q2,-0.23030303030303034,00114154,-0.23905303030303035,-0.07567913385826772
2022Q3,-0.06692913385826771,00114154,-0.07567913385826772,0.0017985232067510362
2022Q4,0.010548523206751037,00114154,0.0017985232067510362,0.6154671189979122
2023Q1,0.6242171189979122,00114154,0.6154671189979122,0.8807101542416451
2023Q2,0.8894601542416452,00114154,0.8807101542416451,-0.30534863945578233
2023Q3,-0.29659863945578235,00114154,-0.30534863945578233,0.13631769825918763
2023Q4,0.14506769825918764,00114154,0.13631769825918763,-0.22581081081081086
2024Q1,-0.21706081081081086,00114154,-0.22581081081081086,-0.10044363538295573
2024Q2,-0.09169363538295572,00114154,-0.10044363538295573,-0.13345308788598573
2024Q3,-0.12470308788598572,00114154,-0.13345308788598573,-0.20006614654002716
2024Q4,-0.19131614654002715,00114154,-0.20006614654002716,-0.1110989932885906
2025Q1,-0.1023489932885906,00114154,-0.1110989932885906,-0.0629556074766355
2025Q2,-0.0542056074766355,00114154,-0.0629556074766355,-0.17871047430830042
2025Q3,-0.1699604743083004,00114154,-0.17871047430830042,-0.01827380952380949
2025Q4,-0.00952380952380949,00114154,-0.01827380952380949,-0.06692307692307695
2026Q1,-0.05817307692307694,00114154,-0.06692307692307695,-0.047034839203675315
2020Q2,-0.04485981308411213,00114765,-0.05360981308411213,0.19868639921722123
2020Q3,0.20743639921722123,00114765,0.19868639921722123,0.11604740680713135
2020Q4,0.12479740680713136,00114765,0.11604740680713135,0.34139409221902023
2021Q1,0.3501440922190202,00114765,0.34139409221902023,0.5600867129135538
2021Q2,0.5688367129135539,00114765,0.5600867129135538,-0.20262755102040816
2021Q3,-0.19387755102040816,00114765,-0.20262755102040816,-0.32520569620253165
2021Q4,-0.31645569620253167,00114765,-0.32520569620253165,-0.06677469135802469
2022Q1,-0.05802469135802468,00114765,-0.06677469135802469,-0.22106979030144167
2022Q2,-0.21231979030144166,00114765,-0.22106979030144167,-0.12355865224625626
2022Q3,-0.11480865224625625,00114765,-0.12355865224625626,0.13786654135338353
2022Q4,0.14661654135338353,00114765,0.13786654135338353,0.060102459016393474
2023Q1,0.06885245901639347,00114765,0.060102459016393474,-0.01795245398773001
2023Q2,-0.009202453987730008,00114765,-0.01795245398773001,-0.10317724458204333
2023Q3,-0.09442724458204332,00114765,-0.10317724458204333,0.008344017094017032
2023Q4,0.017094017094017033,00114765,0.008344017094017032,-0.06925420168067228
2024Q1,-0.060504201680672276,00114765,-0.06925420168067228,0.10574016100178898
2024Q2,0.11449016100178899,00114765,0.10574016100178898,-0.06814004815409311
2024Q3,-0.0593900481540931,00114765,-0.06814004815409311,-0.17769197952218427
2024Q4,-0.16894197952218426,00114765,-0.17769197952218427,-0.021070328542094417
2025Q1,-0.012320328542094416,00114765,-0.021070328542094417,0.003724012474012363
2025Q2,0.012474012474012364,00114765,0.003724012474012363,-0.02517710472279263
2025Q3,-0.01642710472279263,00114765,-0.02517710472279263,0.01838987473903967
2025Q4,0.02713987473903967,00114765,0.01838987473903967,0.2392174796747968
2026Q1,0.24796747967479682,00114765,0.2392174796747968,-0.15370114006514654
2020Q2,-0.019813750743015612,00116949,-0.028563750743015613,-0.09991636345259755
2020Q3,-0.09116636345259754,00116949,-0.09991636345259755,0.13826957295373668
2020Q4,0.1470195729537367,00116949,0.13826957295373668,0.19912279426022875
2021Q1,0.20787279426022875,00116949,0.19912279426022875,0.33207517257986835
2021Q2,0.34082517257986833,00116949,0.33207517257986835,0.11349616858237546
2021Q3,0.12224616858237547,00116949,0.11349616858237546,0.5255506508055052
2021Q4,0.5343006508055053,00116949,0.5255506508055052,-0.02550822265489191
2022Q1,-0.016758222654891908,00116949,-0.02550822265489191,-0.22261138613861384
2022Q2,-0.21386138613861383,00116949,-0.22261138613861384,0.10118163008276351
2022Q3,0.10993163008276352,00116949,0.10118163008276351,0.03177520667855397
2022Q4,0.04052520667855397,00116949,0.03177520667855397,0.16915933167159983
2023Q1,0.17790933167159984,00116949,0.16915933167159983,0.19915900674513945
2023Q2,0.20790900674513946,00116949,0.19915900674513945,-0.13154645242527105
2023Q3,-0.12279645242527104,00116949,-0.13154645242527105,-0.09500101416713477
2023Q4,-0.08625101416713477,00116949,-0.09500101416713477,0.11849540673451256
2024Q1,0.12724540673451257,00116949,0.11849540673451256,-0.0427417595734367
2024Q2,-0.0339917595734367,00116949,-0.0427417595734367,0.27394459951075706
2024Q3,0.28269459951075704,00116949,0.27394459951075706,-0.11241748166259166
2024Q4,-0.10366748166259165,00116949,-0.11241748166259166,0.1150906983087834
2025Q1,0.12384069830878341,00116949,0.1150906983087834,0.06891990291262132
2025Q2,0.07766990291262132,00116949,0.06891990291262132,0.020529279279279312
2025Q3,0.029279279279279313,00116949,0.020529279279279312,0.05908369803063466
2025Q4,0.06783369803063466,00116949,0.05908369803063466,0.5547745901639345
2026Q1,0.5635245901639345,00116949,0.5547745901639345,0.14459207077326333
2020Q2,0.0746054519368724,00117179,0.0658554519368724,0.09939419225634175
2020Q3,0.10814419225634175,00117179,0.09939419225634175,0.0828162650602409
2020Q4,0.0915662650602409,00117179,0.0828162650602409,0.25173565121412805
2021Q1,0.26048565121412803,00117179,0.25173565121412805,0.08056698774080553
2021Q2,0.08931698774080554,00117179,0.08056698774080553,-0.16148311897106113
2021Q3,-0.15273311897106112,00117179,-0.16148311897106113,0.23223671726755216
2021Q4,0.24098671726755216,00117179,0.23223671726755216,0.5432377675840978
2022Q1,0.5519877675840978,00117179,0.5432377675840978,-0.33387315270935963
2022Q2,-0.32512315270935965,00117179,-0.33387315270935963,-0.23502737226277368
2022Q3,-0.22627737226277367,00117179,-0.23502737226277368,-0.00875
2022Q4,0.0,00117179,-0.00875,0.17426886792452836
2023Q1,0.18301886792452837,00117179,0.17426886792452836,-0.055001993620414656
2023Q2,-0.046251993620414655,00117179,-0.055001993620414656,0.10329013377926424
2023Q3,0.11204013377926425,00117179,0.10329013377926424,-0.12453947368421056
2023Q4,-0.11578947368421055,00117179,-0.12453947368421056,-0.03255952380952384
2024Q1,-0.023809523809523836,00117179,-0.03255952380952384,-0.09760017421602793
2024Q2,-0.08885017421602792,00117179,-0.09760017421602793,-0.061331261950286785
2024Q3,-0.052581261950286784,00117179,-0.061331261950286785,-0.2267116548940464
2024Q4,-0.2179616548940464,00117179,-0.2267116548940464,-0.030685483870967777
2025Q1,-0.021935483870967776,00117179,-0.030685483870967777,0.19441622691292884
2025Q2,0.20316622691292885,00117179,0.19441622691292884,-0.07453947368421052
2025Q3,-0.06578947368421051,00117179,-0.07453947368421052,0.087494131455399
2025Q4,0.096244131455399,00117179,0.087494131455399,0.00945128479657379
2026Q1,0.01820128479657379,00117179,0.00945128479657379,-0.14439668769716094
2020Q2,0.5406249999999999,00117726,0.5318749999999999,0.1839477687626774
2020Q3,0.1926977687626774,00117726,0.1839477687626774,-0.027457482993197245
2020Q4,-0.018707482993197244,00117726,-0.027457482993197245,-0.03474653379549394
2021Q1,-0.025996533795493937,00117726,-0.03474653379549394,0.08733540925266906
2021Q2,0.09608540925266906,00117726,0.08733540925266906,0.7850811688311687
2021Q3,0.7938311688311688,00117726,0.7850811688311687,-0.43861425339366517
2021Q4,-0.4298642533936652,00117726,-0.43861425339366517,0.043630952380952416
2022Q1,0.05238095238095242,00117726,0.043630952380952416,-0.2734558823529411
2022Q2,-0.2647058823529411,00117726,-0.2734558823529411,-0.15746794871794875
2022Q3,-0.14871794871794874,00117726,-0.15746794871794875,0.14667168674698797
2022Q4,0.15542168674698797,00117726,0.14667168674698797,-0.026476798748696538
2023Q1,-0.017726798748696537,00117726,-0.026476798748696538,0.0889145435244161
2023Q2,0.09766454352441611,00117726,0.0889145435244161,0.006723887814313247
2023Q3,0.015473887814313247,00117726,0.006723887814313247,-0.08398809523809522
2023Q4,-0.07523809523809522,00117726,-0.08398809523809522,-0.06642250257466528
2024Q1,-0.057672502574665274,00117726,-0.06642250257466528,0.4688456284153005
2024Q2,0.47759562841530045,00117726,0.4688456284153005,-0.16259615384615386
2024Q3,-0.15384615384615385,00117726,-0.16259615384615386,-0.19056818181818178
2024Q4,-0.18181818181818177,00117726,-0.19056818181818178,-0.039732905982905985
2025Q1,-0.030982905982905984,00117726,-0.039732905982905985,-0.031903252480705656
2025Q2,-0.023153252480705655,00117726,-0.031903252480705656,-0.16789221218961622
2025Q3,-0.15914221218961622,00117726,-0.16789221218961622,-0.11747483221476515
2025Q4,-0.10872483221476514,00117726,-0.11747483221476515,0.29094879518072286
2026Q1,0.29969879518072284,00117726,0.29094879518072286,0.189396002317497
2020Q2,0.41414141414141414,00118008,0.40539141414141416,-0.004464285714285775
2020Q3,0.004285714285714226,00118008,-0.004464285714285775,0.04957147937411092
2020Q4,0.05832147937411092,00118008,0.04957147937411092,0.5907123655913977
2021Q1,0.5994623655913978,00118008,0.5907123655913977,-0.0801785714285714
2021Q2,-0.0714285714285714,00118008,-0.0801785714285714,-0.0766233031674208
2021Q3,-0.0678733031674208,00118008,-0.0766233031674208,-0.10098300970873783
2021Q4,-0.09223300970873782,00118008,-0.10098300970873783,-0.04939171122994653
2022Q1,-0.04064171122994653,00118008,-0.04939171122994653,-0.05222826086956519
2022Q2,-0.04347826086956519,00118008,-0.05222826086956519,0.10663461538461541
2022Q3,0.11538461538461542,00118008,0.10663461538461541,0.03618207941483801
2022Q4,0.04493207941483801,00118008,0.03618207941483801,-0.06575000000000006
2023Q1,-0.05700000000000005,00118008,-0.06575000000000006,1.9021725874867443
2023Q2,1.9109225874867444,00118008,1.9021725874867443,-0.39272085610200363
2023Q3,-0.38397085610200365,00118008,-0.39272085610200363,0.11011457717327014
2023Q4,0.11886457717327015,00118008,0.11011457717327014,-0.08380285412262153
2024Q1,-0.07505285412262153,00118008,-0.08380285412262153,0.0009642857142857855
2024Q2,0.009714285714285786,00118008,0.0009642857142857855,-0.22606748726655354
2024Q3,-0.21731748726655353,00118008,-0.22606748726655354,0.3686903470715835
2024Q4,0.37744034707158347,00118008,0.3686903470715835,-0.1714796587926509
2025Q1,-0.1627296587926509,00118008,-0.1714796587926509,-0.1811637931034483
2025Q2,-0.1724137931034483,00118008,-0.1811637931034483,-0.02693181818181819
2025Q3,-0.018181818181818188,00118008,-0.02693181818181819,0.06378086419753085
2025Q4,0.07253086419753085,00118008,0.06378086419753085,0.10348021582733805
2026Q1,0.11223021582733805,00118008,0.10348021582733805,0.019063712807244428
2020Q2,0.09090909090909083,00118965,0.08215909090909082,-0.07270348837209303
2020Q3,-0.06395348837209303,00118965,-0.07270348837209303,0.05336180124223592
2020Q4,0.06211180124223592,00118965,0.05336180124223592,0.22711744639376222
2021Q1,0.23586744639376223,00118965,0.22711744639376222,0.2309976340694007
2021Q2,0.2397476340694007,00118965,0.2309976340694007,-0.08635814249363868
2021Q3,-0.07760814249363868,00118965,-0.08635814249363868,0.19676724137931026
2021Q4,0.20551724137931027,00118965,0.19676724137931026,-0.0007408466819222789
2022Q1,0.008009153318077722,00118965,-0.0007408466819222789,-0.3424616912599319
2022Q2,-0.33371169125993194,00118965,-0.3424616912599319,0.18716141396933564
2022Q3,0.19591141396933565,00118965,0.18716141396933564,-0.01302350427350426
2022Q4,-0.004273504273504258,00118965,-0.01302350427350426,-0.024486766809728132
2023Q1,-0.01573676680972813,00118965,-0.024486766809728132,0.07555232558139527
2023Q2,0.08430232558139528,00118965,0.07555232558139527,-0.17228887399463808
2023Q3,-0.16353887399463807,00118965,-0.17228887399463808,0.1114423076923077
2023Q4,0.12019230769230771,00118965,0.1114423076923077,0.011278612303290449
2024Q1,0.02002861230329045,00118965,0.011278612303290449,0.01649544179523147
2024Q2,0.02524544179523147,00118965,0.01649544179523147,-0.0826214090287278
2024Q3,-0.0738714090287278,00118965,-0.0826214090287278,-0.07521971935007385
2024Q4,-0.06646971935007384,00118965,-0.07521971935007385,-0.06571202531645567
2025Q1,-0.05696202531645567,00118965,-0.06571202531645567,-0.04398489932885904
2025Q2,-0.03523489932885904,00118965,-0.04398489932885904,1.0155978260869567
2025Q3,1.0243478260869567,00118965,1.0155978260869567,0.357229381443299
2025Q4,0.365979381443299,00118965,0.357229381443299,-0.04900157232704402
2026Q1,-0.040251572327044016,00118965,-0.04900157232704402,0.10527359108781134
2020Q2,0.045685279187817285,00119140,0.036935279187817284,0.1692435275080906
2020Q3,0.1779935275080906,00119140,0.1692435275080906,0.13685439560439552
2020Q4,0.14560439560439553,00119140,0.13685439560439552,-0.20419364508393287
2021Q1,-0.19544364508393286,00119140,-0.20419364508393287,-0.03557563338301047
2021Q2,-0.026825633383010472,00119140,-0.03557563338301047,-0.16495214395099542
2021Q3,-0.1562021439509954,00119140,-0.16495214395099542,-0.10221642468239564
2021Q4,-0.09346642468239563,00119140,-0.10221642468239564,-0.022764014014014032
2022Q1,-0.014014014014014031,00119140,-0.022764014014014032,-0.25545050761421323
2022Q2,-0.24670050761421325,00119140,-0.25545050761421323,-0.10308962264150942
2022Q3,-0.09433962264150941,00119140,-0.10308962264150942,-0.025119047619047673
2022Q4,-0.016369047619047672,00119140,-0.025119047619047673,-0.1403687594553706
2023Q1,-0.1316187594553706,00119140,-0.1403687594553706,0.14107578397212553
2023Q2,0.14982578397212554,00119140,0.14107578397212553,-0.02390151515151514
2023Q3,-0.015151515151515138,00119140,-0.02390151515151514,-0.11951923076923074
2023Q4,-0.11076923076923073,00119140,-0.11951923076923074,-0.0831444636678201
2024Q1,-0.0743944636678201,00119140,-0.0831444636678201,-0.18445093457943926
2024Q2,-0.17570093457943925,00119140,-0.18445093457943926,-0.03822845804988658
2024Q3,-0.02947845804988658,00119140,-0.03822845804988658,-0.15267523364485977
2024Q4,-0.14392523364485976,00119140,-0.15267523364485977,-0.07534388646288212
2025Q1,-0.06659388646288211,00119140,-0.07534388646288212,-0.016937134502923966
2025Q2,-0.008187134502923965,00119140,-0.016937134502923966,-0.051792452830188705
2025Q3,-0.043042452830188704,00119140,-0.051792452830188705,-0.1806538817005545
2025Q4,-0.17190388170055448,00119140,-0.1806538817005545,-0.11663690476190477
2026Q1,-0.10788690476190477,00119140,-0.11663690476190477,-0.00875
2020Q2,0.2911963882618511,00119672,0.28244638826185114,0.19754370629370624
2020Q3,0.20629370629370625,00119672,0.19754370629370624,-0.030489130434782595
2020Q4,-0.021739130434782594,00119672,-0.030489130434782595,0.5082870370370369
2021Q1,0.517037037037037,00119672,0.5082870370370369,-0.0331640625
2021Q2,-0.0244140625,00119672,-0.0331640625,0.038297047047046985
2021Q3,0.047047047047046986,00119672,0.038297047047046985,-0.18370219885277247
2021Q4,-0.17495219885277247,00119672,-0.18370219885277247,-0.11535486674391657
2022Q1,-0.10660486674391656,00119672,-0.11535486674391657,-0.2863116083009079
2022Q2,-0.2775616083009079,00119672,-0.2863116083009079,-0.15237657091561937
2022Q3,-0.14362657091561937,00119672,-0.15237657091561937,0.01640723270440251
2022Q4,0.02515723270440251,00119672,0.01640723270440251,0.21619887525562367
2023Q1,0.22494887525562368,00119672,0.21619887525562367,0.3585287979966612
2023Q2,0.3672787979966612,00119672,0.3585287979966612,-0.23829822954822952
2023Q3,-0.2295482295482295,00119672,-0.23829822954822952,0.11010895404120438
2023Q4,0.11885895404120439,00119672,0.11010895404120438,0.07623583569405093
2024Q1,0.08498583569405094,00119672,0.07623583569405093,-0.05052545691906004
2024Q2,-0.04177545691906004,00119672,-0.05052545691906004,-0.0768698910081744
2024Q3,-0.0681198910081744,00119672,-0.0768698910081744,-0.09354532163742688
2024Q4,-0.08479532163742687,00119672,-0.09354532163742688,-0.045491214057507966
2025Q1,-0.036741214057507965,00119672,-0.045491214057507966,0.07914386401326692
2025Q2,0.08789386401326693,00119672,0.07914386401326692,0.006493902439024292
2025Q3,0.015243902439024293,00119672,0.006493902439024292,0.08734609609609614
2025Q4,0.09609609609609615,00119672,0.08734609609609614,0.21179794520547948
2026Q1,0.2205479452054795,00119672,0.21179794520547948,0.05185606060606055
2020Q2,0.06382978723404253,00124151,0.05507978723404253,0.4769642857142858
2020Q3,0.48571428571428577,00124151,0.4769642857142858,0.3739423076923077
2020Q4,0.38269230769230766,00124151,0.3739423076923077,-0.06299200278164116
2021Q1,-0.05424200278164115,00124151,-0.06299200278164116,-0.027867647058823573
2021Q2,-0.019117647058823573,00124151,-0.027867647058823573,0.01523800599700146
2021Q3,0.02398800599700146,00124151,0.01523800599700146,-0.14344985358711568
2021Q4,-0.13469985358711567,00124151,-0.14344985358711568,-0.025670473773265666
2022Q1,-0.016920473773265665,00124151,-0.025670473773265666,0.4198214285714286
2022Q2,0.4285714285714286,00124151,0.4198214285714286,-0.1786295180722892
2022Q3,-0.16987951807228918,00124151,-0.1786295180722892,-0.07551342525399127
2022Q4,-0.06676342525399126,00124151,-0.07551342525399127,-0.23736586314152416
2023Q1,-0.22861586314152416,00124151,-0.23736586314152416,-0.028911290322580628
2023Q2,-0.020161290322580627,00124151,-0.028911290322580628,-0.00875
2023Q3,0.0,00124151,-0.00875,-0.00875
2023Q4,0.0,00124151,-0.00875,-0.00875
2024Q1,0.0,00124151,-0.00875,-0.00875
2024Q2,0.0,00124151,-0.00875,-0.00875
2024Q3,0.0,00124151,-0.00875,-0.00875
2024Q4,0.0,00124151,-0.00875,-0.00875
2025Q1,0.0,00124151,-0.00875,-0.00875
2025Q2,0.0,00124151,-0.00875,-0.00875
2025Q3,0.0,00124151,-0.00875,-0.00875
2025Q4,0.0,00124151,-0.00875,-0.00875
2026Q1,0.0,00124151,-0.00875,-0.00875
2020Q2,0.04542862573655193,00125521,0.03667862573655193,0.2776136363636364
2020Q3,0.2863636363636364,00125521,0.2776136363636364,0.1396598939929328
2020Q4,0.1484098939929328,00125521,0.1396598939929328,0.36355769230769225
2021Q1,0.37230769230769223,00125521,0.36355769230769225,0.592146860986547
2021Q2,0.600896860986547,00125521,0.592146860986547,-0.24404411764705888
2021Q3,-0.23529411764705888,00125521,-0.24404411764705888,0.13410714285714279
2021Q4,0.1428571428571428,00125521,0.13410714285714279,-0.21548076923076928
2022Q1,-0.20673076923076927,00125521,-0.21548076923076928,0.25993686868686866
2022Q2,0.26868686868686864,00125521,0.25993686868686866,0.01991242038216571
2022Q3,0.02866242038216571,00125521,0.01991242038216571,-0.2982236842105263
2022Q4,-0.2894736842105263,00125521,-0.2982236842105263,0.2069362745098038
2023Q1,0.21568627450980382,00125521,0.2069362745098038,0.3066621863799284
2023Q2,0.3154121863799284,00125521,0.3066621863799284,-0.12046662125340599
2023Q3,-0.11171662125340598,00125521,-0.12046662125340599,0.08634202453987719
2023Q4,0.0950920245398772,00125521,0.08634202453987719,-0.13480042016806723
2024Q1,-0.12605042016806722,00125521,-0.13480042016806723,0.42073717948717954
2024Q2,0.4294871794871795,00125521,0.42073717948717954,-0.21390695067264573
2024Q3,-0.20515695067264572,00125521,-0.21390695067264573,-0.15825634696755994
2024Q4,-0.14950634696755993,00125521,-0.15825634696755994,0.26322346600331686
2025Q1,0.27197346600331684,00125521,0.26322346600331686,-0.19388689700130377
2025Q2,-0.18513689700130376,00125521,-0.19388689700130377,0.07604999999999998
2025Q3,0.08479999999999999,00125521,0.07604999999999998,0.2552617994100295
2025Q4,0.2640117994100295,00125521,0.2552617994100295,0.284132147024504
2026Q1,0.292882147024504,00125521,0.284132147024504,0.35587093862815894
2020Q2,0.417626728110599,00125576,0.408876728110599,0.019287383177569985
2020Q3,0.028037383177569986,00125576,0.019287383177569985,-0.2281175889328063
2020Q4,-0.21936758893280628,00125576,-0.2281175889328063,-0.17077531645569619
2021Q1,-0.16202531645569618,00125576,-0.17077531645569619,0.0365672205438066
2021Q2,0.0453172205438066,00125576,0.0365672205438066,-0.19950144508670517
2021Q3,-0.19075144508670516,00125576,-0.19950144508670517,-0.11232142857142854
2021Q4,-0.10357142857142854,00125576,-0.11232142857142854,-0.11631972111553787
2022Q1,-0.10756972111553786,00125576,-0.11631972111553787,-0.09357142857142861
2022Q2,-0.0848214285714286,00125576,-0.09357142857142861,0.025396341463414664
2022Q3,0.034146341463414664,00125576,0.025396341463414664,-0.16346698113207545
2022Q4,-0.15471698113207544,00125576,-0.16346698113207545,-0.062321428571428604
2023Q1,-0.0535714285714286,00125576,-0.062321428571428604,0.16931603773584894
2023Q2,0.17806603773584895,00125576,0.16931603773584894,0.5217805305305305
2023Q3,0.5305305305305306,00125576,0.5217805305305305,0.25874509483322444
2023Q4,0.2674950948332244,00125576,0.25874509483322444,-0.28171181630546954
2024Q1,-0.27296181630546956,00125576,-0.28171181630546954,0.0494473030518097
2024Q2,0.0581973030518097,00125576,0.0494473030518097,-0.1234381287726358
2024Q3,-0.11468812877263579,00125576,-0.1234381287726358,-0.15647727272727271
2024Q4,-0.1477272727272727,00125576,-0.15647727272727271,-0.09674999999999997
2025Q1,-0.08799999999999997,00125576,-0.09674999999999997,0.08286793372319681
2025Q2,0.09161793372319682,00125576,0.08286793372319681,-0.04
2025Q3,-0.03125,00125576,-0.04,-0.08063940092165897
2025Q4,-0.07188940092165896,00125576,-0.08063940092165897,-0.05542328699106255
2026Q1,-0.046673286991062546,00125576,-0.05542328699106255,-0.12750000000000003
2020Q2,0.048723681758896964,00126089,0.03997368175889696,0.2466466420893665
2020Q3,0.2553966420893665,00126089,0.2466466420893665,-0.050711505802434186
2020Q4,-0.041961505802434185,00126089,-0.050711505802434186,0.01835687643105114
2021Q1,0.02710687643105114,00126089,0.01835687643105114,1.071431216740975
2021Q2,1.080181216740975,00126089,1.071431216740975,-0.07495112697479864
2021Q3,-0.06620112697479863,00126089,-0.07495112697479864,-0.16042333037168663
2021Q4,-0.15167333037168662,00126089,-0.16042333037168663,-0.016299639973816303
2022Q1,-0.007549639973816302,00126089,-0.016299639973816303,-0.335941979597221
2022Q2,-0.327191979597221,00126089,-0.335941979597221,-0.0737784295144108
2022Q3,-0.06502842951441079,00126089,-0.0737784295144108,-0.09521721655249546
2022Q4,-0.08646721655249545,00126089,-0.09521721655249546,0.1352548970847043
2023Q1,0.14400489708470432,00126089,0.1352548970847043,0.2418686877131964
2023Q2,0.2506186877131964,00126089,0.2418686877131964,-0.37317400256711947
2023Q3,-0.3644240025671195,00126089,-0.37317400256711947,-0.7669122349377314
2023Q4,-0.7581622349377314,00126089,-0.7669122349377314,0.45262787056367443
2024Q1,0.4613778705636744,00126089,0.45262787056367443,-0.00875
2024Q2,0.0,00126089,-0.00875,-0.00875
2024Q3,0.0,00126089,-0.00875,-0.00875
2024Q4,0.0,00126089,-0.00875,-0.00875
2025Q1,0.0,00126089,-0.00875,-0.00875
2025Q2,0.0,00126089,-0.00875,-0.00875
2025Q3,0.0,00126089,-0.00875,-0.00875
2025Q4,0.0,00126089,-0.00875,-0.00875
2026Q1,0.0,00126089,-0.00875,-0.00875
2020Q2,0.127504553734062,00126201,0.11875455373406199,0.047792810985460434
2020Q3,0.056542810985460434,00126201,0.047792810985460434,0.09522553516819568
2020Q4,0.10397553516819569,00126201,0.09522553516819568,0.3485907202216066
2021Q1,0.35734072022160657,00126201,0.3485907202216066,1.3739030612244898
2021Q2,1.3826530612244898,00126201,1.3739030612244898,-0.26570931477516063
2021Q3,-0.25695931477516065,00126201,-0.26570931477516063,-0.04045028818443804
2021Q4,-0.03170028818443804,00126201,-0.04045028818443804,-0.16648809523809524
2022Q1,-0.15773809523809523,00126201,-0.16648809523809524,-0.23136484098939933
2022Q2,-0.22261484098939932,00126201,-0.23136484098939933,-0.07693181818181824
2022Q3,-0.06818181818181823,00126201,-0.07693181818181824,-0.05753048780487809
2022Q4,-0.04878048780487809,00126201,-0.05753048780487809,0.20663461538461528
2023Q1,0.21538461538461529,00126201,0.20663461538461528,-0.052631856540084364
2023Q2,-0.04388185654008436,00126201,-0.052631856540084364,-0.1790942188879082
2023Q3,-0.17034421888790818,00126201,-0.1790942188879082,-0.07896276595744686
2023Q4,-0.07021276595744685,00126201,-0.07896276595744686,-0.0030291762013729615
2024Q1,0.005720823798627039,00126201,-0.0030291762013729615,1.0378939135381113
2024Q2,1.0466439135381114,00126201,1.0378939135381113,-0.32503682601445244
2024Q3,-0.31628682601445246,00126201,-0.32503682601445244,-0.28598577235772354
2024Q4,-0.27723577235772356,00126201,-0.28598577235772354,0.6616661979752532
2025Q1,0.6704161979752532,00126201,0.6616661979752532,-0.06262205387205386
2025Q2,-0.05387205387205385,00126201,-0.06262205387205386,0.006196619217081957
2025Q3,0.014946619217081958,00126201,0.006196619217081957,-0.013658835904628318
2025Q4,-0.004908835904628317,00126201,-0.013658835904628318,-0.23144203664552507
2026Q1,-0.22269203664552506,00126201,-0.23144203664552507,0.547913644605621
2020Q2,-0.054166666666666696,00129642,-0.0629166666666667,0.0683425110132159
2020Q3,0.0770925110132159,00129642,0.0683425110132159,0.3041334355828221
2020Q4,0.31288343558282206,00129642,0.3041334355828221,0.29498831775700946
2021Q1,0.30373831775700944,00129642,0.29498831775700946,0.1549298088410991
2021Q2,0.16367980884109912,00129642,0.1549298088410991,-0.1545405544147844
2021Q3,-0.1457905544147844,00129642,-0.1545405544147844,-0.0760576923076923
2021Q4,-0.06730769230769229,00129642,-0.0760576923076923,-0.04483247422680411
2022Q1,-0.03608247422680411,00129642,-0.04483247422680411,-0.12372326203208558
2022Q2,-0.11497326203208558,00129642,-0.12372326203208558,-0.22325151057401812
2022Q3,-0.21450151057401812,00129642,-0.22325151057401812,0.15471153846153854
2022Q4,0.16346153846153855,00129642,0.15471153846153854,0.037530991735537124
2023Q1,0.046280991735537125,00129642,0.037530991735537124,0.19820102685624022
2023Q2,0.20695102685624023,00129642,0.19820102685624022,-0.09251963350785339
2023Q3,-0.08376963350785338,00129642,-0.09251963350785339,0.034107142857142926
2023Q4,0.04285714285714293,00129642,0.034107142857142926,0.11590753424657543
2024Q1,0.12465753424657544,00129642,0.11590753424657543,-0.10619214372716199
2024Q2,-0.09744214372716198,00129642,-0.10619214372716199,-0.07892543859649123
2024Q3,-0.07017543859649122,00129642,-0.07892543859649123,-0.16840166908563134
2024Q4,-0.15965166908563133,00129642,-0.16840166908563134,0.008521157167530137
2025Q1,0.017271157167530138,00129642,0.008521157167530137,-0.020634550084889645
2025Q2,-0.011884550084889645,00129642,-0.020634550084889645,-0.08778780068728528
2025Q3,-0.07903780068728528,00129642,-0.08778780068728528,0.0005783582089551667
2025Q4,0.009328358208955168,00129642,0.0005783582089551667,-0.07344500924214423
2026Q1,-0.06469500924214422,00129642,-0.07344500924214423,-0.012702569169960452
2020Q2,0.09760956175298796,00132992,0.08885956175298795,0.24896324863883848
2020Q3,0.2577132486388385,00132992,0.24896324863883848,0.636271645021645
2020Q4,0.645021645021645,00132992,0.636271645021645,0.0631798245614035
2021Q1,0.07192982456140351,00132992,0.0631798245614035,0.18928600654664487
2021Q2,0.19803600654664488,00132992,0.18928600654664487,-0.2191325136612022
2021Q3,-0.2103825136612022,00132992,-0.2191325136612022,-0.02086072664359858
2021Q4,-0.01211072664359858,00132992,-0.02086072664359858,-0.13572022767075306
2022Q1,-0.12697022767075306,00132992,-0.13572022767075306,-0.13412612838515545
2022Q2,-0.12537612838515544,00132992,-0.13412612838515545,-0.03627293577981646
2022Q3,-0.02752293577981646,00132992,-0.03627293577981646,0.09384433962264141
2022Q4,0.10259433962264142,00132992,0.09384433962264141,0.5655815508021389
2023Q1,0.5743315508021389,00132992,0.5655815508021389,0.3404347826086956
2023Q2,0.34918478260869557,00132992,0.3404347826086956,-0.0832716515609265
2023Q3,-0.0745216515609265,00132992,-0.0832716515609265,0.022806039173014082
2023Q4,0.03155603917301408,00132992,0.022806039173014082,-0.019298523206751038
2024Q1,-0.010548523206751037,00132992,-0.019298523206751038,-0.04926172707889128
2024Q2,-0.04051172707889128,00132992,-0.04926172707889128,-0.2654166666666667
2024Q3,-0.2566666666666667,00132992,-0.2654166666666667,-0.26659753363228694
2024Q4,-0.25784753363228696,00132992,-0.26659753363228694,0.07886329305135956
2025Q1,0.08761329305135956,00132992,0.07886329305135956,0.05976851851851842
2025Q2,0.06851851851851842,00132992,0.05976851851851842,-0.060743067590987875
2025Q3,-0.051993067590987874,00132992,-0.060743067590987875,0.23622257769652658
2025Q4,0.24497257769652658,00132992,0.23622257769652658,0.22473017621145377
2026Q1,0.23348017621145378,00132992,0.22473017621145377,-0.11113095238095236
2020Q2,0.0817084493964717,00133663,0.0729584493964717,0.010134120171673845
2020Q3,0.018884120171673846,00133663,0.010134120171673845,0.44280855096882893
2020Q4,0.4515585509688289,00133663,0.44280855096882893,0.3139429773650609
2021Q1,0.32269297736506086,00133663,0.3139429773650609,-0.21673595875383941
2021Q2,-0.2079859587538394,00133663,-0.21673595875383941,-0.3079189750692521
2021Q3,-0.2991689750692521,00133663,-0.3079189750692521,0.07425395256916992
2021Q4,0.08300395256916993,00133663,0.07425395256916992,-0.03429744525547448
2022Q1,-0.025547445255474477,00133663,-0.03429744525547448,0.024957865168539407
2022Q2,0.03370786516853941,00133663,0.024957865168539407,-0.17179347826086952
2022Q3,-0.1630434782608695,00133663,-0.17179347826086952,0.20770021645021644
2022Q4,0.21645021645021645,00133663,0.20770021645021644,0.3933852313167259
2023Q1,0.4021352313167259,00133663,0.3933852313167259,0.09023477157360407
2023Q2,0.09898477157360408,00133663,0.09023477157360407,-0.1865790993071594
2023Q3,-0.1778290993071594,00133663,-0.1865790993071594,0.046867977528089834
2023Q4,0.055617977528089835,00133663,0.046867977528089834,-0.17958555082490688
2024Q1,-0.17083555082490687,00133663,-0.17958555082490688,-0.0928321566110398
2024Q2,-0.0840821566110398,00133663,-0.0928321566110398,-0.25191748423265586
2024Q3,-0.24316748423265588,00133663,-0.25191748423265586,-0.0902314814814815
2024Q4,-0.08148148148148149,00133663,-0.0902314814814815,-0.00572580645161299
2025Q1,0.003024193548387011,00133663,-0.00572580645161299,0.29778266331658304
2025Q2,0.306532663316583,00133663,0.29778266331658304,0.009711538461538528
2025Q3,0.01846153846153853,00133663,0.009711538461538528,-0.04122734138972813
2025Q4,-0.03247734138972813,00133663,-0.04122734138972813,-0.09149785323965651
2026Q1,-0.0827478532396565,00133663,-0.09149785323965651,0.18103723404255326
2020Q2,0.1711538461538462,00133858,0.1624038461538462,-0.1023460591133005
2020Q3,-0.09359605911330049,00133858,-0.1023460591133005,1.487626811594203
2020Q4,1.496376811594203,00133858,1.487626811594203,0.12187409288824383
2021Q1,0.13062409288824384,00133858,0.12187409288824383,0.236436136071887
2021Q2,0.245186136071887,00133858,0.236436136071887,-0.1303994845360825
2021Q3,-0.12164948453608249,00133858,-0.1303994845360825,-0.11790492957746476
2021Q4,-0.10915492957746475,00133858,-0.11790492957746476,-0.10756422924901185
2022Q1,-0.09881422924901184,00133858,-0.10756422924901185,-0.23828216374269004
2022Q2,-0.22953216374269003,00133858,-0.23828216374269004,-0.2516342504743833
2022Q3,-0.24288425047438333,00133858,-0.2516342504743833,0.05265350877192979
2022Q4,0.06140350877192979,00133858,0.05265350877192979,0.3041189492325856
2023Q1,0.31286894923258557,00133858,0.3041189492325856,-0.1409442446043165
2023Q2,-0.1321942446043165,00133858,-0.1409442446043165,0.21612046632124352
2023Q3,0.22487046632124352,00133858,0.21612046632124352,-0.023978426395939133
2023Q4,-0.015228426395939132,00133858,-0.023978426395939133,0.3417654639175259
2024Q1,0.35051546391752586,00133858,0.3417654639175259,0.31440521628498735
2024Q2,0.32315521628498733,00133858,0.31440521628498735,-0.1943269230769231
2024Q3,-0.18557692307692308,00133858,-0.1943269230769231,-0.15987160566706024
2024Q4,-0.15112160566706023,00133858,-0.15987160566706024,-0.10610744089012522
2025Q1,-0.09735744089012521,00133858,-0.10610744089012522,0.048260785824345155
2025Q2,0.057010785824345156,00133858,0.048260785824345155,-0.0787208454810496
2025Q3,-0.06997084548104959,00133858,-0.0787208454810496,-0.024423981191222542
2025Q4,-0.01567398119122254,00133858,-0.024423981191222542,-0.06129777070063699
2026Q1,-0.052547770700636987,00133858,-0.06129777070063699,-0.06589285714285717
2020Q2,0.0,00134316,-0.00875,-0.00875
2020Q3,0.0,00134316,-0.00875,-0.00875
2020Q4,0.0,00134316,-0.00875,-0.00875
2021Q1,0.0,00134316,-0.00875,-0.00875
2021Q2,0.0,00134316,-0.00875,-0.00875
2021Q3,0.0,00134316,-0.00875,-0.00875
2021Q4,0.0,00134316,-0.00875,-0.00875
2022Q1,0.0,00134316,-0.00875,-0.00875
2022Q2,0.0,00134316,-0.00875,-0.00875
2022Q3,0.0,00134316,-0.00875,-0.34816997851772286
2022Q4,-0.3394199785177229,00134316,-0.34816997851772286,0.1619817073170731
2023Q1,0.1707317073170731,00134316,0.1619817073170731,0.19819444444444437
2023Q2,0.20694444444444438,00134316,0.19819444444444437,-0.2630653049482163
2023Q3,-0.2543153049482163,00134316,-0.2630653049482163,0.015941358024691467
2023Q4,0.024691358024691468,00134316,0.015941358024691467,0.25781626506024097
2024Q1,0.26656626506024095,00134316,0.25781626506024097,0.07091706302021408
2024Q2,0.07966706302021409,00134316,0.07091706302021408,-0.1629350220264317
2024Q3,-0.1541850220264317,00134316,-0.1629350220264317,-0.06473958333333338
2024Q4,-0.05598958333333337,00134316,-0.06473958333333338,0.058836206896551814
2025Q1,0.06758620689655181,00134316,0.058836206896551814,0.5765213178294573
2025Q2,0.5852713178294573,00134316,0.5765213178294573,-0.09676955990220046
2025Q3,-0.08801955990220045,00134316,-0.09676955990220046,0.03682640750670244
2025Q4,0.04557640750670244,00134316,0.03682640750670244,0.17415598290598291
2026Q1,0.18290598290598292,00134316,0.17415598290598291,-0.14458815028901736
2020Q2,-0.08152173913043481,00134477,-0.09027173913043482,0.007029092702169705
2020Q3,0.015779092702169706,00134477,0.007029092702169705,0.13493932038834958
2020Q4,0.14368932038834958,00134477,0.13493932038834958,0.26459465195246185
2021Q1,0.2733446519524618,00134477,0.26459465195246185,0.4579166666666666
2021Q2,0.46666666666666656,00134477,0.4579166666666666,-0.1160227272727273
2021Q3,-0.1072727272727273,00134477,-0.1160227272727273,-0.09632637474541747
2021Q4,-0.08757637474541746,00134477,-0.09632637474541747,-0.08241071428571431
2022Q1,-0.0736607142857143,00134477,-0.08241071428571431,-0.14971385542168678
2022Q2,-0.14096385542168677,00134477,-0.14971385542168678,0.28998772791023836
2022Q3,0.29873772791023834,00134477,0.28998772791023836,-0.00011069114470837332
2022Q4,0.008639308855291628,00134477,-0.00011069114470837332,-0.07406049250535338
2023Q1,-0.06531049250535337,00134477,-0.07406049250535338,0.19056271477663225
2023Q2,0.19931271477663226,00134477,0.19056271477663225,0.0705241165234001
2023Q3,0.0792741165234001,00134477,0.0705241165234001,0.2655862831858407
2023Q4,0.2743362831858407,00134477,0.2655862831858407,0.20097222222222214
2024Q1,0.20972222222222214,00134477,0.20097222222222214,0.279998564867968
2024Q2,0.28874856486796796,00134477,0.279998564867968,0.06697383073496657
2024Q3,0.07572383073496658,00134477,0.06697383073496657,-0.23400879917184267
2024Q4,-0.22525879917184266,00134477,-0.23400879917184267,0.621394307856761
2025Q1,0.630144307856761,00134477,0.621394307856761,0.6830532786885246
2025Q2,0.6918032786885246,00134477,0.6830532786885246,0.3924127906976745
2025Q3,0.40116279069767447,00134477,0.3924127906976745,-0.3642133471645919
2025Q4,-0.35546334716459194,00134477,-0.3642133471645919,0.02773068669527893
2026Q1,0.03648068669527893,00134477,0.02773068669527893,-0.10916407867494823
2020Q2,0.7744107744107744,00134510,0.7656607744107744,0.7331854838709677
2020Q3,0.7419354838709677,00134510,0.7331854838709677,-0.003303376906318177
2020Q4,0.005446623093681824,00134510,-0.003303376906318177,-0.029335048754062863
2021Q1,-0.020585048754062862,00134510,-0.029335048754062863,0.08859513274336275
2021Q2,0.09734513274336276,00134510,0.08859513274336275,0.2261290322580645
2021Q3,0.2348790322580645,00134510,0.2261290322580645,-0.2977295918367347
2021Q4,-0.2889795918367347,00134510,-0.2977295918367347,-0.12700487944890934
2022Q1,-0.11825487944890933,00134510,-0.12700487944890934,-0.2965104166666666
2022Q2,-0.28776041666666663,00134510,-0.2965104166666666,-0.1769401279707495
2022Q3,-0.1681901279707495,00134510,-0.1769401279707495,0.19564560439560433
2022Q4,0.20439560439560434,00134510,0.19564560439560433,0.15183394160583943
2023Q1,0.16058394160583944,00134510,0.15183394160583943,0.4393632075471699
2023Q2,0.4481132075471699,00134510,0.4393632075471699,-0.3355686753528773
2023Q3,-0.32681867535287734,00134510,-0.3355686753528773,-0.050685483870967794
2023Q4,-0.041935483870967794,00134510,-0.050685483870967794,-0.020534511784511787
2024Q1,-0.011784511784511786,00134510,-0.020534511784511787,-0.05474659284497448
2024Q2,-0.04599659284497448,00134510,-0.05474659284497448,-0.1426785714285714
2024Q3,-0.1339285714285714,00134510,-0.1426785714285714,-0.19431701030927837
2024Q4,-0.18556701030927836,00134510,-0.19431701030927837,0.0039082278481013324
2025Q1,0.012658227848101333,00134510,0.0039082278481013324,0.12749999999999997
2025Q2,0.13624999999999998,00134510,0.12749999999999997,0.3245833333333333
2025Q3,0.33333333333333326,00134510,0.3245833333333333,0.6496658415841583
2025Q4,0.6584158415841583,00134510,0.6496658415841583,-0.2923320895522388
2026Q1,-0.28358208955223885,00134510,-0.2923320895522388,0.07736111111111102
2020Q2,0.4746543778801844,00137234,0.4659043778801844,-0.18687499999999999
2020Q3,-0.17812499999999998,00137234,-0.18687499999999999,0.7022766159695817
2020Q4,0.7110266159695817,00137234,0.7022766159695817,0.42902777777777784
2021Q1,0.4377777777777778,00137234,0.42902777777777784,-0.20658616692426587
2021Q2,-0.19783616692426587,00137234,-0.20658616692426587,-0.19372109826589598
2021Q3,-0.18497109826589597,00137234,-0.19372109826589598,-0.10567671394799058
2021Q4,-0.09692671394799057,00137234,-0.10567671394799058,0.014810209424083877
2022Q1,0.023560209424083878,00137234,0.014810209424083877,-0.297752557544757
2022Q2,-0.289002557544757,00137234,-0.297752557544757,-0.14544064748201443
2022Q3,-0.13669064748201443,00137234,-0.14544064748201443,0.007916666666666607
2022Q4,0.016666666666666607,00137234,0.007916666666666607,0.42485655737704914
2023Q1,0.4336065573770491,00137234,0.42485655737704914,0.4092031160663237
2023Q2,0.4179531160663237,00137234,0.4092031160663237,-0.12165322580645163
2023Q3,-0.11290322580645162,00137234,-0.12165322580645163,-0.049659090909090896
2023Q4,-0.040909090909090895,00137234,-0.049659090909090896,-0.10922393364928915
2024Q1,-0.10047393364928914,00137234,-0.10922393364928915,-0.019287407797681753
2024Q2,-0.010537407797681753,00137234,-0.019287407797681753,-0.020464589989350378
2024Q3,-0.011714589989350377,00137234,-0.020464589989350378,-0.27545258620689655
2024Q4,-0.2667025862068966,00137234,-0.27545258620689655,0.026518185157972142
2025Q1,0.03526818515797214,00137234,0.026518185157972142,0.04305979418026976
2025Q2,0.051809794180269764,00137234,0.04305979418026976,-0.12480937921727395
2025Q3,-0.11605937921727394,00137234,-0.12480937921727395,0.05613549618320616
2025Q4,0.06488549618320616,00137234,0.05613549618320616,1.3389202508960572
2026Q1,1.3476702508960572,00137234,1.3389202508960572,0.18056297709923655
2020Q2,1.2678224687933426,00138242,1.2590724687933426,0.24897124029111375
2020Q3,0.25772124029111376,00138242,0.24897124029111375,-0.3247237417943107
2020Q4,-0.3159737417943107,00138242,-0.3247237417943107,-0.00875
2021Q1,0.0,00138242,-0.00875,-0.00875
2021Q2,0.0,00138242,-0.00875,-0.00875
2021Q3,0.0,00138242,-0.00875,-0.00875
2021Q4,0.0,00138242,-0.00875,-0.00875
2022Q1,0.0,00138242,-0.00875,-0.00875
2022Q2,0.0,00138242,-0.00875,-0.00875
2022Q3,0.0,00138242,-0.00875,-0.00875
2022Q4,0.0,00138242,-0.00875,-0.00875
2023Q1,0.0,00138242,-0.00875,-0.44487710599274893
2023Q2,-0.43612710599274895,00138242,-0.44487710599274893,0.1558995209278871
2023Q3,0.1646495209278871,00138242,0.1558995209278871,-0.0029045789131847063
2023Q4,0.0058454210868152945,00138242,-0.0029045789131847063,-0.26337763667671116
2024Q1,-0.2546276366767112,00138242,-0.26337763667671116,-0.21435207912214846
2024Q2,-0.20560207912214845,00138242,-0.21435207912214846,0.02232960741548532
2024Q3,0.031079607415485322,00138242,0.02232960741548532,-0.29748611845584344
2024Q4,-0.28873611845584346,00138242,-0.29748611845584344,-0.023124225526641916
2025Q1,-0.014374225526641915,00138242,-0.023124225526641916,-0.12240350766909733
2025Q2,-0.11365350766909732,00138242,-0.12240350766909733,-0.07967198581560284
2025Q3,-0.07092198581560283,00138242,-0.07967198581560284,0.05995229007633588
2025Q4,0.06870229007633588,00138242,0.05995229007633588,-0.0573214285714286
2026Q1,-0.0485714285714286,00138242,-0.0573214285714286,0.019778528528528606
2020Q2,0.4603750756200846,00139083,0.45162507562008464,0.09646955260977633
2020Q3,0.10521955260977633,00139083,0.09646955260977633,0.017486881559220437
2020Q4,0.026236881559220437,00139083,0.017486881559220437,0.26590303140978816
2021Q1,0.27465303140978814,00139083,0.26590303140978816,0.056006446991403926
2021Q2,0.06475644699140393,00139083,0.056006446991403926,-0.16429359526372442
2021Q3,-0.1555435952637244,00139083,-0.16429359526372442,-0.050815009560229406
2021Q4,-0.042065009560229405,00139083,-0.050815009560229406,-0.0742855954757152
2022Q1,-0.06553559547571519,00139083,-0.0742855954757152,-0.08742568529725878
2022Q2,-0.07867568529725877,00139083,-0.08742568529725878,-0.06670981452859356
2022Q3,-0.057959814528593556,00139083,-0.06670981452859356,-0.0993980721903199
2022Q4,-0.0906480721903199,00139083,-0.0993980721903199,0.36202131258457376
2023Q1,0.37077131258457374,00139083,0.36202131258457376,1.0254717834814082
2023Q2,1.0342217834814083,00139083,1.0254717834814082,-0.3947092364930443
2023Q3,-0.3859592364930443,00139083,-0.3947092364930443,0.08397918861959955
2023Q4,0.09272918861959956,00139083,0.08397918861959955,-0.06130544840887172
2024Q1,-0.05255544840887172,00139083,-0.06130544840887172,-0.11562022900763355
2024Q2,-0.10687022900763354,00139083,-0.11562022900763355,-0.14407763532763537
2024Q3,-0.13532763532763536,00139083,-0.14407763532763537,-0.21632825370675454
2024Q4,-0.20757825370675453,00139083,-0.21632825370675454,0.14717515592515598
2025Q1,0.155925155925156,00139083,0.14717515592515598,-0.00875
2025Q2,0.0,00139083,-0.00875,0.09556654676258994
2025Q3,0.10431654676258995,00139083,0.09556654676258994,-0.0738965798045603
2025Q4,-0.06514657980456029,00139083,-0.0738965798045603,0.03654616724738683
2026Q1,0.04529616724738683,00139083,0.03654616724738683,0.09458333333333327
2020Q2,0.21164021164021163,00139153,0.20289021164021162,0.22443777292576408
2020Q3,0.2331877729257641,00139153,0.22443777292576408,0.26462110481586404
2020Q4,0.273371104815864,00139153,0.26462110481586404,0.6408606785317019
2021Q1,0.649610678531702,00139153,0.6408606785317019,0.23703556979096432
2021Q2,0.24578556979096433,00139153,0.23703556979096432,0.04997801082543977
2021Q3,0.05872801082543977,00139153,0.04997801082543977,-0.28789110429447856
2021Q4,-0.2791411042944786,00139153,-0.28789110429447856,-0.07187056737588657
2022Q1,-0.06312056737588656,00139153,-0.07187056737588657,-0.034488077214231604
2022Q2,-0.025738077214231603,00139153,-0.034488077214231604,0.1921047008547008
2022Q3,0.2008547008547008,00139153,0.1921047008547008,-0.18539186347460365
2022Q4,-0.17664186347460364,00139153,-0.18539186347460365,0.6230771119842828
2023Q1,0.6318271119842829,00139153,0.6230771119842828,0.4913703948952564
2023Q2,0.5001203948952564,00139153,0.4913703948952564,-0.3105156500802568
2023Q3,-0.3017656500802568,00139153,-0.3105156500802568,0.12918103448275867
2023Q4,0.13793103448275867,00139153,0.12918103448275867,-0.09763888888888891
2024Q1,-0.0888888888888889,00139153,-0.09763888888888891,-0.10187638580931266
2024Q2,-0.09312638580931265,00139153,-0.10187638580931266,-0.24224633251833746
2024Q3,-0.23349633251833746,00139153,-0.24224633251833746,-0.27828748006379583
2024Q4,-0.26953748006379585,00139153,-0.27828748006379583,0.026184497816593967
2025Q1,0.03493449781659397,00139153,0.026184497816593967,0.3055959915611815
2025Q2,0.3143459915611815,00139153,0.3055959915611815,0.010511637239165407
2025Q3,0.019261637239165408,00139153,0.010511637239165407,-0.04497047244094484
2025Q4,-0.03622047244094484,00139153,-0.04497047244094484,0.20366830065359467
2026Q1,0.21241830065359468,00139153,0.20366830065359467,-0.2755963611859838
2020Q2,0.056306306306306286,00140858,0.047556306306306285,0.3622521321961621
2020Q3,0.37100213219616207,00140858,0.3622521321961621,0.9710322706065317
2020Q4,0.9797822706065318,00140858,0.9710322706065317,-0.057453849175176784
2021Q1,-0.04870384917517678,00140858,-0.057453849175176784,0.39504851362510324
2021Q2,0.4037985136251032,00140858,0.39504851362510324,-0.11463235294117644
2021Q3,-0.10588235294117643,00140858,-0.11463235294117644,0.014276315789473672
2021Q4,0.023026315789473673,00140858,0.014276315789473672,0.03144292604501601
2022Q1,0.04019292604501601,00140858,0.03144292604501601,-0.19885819165378668
2022Q2,-0.19010819165378667,00140858,-0.19885819165378668,-0.05455152671755722
2022Q3,-0.04580152671755722,00140858,-0.05455152671755722,0.09325000000000008
2022Q4,0.10200000000000009,00140858,0.09325000000000008,0.26711206896551737
2023Q1,0.27586206896551735,00140858,0.26711206896551737,-0.05995910384068278
2023Q2,-0.05120910384068278,00140858,-0.05995910384068278,-0.010249250374812578
2023Q3,-0.0014992503748125774,00140858,-0.010249250374812578,-0.1874286786786787
2023Q4,-0.1786786786786787,00140858,-0.1874286786786787,0.016844149908592322
2024Q1,0.025594149908592323,00140858,0.016844149908592322,0.0037277183600712763
2024Q2,0.012477718360071277,00140858,0.0037277183600712763,-0.07036971830985914
2024Q3,-0.06161971830985913,00140858,-0.07036971830985914,-0.10443480300187621
2024Q4,-0.0956848030018762,00140858,-0.10443480300187621,-0.14982883817427392
2025Q1,-0.1410788381742739,00140858,-0.14982883817427392,0.2472886473429952
2025Q2,0.2560386473429952,00140858,0.2472886473429952,0.041250000000000044
2025Q3,0.050000000000000044,00140858,0.041250000000000044,-0.08567307692307688
2025Q4,-0.07692307692307687,00140858,-0.08567307692307688,-0.13176587301587303
2026Q1,-0.12301587301587302,00140858,-0.13176587301587303,-0.03816176470588236
2020Q2,0.625,00141413,0.61625,-0.09750739644970416
2020Q3,-0.08875739644970415,00141413,-0.09750739644970416,0.48475649350649347
2020Q4,0.49350649350649345,00141413,0.48475649350649347,-0.18048913043478262
2021Q1,-0.17173913043478262,00141413,-0.18048913043478262,0.2274704724409449
2021Q2,0.2362204724409449,00141413,0.2274704724409449,-0.08730626326963906
2021Q3,-0.07855626326963905,00141413,-0.08730626326963906,-0.2645103686635944
2021Q4,-0.2557603686635944,00141413,-0.2645103686635944,0.040785603715170184
2022Q1,0.049535603715170184,00141413,0.040785603715170184,-0.37158185840707963
2022Q2,-0.36283185840707965,00141413,-0.37158185840707963,-0.1615277777777778
2022Q3,-0.1527777777777778,00141413,-0.1615277777777778,-0.1388046448087432
2022Q4,-0.13005464480874318,00141413,-0.1388046448087432,0.3643655778894473
2023Q1,0.37311557788944727,00141413,0.3643655778894473,-0.0663895242451967
2023Q2,-0.057639524245196694,00141413,-0.0663895242451967,-0.1398179611650486
2023Q3,-0.1310679611650486,00141413,-0.1398179611650486,-0.018805865921787755
2023Q4,-0.010055865921787754,00141413,-0.018805865921787755,0.002536681715575674
2024Q1,0.011286681715575675,00141413,0.002536681715575674,0.013571428571428602
2024Q2,0.022321428571428603,00141413,0.013571428571428602,-0.15176310043668126
2024Q3,-0.14301310043668125,00141413,-0.15176310043668126,0.13774681528662416
2024Q4,0.14649681528662417,00141413,0.13774681528662416,-0.14430555555555555
2025Q1,-0.13555555555555554,00141413,-0.14430555555555555,0.07608290488431882
2025Q2,0.08483290488431883,00141413,0.07608290488431882,0.009022511848341165
2025Q3,0.017772511848341166,00141413,0.009022511848341165,0.09718713620488931
2025Q4,0.10593713620488932,00141413,0.09718713620488931,0.04703947368421061
2026Q1,0.05578947368421061,00141413,0.04703947368421061,-0.07854062811565307
2020Q2,-0.273972602739726,00142883,-0.282722602739726,0.18747641509433957
2020Q3,0.19622641509433958,00142883,0.18747641509433957,0.11585567823343837
2020Q4,0.12460567823343838,00142883,0.11585567823343837,0.6181784712482468
2021Q1,0.6269284712482468,00142883,0.6181784712482468,-0.0518534482758621
2021Q2,-0.0431034482758621,00142883,-0.0518534482758621,-0.10604729729729731
2021Q3,-0.0972972972972973,00142883,-0.10604729729729731,-0.19138473053892222
2021Q4,-0.1826347305389222,00142883,-0.19138473053892222,-0.18823717948717952
2022Q1,-0.17948717948717952,00142883,-0.18823717948717952,-0.32422619047619045
2022Q2,-0.31547619047619047,00142883,-0.32422619047619045,-0.09135869565217389
2022Q3,-0.08260869565217388,00142883,-0.09135869565217389,0.5078376777251183
2022Q4,0.5165876777251184,00142883,0.5078376777251183,0.0943749999999999
2023Q1,0.10312499999999991,00142883,0.0943749999999999,-0.01724858356940514
2023Q2,-0.008498583569405138,00142883,-0.01724858356940514,1.0769642857142858
2023Q3,1.0857142857142859,00142883,1.0769642857142858,0.20220890410958894
2023Q4,0.21095890410958895,00142883,0.20220890410958894,-0.0766233031674208
2024Q1,-0.0678733031674208,00142883,-0.0766233031674208,-0.07185679611650483
2024Q2,-0.06310679611650483,00142883,-0.07185679611650483,-0.18491580310880826
2024Q3,-0.17616580310880825,00142883,-0.18491580310880826,-0.11252358490566036
2024Q4,-0.10377358490566035,00142883,-0.11252358490566036,-0.0052412280701754285
2025Q1,0.0035087719298245723,00142883,-0.0052412280701754285,0.38460664335664335
2025Q2,0.39335664335664333,00142883,0.38460664335664335,-0.13798462986198243
2025Q3,-0.12923462986198242,00142883,-0.13798462986198243,-0.11537824207492794
2025Q4,-0.10662824207492794,00142883,-0.11537824207492794,-0.09100806451612906
2026Q1,-0.08225806451612905,00142883,-0.09100806451612906,-0.15989235500878737
2020Q2,1.3556597454789014,00143226,1.3469097454789014,1.9867006681831105
2020Q3,1.9954506681831106,00143226,1.9867006681831105,0.08152052681537739
2020Q4,0.0902705268153774,00143226,0.08152052681537739,0.011883815079226902
2021Q1,0.020633815079226903,00143226,0.011883815079226902,0.4101700716540136
2021Q2,0.41892007165401357,00143226,0.4101700716540136,-0.2272181976674282
2021Q3,-0.2184681976674282,00143226,-0.2272181976674282,-0.10490384615384615
2021Q4,-0.09615384615384615,00143226,-0.10490384615384615,-0.4844946808510638
2022Q1,-0.4757446808510638,00143226,-0.4844946808510638,-0.007126623376623363
2022Q2,0.0016233766233766378,00143226,-0.007126623376623363,0.42885129659643445
2022Q3,0.43760129659643443,00143226,0.42885129659643445,-0.48789317925591885
2022Q4,-0.47914317925591887,00143226,-0.48789317925591885,0.06484307359307365
2023Q1,0.07359307359307365,00143226,0.06484307359307365,-0.12266129032258064
2023Q2,-0.11391129032258063,00143226,-0.12266129032258064,-0.23514362912400452
2023Q3,-0.22639362912400451,00143226,-0.23514362912400452,-0.03227941176470591
2023Q4,-0.02352941176470591,00143226,-0.03227941176470591,-0.1081475903614458
2024Q1,-0.0993975903614458,00143226,-0.1081475903614458,-0.13584030100334452
2024Q2,-0.1270903010033445,00143226,-0.13584030100334452,-0.1581752873563219
2024Q3,-0.14942528735632188,00143226,-0.1581752873563219,-0.20829954954954952
2024Q4,-0.1995495495495495,00143226,-0.20829954954954952,-0.044765756893641005
2025Q1,-0.036015756893641004,00143226,-0.044765756893641005,0.24052028604786926
2025Q2,0.24927028604786927,00143226,0.24052028604786926,-0.10921728971962616
2025Q3,-0.10046728971962615,00143226,-0.10921728971962616,-0.07732142857142862
2025Q4,-0.06857142857142862,00143226,-0.07732142857142862,0.012443530395984483
2026Q1,0.021193530395984483,00143226,0.012443530395984483,-0.14037206444565817
2020Q2,-0.00434153400868309,00146436,-0.01309153400868309,1.072160852713178
2020Q3,1.080910852713178,00146436,1.072160852713178,-0.17801658905704307
2020Q4,-0.16926658905704306,00146436,-0.17801658905704307,0.34915358744394626
2021Q1,0.35790358744394624,00146436,0.34915358744394626,0.0162242002063984
2021Q2,0.0249742002063984,00146436,0.0162242002063984,-0.22461790173177607
2021Q3,-0.21586790173177606,00146436,-0.22461790173177607,0.014105675398048224
2021Q4,0.022855675398048225,00146436,0.014105675398048224,-0.020550150640220886
2022Q1,-0.011800150640220886,00146436,-0.020550150640220886,-0.20514227642276425
2022Q2,-0.19639227642276424,00146436,-0.20514227642276425,-0.01033077774264942
2022Q3,-0.0015807777426494196,00146436,-0.01033077774264942,-0.023316181127295797
2022Q4,-0.014566181127295796,00146436,-0.023316181127295797,0.10339652956298198
2023Q1,0.11214652956298199,00146436,0.10339652956298198,0.018409780410286104
2023Q2,0.027159780410286105,00146436,0.018409780410286104,-0.23941104078762307
2023Q3,-0.23066104078762306,00146436,-0.23941104078762307,-0.01240630712979892
2023Q4,-0.003656307129798919,00146436,-0.01240630712979892,-0.0913188073394495
2024Q1,-0.08256880733944949,00146436,-0.0913188073394495,0.033250000000000036
2024Q2,0.04200000000000004,00146436,0.033250000000000036,-0.02218570057581578
2024Q3,-0.013435700575815779,00146436,-0.02218570057581578,-0.10991731517509726
2024Q4,-0.10116731517509725,00146436,-0.10991731517509726,-0.06502705627705627
2025Q1,-0.05627705627705626,00146436,-0.06502705627705627,0.060057339449541204
2025Q2,0.0688073394495412,00146436,0.060057339449541204,-0.04523068669527893
2025Q3,-0.03648068669527893,00146436,-0.04523068669527893,-0.017658685968819553
2025Q4,-0.008908685968819552,00146436,-0.017658685968819553,-0.060435393258426916
2026Q1,-0.051685393258426915,00146436,-0.060435393258426916,-0.0931101895734597
2020Q2,0.247588424437299,00146542,0.238838424437299,-0.012293814432989679
2020Q3,-0.003543814432989678,00146542,-0.012293814432989679,0.37469649207888783
2020Q4,0.3834464920788878,00146542,0.37469649207888783,-0.14195869362000466
2021Q1,-0.13320869362000465,00146542,-0.14195869362000466,0.26383021029927206
2021Q2,0.27258021029927204,00146542,0.26383021029927206,0.06519067796610159
2021Q3,0.0739406779661016,00146542,0.06519067796610159,0.6612046261590057
2021Q4,0.6699546261590057,00146542,0.6612046261590057,-0.1777990253987005
2022Q1,-0.16904902539870048,00146542,-0.1777990253987005,-0.37738804378731877
2022Q2,-0.3686380437873188,00146542,-0.37738804378731877,0.10136033551002036
2022Q3,0.11011033551002036,00146542,0.10136033551002036,-0.23532200811359025
2022Q4,-0.22657200811359024,00146542,-0.23532200811359025,-0.22196793863099926
2023Q1,-0.21321793863099925,00146542,-0.22196793863099926,-0.00875
2023Q2,0.0,00146542,-0.00875,-0.00875
2023Q3,0.0,00146542,-0.00875,-0.00875
2023Q4,0.0,00146542,-0.00875,-0.19941666666666666
2024Q1,-0.19066666666666665,00146542,-0.19941666666666666,0.04561573311367376
2024Q2,0.054365733113673764,00146542,0.04561573311367376,0.05765625
2024Q3,0.06640625,00146542,0.05765625,-0.21314560439560445
2024Q4,-0.20439560439560445,00146542,-0.21314560439560445,-0.00967081031307556
2025Q1,-0.0009208103130755596,00146542,-0.00967081031307556,0.14793202764976957
2025Q2,0.15668202764976957,00146542,0.14793202764976957,1.580891434262948
2025Q3,1.5896414342629481,00146542,1.580891434262948,-0.5364423076923077
2025Q4,-0.5276923076923077,00146542,-0.5364423076923077,-0.13904315960912048
2026Q1,-0.13029315960912047,00146542,-0.13904315960912048,-0.3016338951310861
2020Q2,0.6691729323308271,00146560,0.660422932330827,0.3260848348348349
2020Q3,0.3348348348348349,00146560,0.3260848348348349,-0.1088624859392576
2020Q4,-0.10011248593925759,00146560,-0.1088624859392576,-0.07249999999999998
2021Q1,-0.06374999999999997,00146560,-0.07249999999999998,0.35306575433911874
2021Q2,0.3618157543391187,00146560,0.35306575433911874,-0.22443627450980394
2021Q3,-0.21568627450980393,00146560,-0.22443627450980394,-0.17249999999999996
2021Q4,-0.16374999999999995,00146560,-0.17249999999999996,-0.010244768310911777
2022Q1,-0.001494768310911776,00146560,-0.010244768310911777,-0.29018712574850297
2022Q2,-0.281437125748503,00146560,-0.29018712574850297,-0.07125000000000001
2022Q3,-0.0625,00146560,-0.07125000000000001,0.08013888888888879
2022Q4,0.0888888888888888,00146560,0.08013888888888879,0.19533163265306122
2023Q1,0.20408163265306123,00146560,0.19533163265306122,0.43192796610169487
2023Q2,0.44067796610169485,00146560,0.43192796610169487,0.08889705882352941
2023Q3,0.09764705882352942,00146560,0.08889705882352941,-0.2048914790996785
2023Q4,-0.1961414790996785,00146560,-0.2048914790996785,0.20191666666666655
2024Q1,0.21066666666666656,00146560,0.20191666666666655,0.2071090308370043
2024Q2,0.2158590308370043,00146560,0.2071090308370043,-0.20168478260869568
2024Q3,-0.19293478260869568,00146560,-0.20168478260869568,-0.20066919191919194
2024Q4,-0.19191919191919193,00146560,-0.20066919191919194,0.010694444444444375
2025Q1,0.019444444444444375,00146560,0.010694444444444375,0.16563692098092633
2025Q2,0.17438692098092634,00146560,0.16563692098092633,-0.09691705336426912
2025Q3,-0.08816705336426911,00146560,-0.09691705336426912,0.05868002544529264
2025Q4,0.06743002544529264,00146560,0.05868002544529264,0.39530244338498216
2026Q1,0.40405244338498214,00146560,0.39530244338498216,0.06934847198641772
2020Q2,0.835518474374255,00147152,0.8267684743742549,0.01332792207792214
2020Q3,0.02207792207792214,00147152,0.01332792207792214,0.133562579415502
2020Q4,0.14231257941550202,00147152,0.133562579415502,-0.10774888765294774
2021Q1,-0.09899888765294773,00147152,-0.10774888765294774,-0.0062808641975308985
2021Q2,0.0024691358024691024,00147152,-0.0062808641975308985,-0.08633620689655172
2021Q3,-0.07758620689655171,00147152,-0.08633620689655172,-0.17163384512683574
2021Q4,-0.16288384512683574,00147152,-0.17163384512683574,0.1842324561403508
2022Q1,0.1929824561403508,00147152,0.1842324561403508,-0.13976604278074864
2022Q2,-0.13101604278074863,00147152,-0.13976604278074864,-0.24798076923076925
2022Q3,-0.23923076923076925,00147152,-0.24798076923076925,-0.0744729524772498
2022Q4,-0.0657229524772498,00147152,-0.0744729524772498,0.38086038961038954
2023Q1,0.3896103896103895,00147152,0.38086038961038954,-0.07417056074766357
2023Q2,-0.06542056074766356,00147152,-0.07417056074766357,-0.17875000000000005
2023Q3,-0.17000000000000004,00147152,-0.17875000000000005,0.03341867469879526
2023Q4,0.04216867469879526,00147152,0.03341867469879526,-0.0829311175337187
2024Q1,-0.0741811175337187,00147152,-0.0829311175337187,-0.06286030176899068
2024Q2,-0.054110301768990676,00147152,-0.06286030176899068,-0.034052530253025314
2024Q3,-0.025302530253025313,00147152,-0.034052530253025314,-0.2344836343115124
2024Q4,-0.2257336343115124,00147152,-0.2344836343115124,-0.051024052478134095
2025Q1,-0.042274052478134094,00147152,-0.051024052478134095,0.19064117199391165
2025Q2,0.19939117199391165,00147152,0.19064117199391165,-0.03413071065989844
2025Q3,-0.025380710659898442,00147152,-0.03413071065989844,0.11104166666666673
2025Q4,0.11979166666666674,00147152,0.11104166666666673,-0.14247093023255816
2026Q1,-0.13372093023255816,00147152,-0.14247093023255816,0.18856543624161073
2020Q2,0.0,00147860,-0.00875,-0.00875
2020Q3,0.0,00147860,-0.00875,-0.00875
2020Q4,0.0,00147860,-0.00875,-0.00875
2021Q1,0.0,00147860,-0.00875,-0.00875
2021Q2,0.0,00147860,-0.00875,-0.00875
2021Q3,0.0,00147860,-0.00875,-0.00875
2021Q4,0.0,00147860,-0.00875,-0.00875
2022Q1,0.0,00147860,-0.00875,-0.00875
2022Q2,0.0,00147860,-0.00875,-0.09153867102396515
2022Q3,-0.08278867102396514,00147860,-0.09153867102396515,-0.17977137767220905
2022Q4,-0.17102137767220904,00147860,-0.17977137767220905,0.3494161891117478
2023Q1,0.3581661891117478,00147860,0.3494161891117478,0.06930907172995784
2023Q2,0.07805907172995785,00147860,0.06930907172995784,-0.30072651663405087
2023Q3,-0.2919765166340509,00147860,-0.30072651663405087,-0.001563709231619602
2023Q4,0.007186290768380399,00147860,-0.001563709231619602,-0.13224066959385292
2024Q1,-0.12349066959385291,00147860,-0.13224066959385292,-0.1947237006887915
2024Q2,-0.1859737006887915,00147860,-0.1947237006887915,-0.05951923076923079
2024Q3,-0.05076923076923079,00147860,-0.05951923076923079,0.0763391410048622
2024Q4,0.0850891410048622,00147860,0.0763391410048622,-0.11106516056758772
2025Q1,-0.10231516056758772,00147860,-0.11106516056758772,0.37893718801996684
2025Q2,0.3876871880199668,00147860,0.37893718801996684,0.40611810551558764
2025Q3,0.4148681055155876,00147860,0.40611810551558764,-0.015105932203389814
2025Q4,-0.006355932203389814,00147860,-0.015105932203389814,-0.08977345415778257
2026Q1,-0.08102345415778256,00147860,-0.08977345415778257,0.15134280742459397
2020Q2,-0.0029251984956122357,00149804,-0.011675198495612236,0.20164396479463534
2020Q3,0.21039396479463535,00149804,0.20164396479463534,0.017912049861495784
2020Q4,0.026662049861495785,00149804,0.017912049861495784,0.2752297639123103
2021Q1,0.2839797639123103,00149804,0.2752297639123103,0.31854183083793025
2021Q2,0.32729183083793023,00149804,0.31854183083793025,0.22042078962992287
2021Q3,0.22917078962992288,00149804,0.22042078962992287,-0.27714478344872
2021Q4,-0.26839478344872003,00149804,-0.27714478344872,-0.028116197183098622
2022Q1,-0.01936619718309862,00149804,-0.028116197183098622,-0.35524910233393175
2022Q2,-0.3464991023339318,00149804,-0.35524910233393175,-0.2412362637362637
2022Q3,-0.2324862637362637,00149804,-0.2412362637362637,0.10758109619686798
2022Q4,0.11633109619686799,00149804,0.10758109619686798,-0.06365981963927855
2023Q1,-0.054909819639278545,00149804,-0.06365981963927855,0.01499893977947412
2023Q2,0.02374893977947412,00149804,0.01499893977947412,-0.7022048467274233
2023Q3,-0.6934548467274233,00149804,-0.7022048467274233,0.6155743243243244
2023Q4,0.6243243243243244,00149804,0.6155743243243244,0.03950291181364388
2024Q1,0.048252911813643884,00149804,0.03950291181364388,-0.0008134920634920925
2024Q2,0.007936507936507908,00149804,-0.0008134920634920925,-0.18119094488188978
2024Q3,-0.17244094488188977,00149804,-0.18119094488188978,0.08544600380589909
2024Q4,0.0941960038058991,00149804,0.08544600380589909,-0.12701086956521743
2025Q1,-0.11826086956521742,00149804,-0.12701086956521743,0.1697509861932938
2025Q2,0.1785009861932938,00149804,0.1697509861932938,-0.015444560669456063
2025Q3,-0.006694560669456062,00149804,-0.015444560669456063,-0.09468091828138167
2025Q4,-0.08593091828138166,00149804,-0.09468091828138167,-0.1626670506912443
2026Q1,-0.15391705069124428,00149804,-0.1626670506912443,-0.1372903050108932
2020Q2,0.12084592145015116,00151128,0.11209592145015115,0.5882850404312667
2020Q3,0.5970350404312668,00151128,0.5882850404312667,-0.012969409282700371
2020Q4,-0.00421940928270037,00151128,-0.012969409282700371,0.0759957627118644
2021Q1,0.0847457627118644,00151128,0.0759957627118644,-0.05171875
2021Q2,-0.04296875,00151128,-0.05171875,-0.11895408163265306
2021Q3,-0.11020408163265305,00151128,-0.11895408163265306,-0.03627293577981646
2021Q4,-0.02752293577981646,00151128,-0.03627293577981646,-0.10780660377358495
2022Q1,-0.09905660377358494,00151128,-0.10780660377358495,-0.1469698952879581
2022Q2,-0.13821989528795808,00151128,-0.1469698952879581,-0.06950334143377887
2022Q3,-0.06075334143377886,00151128,-0.06950334143377887,0.031353492884864255
2022Q4,0.040103492884864256,00151128,0.031353492884864255,0.12060323383084584
2023Q1,0.12935323383084585,00151128,0.12060323383084584,-0.03187775330396477
2023Q2,-0.02312775330396477,00151128,-0.03187775330396477,0.0002691657271703188
2023Q3,0.00901916572717032,00151128,0.0002691657271703188,-0.08472765363128495
2023Q4,-0.07597765363128495,00151128,-0.08472765363128495,-0.03414298669891177
2024Q1,-0.025392986698911768,00151128,-0.03414298669891177,0.0929869727047146
2024Q2,0.1017369727047146,00151128,0.0929869727047146,-0.027894144144144116
2024Q3,-0.019144144144144115,00151128,-0.027894144144144116,-0.039748851894374236
2024Q4,-0.030998851894374235,00151128,-0.039748851894374236,0.062340047393364885
2025Q1,0.07109004739336489,00151128,0.062340047393364885,0.12841814159292045
2025Q2,0.13716814159292046,00151128,0.12841814159292045,-0.02820525291828798
2025Q3,-0.01945525291828798,00151128,-0.02820525291828798,0.022996031746031854
2025Q4,0.031746031746031855,00151128,0.022996031746031854,0.0037499999999999548
2026Q1,0.012499999999999956,00151128,0.0037499999999999548,-0.051485042735042695
2020Q2,0.0625,00151605,0.05375,2.4226225490196076
2020Q3,2.4313725490196076,00151605,2.4226225490196076,0.2483928571428571
2020Q4,0.2571428571428571,00151605,0.2483928571428571,0.5617045454545455
2021Q1,0.5704545454545455,00151605,0.5617045454545455,0.6453744573082489
2021Q2,0.654124457308249,00151605,0.6453744573082489,-0.3919520997375328
2021Q3,-0.38320209973753283,00151605,-0.3919520997375328,0.168554964539007
2021Q4,0.17730496453900702,00151605,0.168554964539007,-0.19188253012048193
2022Q1,-0.18313253012048192,00151605,-0.19188253012048193,-0.5293989675516224
2022Q2,-0.5206489675516224,00151605,-0.5293989675516224,-0.21182692307692305
2022Q3,-0.20307692307692304,00151605,-0.21182692307692305,0.5665395752895752
2022Q4,0.5752895752895753,00151605,0.5665395752895752,-0.33718137254901964
2023Q1,-0.32843137254901966,00151605,-0.33718137254901964,-0.18393248175182483
2023Q2,-0.17518248175182483,00151605,-0.18393248175182483,-0.29636061946902653
2023Q3,-0.28761061946902655,00151605,-0.29636061946902653,0.23659161490683236
2023Q4,0.24534161490683237,00151605,0.23659161490683236,-0.20725374064837906
2024Q1,-0.19850374064837906,00151605,-0.20725374064837906,-0.2514382389545737
2024Q2,-0.2426882389545737,00151605,-0.2514382389545737,-0.06544679539852091
2024Q3,-0.056696795398520905,00151605,-0.06544679539852091,-0.3066594076655052
2024Q4,-0.2979094076655052,00151605,-0.3066594076655052,-0.07202543424317617
2025Q1,-0.06327543424317617,00151605,-0.07202543424317617,0.49985927152317894
2025Q2,0.5086092715231789,00151605,0.49985927152317894,-0.20277985074626867
2025Q3,-0.19402985074626866,00151605,-0.20277985074626867,-0.29088507625272325
2025Q4,-0.28213507625272327,00151605,-0.29088507625272325,0.31446699544764806
2026Q1,0.32321699544764804,00151605,0.31446699544764806,-0.47549311926605503
2020Q2,0.22192369693713054,00152039,0.21317369693713054,0.6077847405452945
2020Q3,0.6165347405452946,00152039,0.6077847405452945,0.12209874863982598
2020Q4,0.13084874863982598,00152039,0.12209874863982598,0.5334679456338705
2021Q1,0.5422179456338705,00152039,0.5334679456338705,0.15066350803306808
2021Q2,0.15941350803306809,00152039,0.15066350803306808,-0.38073977532624775
2021Q3,-0.3719897753262478,00152039,-0.38073977532624775,-0.22340295629820048
2021Q4,-0.21465295629820047,00152039,-0.22340295629820048,0.10608906164757229
2022Q1,0.1148390616475723,00152039,0.10608906164757229,-0.32732107903107416
2022Q2,-0.3185710790310742,00152039,-0.32732107903107416,-0.23208931777378813
2022Q3,-0.22333931777378813,00152039,-0.23208931777378813,0.5705380258899675
2022Q4,0.5792880258899675,00152039,0.5705380258899675,-0.2757289227166276
2023Q1,-0.2669789227166276,00152039,-0.2757289227166276,0.1122563897763578
2023Q2,0.1210063897763578,00152039,0.1122563897763578,-0.02086257570359814
2023Q3,-0.012112575703598139,00152039,-0.02086257570359814,0.10809096646231511
2023Q4,0.11684096646231512,00152039,0.10809096646231511,0.29154060381013897
2024Q1,0.30029060381013895,00152039,0.29154060381013897,0.06574714427613618
2024Q2,0.07449714427613618,00152039,0.06574714427613618,0.3501591749480009
2024Q3,0.3589091749480009,00152039,0.3501591749480009,0.12254251700680266
2024Q4,0.13129251700680267,00152039,0.12254251700680266,-0.36578547805171374
2025Q1,-0.35703547805171376,00152039,-0.36578547805171374,-0.22829641103577278
2025Q2,-0.21954641103577277,00152039,-0.22829641103577278,-0.0177374176153385
2025Q3,-0.0089874176153385,00152039,-0.0177374176153385,0.12063331318016937
2025Q4,0.12938331318016938,00152039,0.12063331318016937,-0.30532387580299786
2026Q1,-0.2965738758029979,00152039,-0.30532387580299786,-0.35083523592085236
2020Q2,0.2712328767123289,00153278,0.2624828767123289,0.48909482758620687
2020Q3,0.49784482758620685,00153278,0.48909482758620687,1.5926888489208633
2020Q4,1.6014388489208633,00153278,1.5926888489208633,0.41271017699115037
2021Q1,0.42146017699115035,00153278,0.41271017699115037,-0.2110846303501945
2021Q2,-0.2023346303501945,00153278,-0.2110846303501945,-0.3404573170731707
2021Q3,-0.3317073170731707,00153278,-0.3404573170731707,0.07446167883211688
2021Q4,0.08321167883211689,00153278,0.07446167883211688,-0.3052459568733153
2022Q1,-0.2964959568733153,00153278,-0.3052459568733153,0.2690277777777777
2022Q2,0.2777777777777777,00153278,0.2690277777777777,-0.3708189655172413
2022Q3,-0.3620689655172413,00153278,-0.3708189655172413,-0.07690511163337252
2022Q4,-0.06815511163337251,00153278,-0.07690511163337252,0.07321721311475418
2023Q1,0.08196721311475419,00153278,0.07321721311475418,0.0786625874125875
2023Q2,0.0874125874125875,00153278,0.0786625874125875,-0.16309083601286176
2023Q3,-0.15434083601286175,00153278,-0.16309083601286176,0.10658586818757912
2023Q4,0.11533586818757913,00153278,0.10658586818757912,-0.08147727272727276
2024Q1,-0.07272727272727275,00153278,-0.08147727272727276,-0.03325980392156865
2024Q2,-0.02450980392156865,00153278,-0.03325980392156865,-0.07910175879396983
2024Q3,-0.07035175879396982,00153278,-0.07910175879396983,-0.09253378378378382
2024Q4,-0.08378378378378382,00153278,-0.09253378378378382,0.09596976401179938
2025Q1,0.10471976401179939,00153278,0.09596976401179938,0.0005957943925232537
2025Q2,0.009345794392523255,00153278,0.0005957943925232537,-0.01668650793650791
2025Q3,-0.007936507936507908,00153278,-0.01668650793650791,0.004583333333333418
2025Q4,0.01333333333333342,00153278,0.004583333333333418,-0.020592105263157877
2026Q1,-0.011842105263157876,00153278,-0.020592105263157877,-0.020734021304926818
2020Q2,0.06562500000000004,00154055,0.056875000000000044,0.15254032258064523
2020Q3,0.16129032258064524,00154055,0.15254032258064523,8.838383838386671e-05
2020Q4,0.008838383838383868,00154055,8.838383838386671e-05,0.0700985607008762
2021Q1,0.0788485607008762,00154055,0.0700985607008762,0.4135237819025522
2021Q2,0.42227378190255216,00154055,0.4135237819025522,-0.20124592169657426
2021Q3,-0.19249592169657426,00154055,-0.20124592169657426,0.16700757575757577
2021Q4,0.17575757575757578,00154055,0.16700757575757577,-0.12215206185567015
2022Q1,-0.11340206185567014,00154055,-0.12215206185567015,-0.0988662790697675
2022Q2,-0.09011627906976749,00154055,-0.0988662790697675,-0.15464989350372735
2022Q3,-0.14589989350372734,00154055,-0.15464989350372735,-0.03742830423940154
2022Q4,-0.028678304239401542,00154055,-0.03742830423940154,0.36480584082156603
2023Q1,0.373555840821566,00154055,0.36480584082156603,-0.10407710280373836
2023Q2,-0.09532710280373835,00154055,-0.10407710280373836,0.04496900826446274
2023Q3,0.05371900826446274,00154055,0.04496900826446274,-0.03816176470588236
2023Q4,-0.02941176470588236,00154055,-0.03816176470588236,-0.1471338383838384
2024Q1,-0.1383838383838384,00154055,-0.1471338383838384,-0.02164566236811257
2024Q2,-0.01289566236811257,00154055,-0.02164566236811257,-0.14295427553444182
2024Q3,-0.1342042755344418,00154055,-0.14295427553444182,0.006339163237311353
2024Q4,0.015089163237311354,00154055,0.006339163237311353,-0.11145270270270266
2025Q1,-0.10270270270270265,00154055,-0.11145270270270266,0.13733433734939762
2025Q2,0.14608433734939763,00154055,0.13733433734939762,-0.12175919842312752
2025Q3,-0.11300919842312751,00154055,-0.12175919842312752,0.04606481481481487
2025Q4,0.05481481481481487,00154055,0.04606481481481487,-0.1913342696629213
2026Q1,-0.1825842696629213,00154055,-0.1913342696629213,-0.019059278350515428
2020Q2,0.2437499999999999,00155124,0.2349999999999999,0.11017797319933001
2020Q3,0.11892797319933002,00155124,0.11017797319933001,0.04813622754491024
2020Q4,0.05688622754491024,00155124,0.04813622754491024,0.019578611898017052
2021Q1,0.028328611898017053,00155124,0.019578611898017052,0.41549242424242433
2021Q2,0.4242424242424243,00155124,0.41549242424242433,-0.0029472920696324775
2021Q3,0.005802707930367523,00155124,-0.0029472920696324775,-0.15105769230769236
2021Q4,-0.14230769230769236,00155124,-0.15105769230769236,-0.08049887892376681
2022Q1,-0.0717488789237668,00155124,-0.08049887892376681,-0.22372584541062798
2022Q2,-0.21497584541062797,00155124,-0.22372584541062798,-0.11490384615384616
2022Q3,-0.10615384615384615,00155124,-0.11490384615384616,0.2821277969018932
2022Q4,0.2908777969018932,00155124,0.2821277969018932,-0.09674999999999997
2023Q1,-0.08799999999999997,00155124,-0.09674999999999997,0.09651315789473694
2023Q2,0.10526315789473695,00155124,0.09651315789473694,-0.1979034391534392
2023Q3,-0.18915343915343918,00155124,-0.1979034391534392,0.04345228384991854
2023Q4,0.05220228384991854,00155124,0.04345228384991854,-0.06146317829457367
2024Q1,-0.05271317829457367,00155124,-0.06146317829457367,-0.02184328968903434
2024Q2,-0.013093289689034338,00155124,-0.02184328968903434,-0.07674336650082922
2024Q3,-0.06799336650082921,00155124,-0.07674336650082922,-0.11017348754448394
2024Q4,-0.10142348754448394,00155124,-0.11017348754448394,1.0625371287128713
2025Q1,1.0712871287128714,00155124,1.0625371287128713,0.019930688336520043
2025Q2,0.028680688336520044,00155124,0.019930688336520043,-0.3117239776951673
2025Q3,-0.3029739776951673,00155124,-0.3117239776951673,0.0019166666666666013
2025Q4,0.010666666666666602,00155124,0.0019166666666666013,-0.02590039577836408
2026Q1,-0.01715039577836408,00155124,-0.02590039577836408,0.24896812080536915
2020Q2,0.07765151515151514,00155151,0.06890151515151513,0.3286840949033392
2020Q3,0.3374340949033392,00155151,0.3286840949033392,0.196243429697766
2020Q4,0.20499342969776602,00155151,0.196243429697766,0.12538304252998914
2021Q1,0.13413304252998914,00155151,0.12538304252998914,0.17875
2021Q2,0.1875,00155151,0.17875,-0.08972165991902833
2021Q3,-0.08097165991902833,00155151,-0.08972165991902833,-0.11888215859030835
2021Q4,-0.11013215859030834,00155151,-0.11888215859030835,-0.10974009900990098
2022Q1,-0.10099009900990097,00155151,-0.10974009900990098,-0.17394823788546251
2022Q2,-0.1651982378854625,00155151,-0.17394823788546251,-0.24489775725593674
2022Q3,-0.23614775725593673,00155151,-0.24489775725593674,0.20713946459412783
2022Q4,0.21588946459412783,00155151,0.20713946459412783,0.06653409090909082
2023Q1,0.07528409090909083,00155151,0.06653409090909082,0.3783041611624836
2023Q2,0.3870541611624836,00155151,0.3783041611624836,-0.08113095238095244
2023Q3,-0.07238095238095243,00155151,-0.08113095238095244,0.012810574948665367
2023Q4,0.021560574948665368,00155151,0.012810574948665367,0.10783291457286429
2024Q1,0.1165829145728643,00155151,0.10783291457286429,0.19827070207020706
2024Q2,0.20702070207020706,00155151,0.19827070207020706,-0.2622921327367636
2024Q3,-0.2535421327367636,00155151,-0.2622921327367636,-0.003754995004995064
2024Q4,0.004995004995004937,00155151,-0.003754995004995064,0.02007703777335993
2025Q1,0.02882703777335993,00155151,0.02007703777335993,0.0443900966183575
2025Q2,0.0531400966183575,00155151,0.0443900966183575,0.004094036697247762
2025Q3,0.012844036697247763,00155151,0.004094036697247762,0.05465579710144922
2025Q4,0.06340579710144922,00155151,0.05465579710144922,0.02361797274275971
2026Q1,0.03236797274275971,00155151,0.02361797274275971,0.04818069306930698
2020Q2,0.187793427230047,00155373,0.179043427230047,0.1908547430830039
2020Q3,0.1996047430830039,00155373,0.1908547430830039,0.07856466227347617
2020Q4,0.08731466227347617,00155373,0.07856466227347617,0.22003787878787875
2021Q1,0.22878787878787876,00155373,0.22003787878787875,0.3229392725030827
2021Q2,0.33168927250308267,00155373,0.3229392725030827,-0.15967592592592592
2021Q3,-0.1509259259259259,00155373,-0.15967592592592592,-0.04473691384950925
2021Q4,-0.03598691384950925,00155373,-0.04473691384950925,0.0150056561085972
2022Q1,0.0237556561085972,00155373,0.0150056561085972,-0.1700759668508288
2022Q2,-0.16132596685082878,00155373,-0.1700759668508288,-0.06803853754940711
2022Q3,-0.059288537549407105,00155373,-0.06803853754940711,-0.005948879551820739
2022Q4,0.0028011204481792618,00155373,-0.005948879551820739,0.14488128491620114
2023Q1,0.15363128491620115,00155373,0.14488128491620114,0.005777845036319541
2023Q2,0.014527845036319542,00155373,0.005777845036319541,-0.08512231503579956
2023Q3,-0.07637231503579955,00155373,-0.08512231503579956,-0.01650193798449614
2023Q4,-0.007751937984496138,00155373,-0.01650193798449614,-0.04520833333333337
2024Q1,-0.03645833333333337,00155373,-0.04520833333333337,-0.035777027027026974
2024Q2,-0.027027027027026973,00155373,-0.035777027027026974,-0.13652777777777778
2024Q3,-0.12777777777777777,00155373,-0.13652777777777778,-0.2874124203821656
2024Q4,-0.2786624203821656,00155373,-0.2874124203821656,0.08838024282560711
2025Q1,0.09713024282560712,00155373,0.08838024282560711,0.05161217303822933
2025Q2,0.06036217303822933,00155373,0.05161217303822933,0.1373600569259961
2025Q3,0.1461100569259961,00155373,0.1373600569259961,-0.10974337748344373
2025Q4,-0.10099337748344372,00155373,-0.10974337748344373,-0.06584023941068137
2026Q1,-0.057090239410681365,00155373,-0.06584023941068137,0.036171875
2020Q2,0.6772151898734178,00156354,0.6684651898734177,0.3667216981132076
2020Q3,0.3754716981132076,00156354,0.3667216981132076,0.08178497942386834
2020Q4,0.09053497942386834,00156354,0.08178497942386834,-0.09051100628930817
2021Q1,-0.08176100628930816,00156354,-0.09051100628930817,-0.016969178082191748
2021Q2,-0.008219178082191747,00156354,-0.016969178082191748,-0.07090469613259673
2021Q3,-0.06215469613259672,00156354,-0.07090469613259673,-0.13540684830633284
2021Q4,-0.12665684830633284,00156354,-0.13540684830633284,-0.027299747048903887
2022Q1,-0.018549747048903886,00156354,-0.027299747048903887,-0.07919673539518898
2022Q2,-0.07044673539518898,00156354,-0.07919673539518898,-0.20283502772643255
2022Q3,-0.19408502772643255,00156354,-0.20283502772643255,0.011892201834862427
2022Q4,0.020642201834862428,00156354,0.011892201834862427,0.1215870786516853
2023Q1,0.1303370786516853,00156354,0.1215870786516853,-0.0027857852882704134
2023Q2,0.005964214711729587,00156354,-0.0027857852882704134,-0.11942193675889332
2023Q3,-0.11067193675889331,00156354,-0.11942193675889332,0.049027777777777705
2023Q4,0.057777777777777706,00156354,0.049027777777777705,-0.07702731092436974
2024Q1,-0.06827731092436973,00156354,-0.07702731092436974,0.008160935738444265
2024Q2,0.016910935738444266,00156354,0.008160935738444265,-0.12515798226164085
2024Q3,-0.11640798226164084,00156354,-0.12515798226164085,-0.0877964240903388
2024Q4,-0.0790464240903388,00156354,-0.0877964240903388,0.014410762942779244
2025Q1,0.023160762942779245,00156354,0.014410762942779244,0.06182256990679095
2025Q2,0.07057256990679095,00156354,0.06182256990679095,-0.022431592039801017
2025Q3,-0.013681592039801016,00156354,-0.022431592039801017,7.72383354350828e-05
2025Q4,0.008827238335435084,00156354,7.72383354350828e-05,0.18625000000000005
2026Q1,0.19500000000000006,00156354,0.18625000000000005,-0.15728556485355646
2023Q2,0.04973118279569899,00156600,0.04098118279569899,-0.23256562099871955
2023Q3,-0.22381562099871954,00156600,-0.23256562099871955,-0.09519011877268233
2023Q4,-0.08644011877268232,00156600,-0.09519011877268233,-0.27418878656554707
2024Q1,-0.2654387865655471,00156600,-0.27418878656554707,-0.1134697640117994
2024Q2,-0.10471976401179939,00156600,-0.1134697640117994,-0.4475199066447007
2024Q3,-0.4387699066447007,00156600,-0.4475199066447007,-0.26902397260273975
2024Q4,-0.26027397260273977,00156600,-0.26902397260273975,-0.07091931216931222
2025Q1,-0.06216931216931221,00156600,-0.07091931216931222,0.05048836389280668
2025Q2,0.05923836389280668,00156600,0.05048836389280668,-0.06334387483355527
2025Q3,-0.05459387483355527,00156600,-0.06334387483355527,-0.10311619718309858
2025Q4,-0.09436619718309858,00156600,-0.10311619718309858,0.1265532659409019
2026Q1,0.13530326594090192,00156600,0.1265532659409019,0.7926198630136987
2020Q2,0.4400895856662934,00157539,0.43133958566629343,-0.030522939346811793
2020Q3,-0.021772939346811793,00157539,-0.030522939346811793,0.17090023847376792
2020Q4,0.17965023847376793,00157539,0.17090023847376792,0.312004716981132
2021Q1,0.320754716981132,00157539,0.312004716981132,-0.11079081632653062
2021Q2,-0.10204081632653061,00157539,-0.11079081632653062,-0.22806818181818186
2021Q3,-0.21931818181818186,00157539,-0.22806818181818186,-0.03786208151382827
2021Q4,-0.02911208151382827,00157539,-0.03786208151382827,-0.09420727136431781
2022Q1,-0.0854572713643178,00157539,-0.09420727136431781,-0.07268442622950819
2022Q2,-0.06393442622950818,00157539,-0.07268442622950819,-0.3782771453590193
2022Q3,-0.3695271453590193,00157539,-0.3782771453590193,0.007916666666666607
2022Q4,0.016666666666666607,00157539,0.007916666666666607,0.1510860655737705
2023Q1,0.1598360655737705,00157539,0.1510860655737705,0.3033819199057715
2023Q2,0.3121319199057715,00157539,0.3033819199057715,-0.26727782764811486
2023Q3,-0.2585278276481149,00157539,-0.26727782764811486,0.17769067796610163
2023Q4,0.18644067796610164,00157539,0.17769067796610163,-0.11079081632653062
2024Q1,-0.10204081632653061,00157539,-0.11079081632653062,-0.03829545454545454
2024Q2,-0.02954545454545454,00157539,-0.03829545454545454,-0.09774297423887587
2024Q3,-0.08899297423887587,00157539,-0.09774297423887587,-0.1964106683804627
2024Q4,-0.1876606683804627,00157539,-0.1964106683804627,0.02764240506329111
2025Q1,0.03639240506329111,00157539,0.02764240506329111,0.043158396946564793
2025Q2,0.051908396946564794,00157539,0.043158396946564793,-0.021812409288824407
2025Q3,-0.013062409288824406,00157539,-0.021812409288824407,0.06183823529411762
2025Q4,0.07058823529411762,00157539,0.06183823529411762,0.02146978021978011
2026Q1,0.030219780219780112,00157539,0.02146978021978011,-0.062083333333333345
2020Q2,0.15865384615384626,00160010,0.14990384615384625,0.5223703319502073
2020Q3,0.5311203319502074,00160010,0.5223703319502073,0.06171070460704601
2020Q4,0.07046070460704601,00160010,0.06171070460704601,0.3735284810126583
2021Q1,0.38227848101265827,00160010,0.3735284810126583,0.13044413919413914
2021Q2,0.13919413919413914,00160010,0.13044413919413914,-0.27723874598070736
2021Q3,-0.2684887459807074,00160010,-0.27723874598070736,-0.09116758241758247
2021Q4,-0.08241758241758246,00160010,-0.09116758241758247,-0.019528443113772408
2022Q1,-0.010778443113772407,00160010,-0.019528443113772408,-0.31504539951573846
2022Q2,-0.3062953995157385,00160010,-0.31504539951573846,-0.19374127399650962
2022Q3,-0.1849912739965096,00160010,-0.19374127399650962,0.23536134903640263
2022Q4,0.24411134903640264,00160010,0.23536134903640263,0.042885111876075833
2023Q1,0.051635111876075834,00160010,0.042885111876075833,0.01579991816693952
2023Q2,0.02454991816693952,00160010,0.01579991816693952,-0.05667332268370603
2023Q3,-0.04792332268370603,00160010,-0.05667332268370603,-0.0523741610738255
2023Q4,-0.043624161073825496,00160010,-0.0523741610738255,-0.047346491228070185
2024Q1,-0.038596491228070184,00160010,-0.047346491228070185,-0.07444343065693435
2024Q2,-0.06569343065693434,00160010,-0.07444343065693435,-0.0321875
2024Q3,-0.0234375,00160010,-0.0321875,-0.10674999999999998
2024Q4,-0.09799999999999998,00160010,-0.10674999999999998,-0.07748614190687361
2025Q1,-0.0687361419068736,00160010,-0.07748614190687361,0.18172619047619046
2025Q2,0.19047619047619047,00160010,0.18172619047619046,-0.07274999999999995
2025Q3,-0.06399999999999995,00160010,-0.07274999999999995,-0.017297008547008517
2025Q4,-0.008547008547008517,00160010,-0.017297008547008517,-0.05400862068965514
2026Q1,-0.04525862068965514,00160010,-0.05400862068965514,-0.09001410835214449
2020Q2,0.5146198830409356,00160047,0.5058698830409356,0.28468629343629354
2020Q3,0.2934362934362935,00160047,0.28468629343629354,-0.13412313432835818
2020Q4,-0.12537313432835817,00160047,-0.13412313432835818,0.2540486348122866
2021Q1,0.2627986348122866,00160047,0.2540486348122866,0.09125000000000008
2021Q2,0.10000000000000009,00160047,0.09125000000000008,-0.22742321867321866
2021Q3,-0.21867321867321865,00160047,-0.22742321867321866,-0.021328616352201256
2021Q4,-0.012578616352201255,00160047,-0.021328616352201256,-0.07562898089171974
2022Q1,-0.06687898089171973,00160047,-0.07562898089171974,-0.13161689419795228
2022Q2,-0.12286689419795227,00160047,-0.13161689419795228,-0.0398784046692607
2022Q3,-0.0311284046692607,00160047,-0.0398784046692607,0.11173192771084331
2022Q4,0.12048192771084332,00160047,0.11173192771084331,-0.15211917562724017
2023Q1,-0.14336917562724016,00160047,-0.15211917562724017,-0.012934100418409998
2023Q2,-0.004184100418409997,00160047,-0.012934100418409998,-0.07765756302521007
2023Q3,-0.06890756302521006,00160047,-0.07765756302521007,0.39919223826714806
2023Q4,0.40794223826714804,00160047,0.39919223826714806,0.01624999999999991
2024Q1,0.02499999999999991,00160047,0.01624999999999991,-0.05753048780487809
2024Q2,-0.04878048780487809,00160047,-0.05753048780487809,0.1148528928336621
2024Q3,0.1236028928336621,00160047,0.1148528928336621,-0.018697337624341746
2024Q4,-0.009947337624341746,00160047,-0.018697337624341746,-0.11335992907801415
2025Q1,-0.10460992907801414,00160047,-0.11335992907801415,0.25857673267326736
2025Q2,0.26732673267326734,00160047,0.25857673267326736,0.18916666666666673
2025Q3,0.19791666666666674,00160047,0.18916666666666673,0.1282065217391304
2025Q4,0.13695652173913042,00160047,0.1282065217391304,-0.09096797323135761
2026Q1,-0.0822179732313576,00160047,-0.09096797323135761,-0.004583333333333349
2020Q2,0.5791505791505791,00160418,0.5704005791505791,-0.03808985330073352
2020Q3,-0.02933985330073352,00160418,-0.03808985330073352,0.840116498740554
2020Q4,0.8488664987405541,00160418,0.840116498740554,-0.17768732970027254
2021Q1,-0.16893732970027253,00160418,-0.17768732970027254,0.20764344262295079
2021Q2,0.2163934426229508,00160418,0.20764344262295079,-0.20147237196765497
2021Q3,-0.19272237196765496,00160418,-0.20147237196765497,-0.11392529215358935
2021Q4,-0.10517529215358934,00160418,-0.11392529215358935,0.07520522388059694
2022Q1,0.08395522388059695,00160418,0.07520522388059694,-0.1516071428571429
2022Q2,-0.1428571428571429,00160418,-0.1516071428571429,-0.14730421686746983
2022Q3,-0.13855421686746983,00160418,-0.14730421686746983,0.24999125874125874
2022Q4,0.25874125874125875,00160418,0.24999125874125874,-0.00689814814814823
2023Q1,0.0018518518518517713,00160418,-0.00689814814814823,0.3701779112754158
2023Q2,0.3789279112754158,00160418,0.3701779112754158,0.6990247989276139
2023Q3,0.707774798927614,00160418,0.6990247989276139,0.44493916797488225
2023Q4,0.45368916797488223,00160418,0.44493916797488225,-0.42667656587472996
2024Q1,-0.41792656587473,00160418,-0.42667656587472996,-0.031013450834879462
2024Q2,-0.02226345083487946,00160418,-0.031013450834879462,-0.2781997153700189
2024Q3,-0.26944971537001894,00160418,-0.2781997153700189,-0.20485389610389612
2024Q4,-0.1961038961038961,00160418,-0.20485389610389612,0.3547394991922455
2025Q1,0.3634894991922455,00160418,0.3547394991922455,0.004283175355450232
2025Q2,0.013033175355450233,00160418,0.004283175355450232,-0.07658625730994148
2025Q3,-0.06783625730994147,00160418,-0.07658625730994148,0.15687107904642408
2025Q4,0.1656210790464241,00160418,0.15687107904642408,-0.0765648546824543
2026Q1,-0.0678148546824543,00160418,-0.0765648546824543,0.007416281755196409
2020Q2,0.02134627046694959,00161125,0.01259627046694959,0.3543897696235601
2020Q3,0.3631397696235601,00161125,0.3543897696235601,0.3071311743183203
2020Q4,0.3158811743183203,00161125,0.3071311743183203,0.07738042039059903
2021Q1,0.08613042039059904,00161125,0.07738042039059903,-0.07110523588930881
2021Q2,-0.0623552358893088,00161125,-0.07110523588930881,-0.06309570629916147
2021Q3,-0.05434570629916147,00161125,-0.06309570629916147,-0.1493288135010655
2021Q4,-0.1405788135010655,00161125,-0.1493288135010655,-0.13145036794112938
2022Q1,-0.12270036794112937,00161125,-0.13145036794112938,-0.15709062727935816
2022Q2,-0.14834062727935815,00161125,-0.15709062727935816,-0.18089431003104592
2022Q3,-0.1721443100310459,00161125,-0.18089431003104592,-0.03629429070218545
2022Q4,-0.027544290702185448,00161125,-0.03629429070218545,0.07648936170212764
2023Q1,0.08523936170212765,00161125,0.07648936170212764,0.03340169709594413
2023Q2,0.04215169709594413,00161125,0.03340169709594413,0.020762051734273958
2023Q3,0.02951205173427396,00161125,0.020762051734273958,-0.23488065326633165
2023Q4,-0.22613065326633164,00161125,-0.23488065326633165,-0.20355519480519477
2024Q1,-0.19480519480519476,00161125,-0.20355519480519477,-0.20303152492668627
2024Q2,-0.19428152492668627,00161125,-0.20303152492668627,-0.10906847133757966
2024Q3,-0.10031847133757965,00161125,-0.10906847133757966,-0.06639854614412141
2024Q4,-0.057648546144121404,00161125,-0.06639854614412141,-0.10239099812181382
2025Q1,-0.09364099812181381,00161125,-0.10239099812181382,-0.15587847838957966
2025Q2,-0.14712847838957965,00161125,-0.15587847838957966,-0.024716678236723376
2025Q3,-0.015966678236723375,00161125,-0.024716678236723376,0.03710537918871263
2025Q4,0.04585537918871263,00161125,0.03710537918871263,0.25263279932546384
2026Q1,0.2613827993254638,00161125,0.25263279932546384,0.35488636363636356
2020Q2,0.5622119815668203,00162832,0.5534619815668202,0.10924410029498535
2020Q3,0.11799410029498536,00162832,0.10924410029498535,0.001804089709762459
2020Q4,0.01055408970976246,00162832,0.001804089709762459,0.05913511749347248
2021Q1,0.06788511749347248,00162832,0.05913511749347248,0.6196118581907091
2021Q2,0.6283618581907091,00162832,0.6196118581907091,-0.001242492492492496
2021Q3,0.007507507507507505,00162832,-0.001242492492492496,-0.31575447093889714
2021Q4,-0.30700447093889716,00162832,-0.31575447093889714,0.2815725806451613
2022Q1,0.29032258064516125,00162832,0.2815725806451613,-0.07374999999999995
2022Q2,-0.06499999999999995,00162832,-0.07374999999999995,-0.012315062388591778
2022Q3,-0.0035650623885917776,00162832,-0.012315062388591778,-0.11071779964221826
2022Q4,-0.10196779964221825,00162832,-0.11071779964221826,0.023122509960159333
2023Q1,0.031872509960159334,00162832,0.023122509960159333,0.05881756756756754
2023Q2,0.06756756756756754,00162832,0.05881756756756754,-0.17149864376130194
2023Q3,-0.16274864376130194,00162832,-0.17149864376130194,-0.019549136069114424
2023Q4,-0.010799136069114423,00162832,-0.019549136069114424,0.013084061135371118
2024Q1,0.02183406113537112,00162832,0.013084061135371118,-0.04293803418803418
2024Q2,-0.03418803418803418,00162832,-0.04293803418803418,-0.1326438053097345
2024Q3,-0.12389380530973448,00162832,-0.1326438053097345,-0.0021843434343433374
2024Q4,0.0065656565656566634,00162832,-0.0021843434343433374,0.07002571500250879
2025Q1,0.0787757150025088,00162832,0.07002571500250879,0.002877906976744206
2025Q2,0.011627906976744207,00162832,0.002877906976744206,0.060215517241379225
2025Q3,0.06896551724137923,00162832,0.060215517241379225,-0.08401881720430113
2025Q4,-0.07526881720430112,00162832,-0.08401881720430113,0.30287790697674427
2026Q1,0.31162790697674425,00162832,0.30287790697674427,-0.0637145390070922
2020Q2,1.2742474916387958,00163114,1.2654974916387958,0.129485294117647
2020Q3,0.138235294117647,00163114,0.129485294117647,0.24318798449612403
2020Q4,0.25193798449612403,00163114,0.24318798449612403,1.3957907636738907
2021Q1,1.4045407636738907,00163114,1.3957907636738907,-0.23836373390557938
2021Q2,-0.22961373390557938,00163114,-0.23836373390557938,-0.34022632311977713
2021Q3,-0.33147632311977715,00163114,-0.34022632311977713,0.01624999999999991
2021Q4,0.02499999999999991,00163114,0.01624999999999991,-0.28598577235772354
2022Q1,-0.27723577235772356,00163114,-0.28598577235772354,-0.19435179977502812
2022Q2,-0.1856017997750281,00163114,-0.19435179977502812,-0.30985497237569054
2022Q3,-0.30110497237569056,00163114,-0.30985497237569054,0.36081521739130445
2022Q4,0.36956521739130443,00163114,0.36081521739130445,0.20770021645021644
2023Q1,0.21645021645021645,00163114,0.20770021645021644,0.07072805456702261
2023Q2,0.07947805456702262,00163114,0.07072805456702261,-0.20874999999999996
2023Q3,-0.19999999999999996,00163114,-0.20874999999999996,0.17119505494505496
2023Q4,0.17994505494505497,00163114,0.17119505494505496,0.23455616996507558
2024Q1,0.2433061699650756,00163114,0.23455616996507558,-0.10331928838951307
2024Q2,-0.09456928838951306,00163114,-0.10331928838951307,-0.26107678386763183
2024Q3,-0.25232678386763185,00163114,-0.26107678386763183,-0.07514004149377593
2024Q4,-0.06639004149377592,00163114,-0.07514004149377593,0.06828703703703701
2025Q1,0.07703703703703701,00163114,0.06828703703703701,0.3530106602475929
2025Q2,0.3617606602475929,00163114,0.3530106602475929,-0.11784090909090914
2025Q3,-0.10909090909090913,00163114,-0.11784090909090914,0.08535430839002259
2025Q4,0.0941043083900226,00163114,0.08535430839002259,-0.07714378238341965
2026Q1,-0.06839378238341964,00163114,-0.07714378238341965,0.0023734705228031575
2020Q2,0.28550074738415554,00164502,0.27675074738415556,0.6121802325581396
2020Q3,0.6209302325581396,00164502,0.6121802325581396,0.3111926111908177
2020Q4,0.3199426111908177,00164502,0.3111926111908177,0.04559782608695654
2021Q1,0.05434782608695654,00164502,0.04559782608695654,-0.052048969072164906
2021Q2,-0.043298969072164906,00164502,-0.052048969072164906,-0.19732758620689658
2021Q3,-0.18857758620689657,00164502,-0.19732758620689658,0.05632304116865864
2021Q4,0.06507304116865864,00164502,0.05632304116865864,-0.08356296758104739
2022Q1,-0.07481296758104738,00164502,-0.08356296758104739,-0.049181266846361225
2022Q2,-0.040431266846361225,00164502,-0.049181266846361225,-0.1702668539325843
2022Q3,-0.1615168539325843,00164502,-0.1702668539325843,0.0013002512562814497
2022Q4,0.01005025125628145,00164502,0.0013002512562814497,0.18196310116086226
2023Q1,0.19071310116086226,00164502,0.18196310116086226,0.21687674094707513
2023Q2,0.22562674094707513,00164502,0.21687674094707513,-0.20761363636363636
2023Q3,-0.19886363636363635,00164502,-0.20761363636363636,0.0011790780141842996
2023Q4,0.0099290780141843,00164502,0.0011790780141842996,0.068497191011236
2024Q1,0.077247191011236,00164502,0.068497191011236,-0.07002770534550193
2024Q2,-0.06127770534550192,00164502,-0.07002770534550193,-0.19347222222222224
2024Q3,-0.18472222222222223,00164502,-0.19347222222222224,-0.17144165247018736
2024Q4,-0.16269165247018735,00164502,-0.17144165247018736,0.24455620549338766
2025Q1,0.25330620549338767,00164502,0.24455620549338766,-0.10290584415584411
2025Q2,-0.0941558441558441,00164502,-0.10290584415584411,0.048597670250896154
2025Q3,0.057347670250896154,00164502,0.048597670250896154,0.03192796610169494
2025Q4,0.04067796610169494,00164502,0.03192796610169494,-0.14067182410423448
2026Q1,-0.13192182410423448,00164502,-0.14067182410423448,0.023144934333958735
2020Q2,0.1327433628318584,00164788,0.12399336283185838,0.18916666666666673
2020Q3,0.19791666666666674,00164788,0.18916666666666673,0.10211956521739121
2020Q4,0.11086956521739122,00164788,0.10211956521739121,0.13410714285714279
2021Q1,0.1428571428571428,00164788,0.13410714285714279,-0.00875
2021Q2,0.0,00164788,-0.00875,-0.14231164383561642
2021Q3,-0.13356164383561642,00164788,-0.14231164383561642,-0.0028211462450593236
2021Q4,0.005928853754940677,00164788,-0.0028211462450593236,-0.16395628683693517
2022Q1,-0.15520628683693516,00164788,-0.16395628683693517,-0.0831686046511628
2022Q2,-0.07441860465116279,00164788,-0.0831686046511628,-0.04895100502512558
2022Q3,-0.04020100502512558,00164788,-0.04895100502512558,0.04098821989528804
2022Q4,0.04973821989528804,00164788,0.04098821989528804,0.06855673316708225
2023Q1,0.07730673316708225,00164788,0.06855673316708225,0.06763888888888883
2023Q2,0.07638888888888884,00164788,0.06763888888888883,0.025658602150537647
2023Q3,0.03440860215053765,00164788,0.025658602150537647,-0.0233030145530145
2023Q4,-0.014553014553014498,00164788,-0.0233030145530145,0.06719936708860755
2024Q1,0.07594936708860756,00164788,0.06719936708860755,-0.022475490196078383
2024Q2,-0.013725490196078383,00164788,-0.022475490196078383,-0.14393886679920473
2024Q3,-0.13518886679920472,00164788,-0.14393886679920473,0.07860632183908048
2024Q4,0.08735632183908049,00164788,0.07860632183908048,0.09272991543340384
2025Q1,0.10147991543340384,00164788,0.09272991543340384,0.09297744721689052
2025Q2,0.10172744721689053,00164788,0.09297744721689052,0.03131968641114983
2025Q3,0.04006968641114983,00164788,0.03131968641114983,0.2408312395309882
2025Q4,0.2495812395309882,00164788,0.2408312395309882,0.004654825737265424
2026Q1,0.013404825737265424,00164788,0.004654825737265424,0.8060648148148148
2020Q2,0.006666666666666599,00166272,-0.0020833333333334023,0.37314845474613684
2020Q3,0.3818984547461368,00166272,0.37314845474613684,0.09907747603833864
2020Q4,0.10782747603833864,00166272,0.09907747603833864,0.29261986301369874
2021Q1,0.3013698630136987,00166272,0.29261986301369874,0.9413885041551247
2021Q2,0.9501385041551247,00166272,0.9413885041551247,-0.2630113636363636
2021Q3,-0.25426136363636365,00166272,-0.2630113636363636,-0.2258928571428572
2021Q4,-0.2171428571428572,00166272,-0.2258928571428572,-0.07444343065693435
2022Q1,-0.06569343065693434,00166272,-0.07444343065693435,-0.12333333333333338
2022Q2,-0.11458333333333337,00166272,-0.12333333333333338,-0.13816176470588235
2022Q3,-0.12941176470588234,00166272,-0.13816176470588235,-0.06280405405405406
2022Q4,-0.05405405405405406,00166272,-0.06280405405405406,0.40625000000000006
2023Q1,0.41500000000000004,00166272,0.40625000000000006,0.061416582534073595
2023Q2,0.0701665825340736,00166272,0.061416582534073595,-0.26959905660377353
2023Q3,-0.26084905660377355,00166272,-0.26959905660377353,0.2867190491384813
2023Q4,0.29546904913848127,00166272,0.2867190491384813,-0.05357758620689653
2024Q1,-0.04482758620689653,00166272,-0.05357758620689653,0.05881059824651883
2024Q2,0.06756059824651883,00166272,0.05881059824651883,-0.0836292270531401
2024Q3,-0.0748792270531401,00166272,-0.0836292270531401,-0.2197160574412533
2024Q4,-0.2109660574412533,00166272,-0.2197160574412533,0.06404947054930513
2025Q1,0.07279947054930513,00166272,0.06404947054930513,0.2774930598396051
2025Q2,0.2862430598396051,00166272,0.2774930598396051,-0.013546163069544336
2025Q3,-0.004796163069544335,00166272,-0.013546163069544336,0.03462349397590362
2025Q4,0.04337349397590362,00166272,0.03462349397590362,0.20372113163972275
2026Q1,0.21247113163972275,00166272,0.20372113163972275,0.027440476190476105
2020Q2,0.10857142857142854,00166315,0.09982142857142853,0.4551675257731958
2020Q3,0.4639175257731958,00166315,0.4551675257731958,0.18315140845070424
2020Q4,0.19190140845070425,00166315,0.18315140845070424,0.438812776957164
2021Q1,0.44756277695716395,00166315,0.438812776957164,1.0422704081632652
2021Q2,1.0510204081632653,00166315,1.0422704081632652,-0.1510385572139303
2021Q3,-0.1422885572139303,00166315,-0.1510385572139303,-0.04355278422273786
2021Q4,-0.03480278422273786,00166315,-0.04355278422273786,-0.12413461538461543
2022Q1,-0.11538461538461542,00166315,-0.12413461538461543,0.25755434782608694
2022Q2,0.2663043478260869,00166315,0.25755434782608694,-0.11068133047210302
2022Q3,-0.10193133047210301,00166315,-0.11068133047210302,-0.14614545997610515
2022Q4,-0.13739545997610514,00166315,-0.14614545997610515,0.7114716066481994
2023Q1,0.7202216066481995,00166315,0.7114716066481994,0.4493820450885669
2023Q2,0.45813204508856686,00166315,0.4493820450885669,-0.3014059911651021
2023Q3,-0.2926559911651021,00166315,-0.3014059911651021,0.05916569086651061
2023Q4,0.06791569086651061,00166315,0.05916569086651061,-0.2258552631578947
2024Q1,-0.2171052631578947,00166315,-0.2258552631578947,0.3778046218487395
2024Q2,0.38655462184873945,00166315,0.3778046218487395,-0.3966287878787879
2024Q3,-0.38787878787878793,00166315,-0.3966287878787879,-0.2573748624862486
2024Q4,-0.2486248624862486,00166315,-0.2573748624862486,0.11716508052708632
2025Q1,0.12591508052708633,00166315,0.11716508052708632,0.06017067620286091
2025Q2,0.06892067620286091,00166315,0.06017067620286091,-0.06714416058394165
2025Q3,-0.058394160583941646,00166315,-0.06714416058394165,0.06360142118863046
2025Q4,0.07235142118863047,00166315,0.06360142118863046,0.2334186746987952
2026Q1,0.24216867469879522,00166315,0.2334186746987952,0.08727327837051416
2020Q2,0.06438356164383552,00167192,0.05563356164383552,0.0041200128700127694
2020Q3,0.01287001287001277,00167192,0.0041200128700127694,0.16787007623888187
2020Q4,0.17662007623888187,00167192,0.16787007623888187,0.007448704103671745
2021Q1,0.016198704103671746,00167192,0.007448704103671745,0.1644699787460149
2021Q2,0.1732199787460149,00167192,0.1644699787460149,-0.0957065217391305
2021Q3,-0.08695652173913049,00167192,-0.0957065217391305,-0.10398809523809524
2021Q4,-0.09523809523809523,00167192,-0.10398809523809524,-0.0394517543859649
2022Q1,-0.030701754385964897,00167192,-0.0394517543859649,-0.20671380090497735
2022Q2,-0.19796380090497734,00167192,-0.20671380090497735,0.10831629055007055
2022Q3,0.11706629055007056,00167192,0.10831629055007055,0.027866161616161546
2022Q4,0.03661616161616155,00167192,0.027866161616161546,-0.00631394640682089
2023Q1,0.0024360535931791105,00167192,-0.00631394640682089,0.03499240583232081
2023Q2,0.04374240583232081,00167192,0.03499240583232081,-0.05298748544819561
2023Q3,-0.04423748544819561,00167192,-0.05298748544819561,0.005866321559074218
2023Q4,0.014616321559074219,00167192,0.005866321559074218,-0.009950480192076859
2024Q1,-0.0012004801920768582,00167192,-0.009950480192076859,0.15471153846153854
2024Q2,0.16346153846153855,00167192,0.15471153846153854,-0.06556818181818178
2024Q3,-0.05681818181818177,00167192,-0.06556818181818178,-0.007654709748083209
2024Q4,0.0010952902519167917,00167192,-0.007654709748083209,-0.004373632385120417
2025Q1,0.004376367614879584,00167192,-0.004373632385120417,0.37033496732026144
2025Q2,0.3790849673202614,00167192,0.37033496732026144,-0.12565363349131117
2025Q3,-0.11690363349131117,00167192,-0.12565363349131117,0.07532871198568872
2025Q4,0.08407871198568873,00167192,0.07532871198568872,0.03580445544554459
2026Q1,0.044554455445544594,00167192,0.03580445544554459,0.02758491311216419
2021Q1,-0.4414019715224534,00173078,-0.4501519715224534,0.10497549019607846
2021Q2,0.11372549019607847,00173078,0.10497549019607846,-0.0457218309859155
2021Q3,-0.0369718309859155,00173078,-0.0457218309859155,0.09179844606946988
2021Q4,0.10054844606946989,00173078,0.09179844606946988,-0.24463039867109634
2022Q1,-0.23588039867109634,00173078,-0.24463039867109634,-0.2804891304347826
2022Q2,-0.2717391304347826,00173078,-0.2804891304347826,0.027070895522387985
2022Q3,0.035820895522387985,00173078,0.027070895522387985,-0.18166066282420754
2022Q4,-0.17291066282420753,00173078,-0.18166066282420754,0.4686019163763067
2023Q1,0.4773519163763067,00173078,0.4686019163763067,0.09974056603773576
2023Q2,0.10849056603773577,00173078,0.09974056603773576,-0.24279255319148937
2023Q3,-0.23404255319148937,00173078,-0.24279255319148937,0.047361111111111
2023Q4,0.056111111111111,00173078,0.047361111111111,-0.20338440294581803
2024Q1,-0.19463440294581802,00173078,-0.20338440294581803,-0.08451747224036574
2024Q2,-0.07576747224036573,00173078,-0.08451747224036574,-0.08860865724381625
2024Q3,-0.07985865724381624,00173078,-0.08860865724381625,-0.21689132104454686
2024Q4,-0.20814132104454686,00173078,-0.21689132104454686,-0.19691682832201748
2025Q1,-0.18816682832201748,00173078,-0.19691682832201748,-0.029060633213859065
2025Q2,-0.020310633213859064,00173078,-0.029060633213859065,0.02417682926829271
2025Q3,0.03292682926829271,00173078,0.02417682926829271,0.05028187721369529
2025Q4,0.059031877213695294,00173078,0.05028187721369529,0.0547951505016722
2026Q1,0.0635451505016722,00173078,0.0547951505016722,0.04261268343815509
2020Q2,0.0,00173591,-0.00875,-0.00875
2020Q3,0.0,00173591,-0.00875,-0.00875
2020Q4,0.0,00173591,-0.00875,-0.00875
2021Q1,0.0,00173591,-0.00875,-0.00875
2021Q2,0.0,00173591,-0.00875,-0.00875
2021Q3,0.0,00173591,-0.00875,-0.00875
2021Q4,0.0,00173591,-0.00875,-0.00875
2022Q1,0.0,00173591,-0.00875,-0.00875
2022Q2,0.0,00173591,-0.00875,-0.00875
2022Q3,0.0,00173591,-0.00875,-0.34541666666666665
2022Q4,-0.33666666666666667,00173591,-0.34541666666666665,-0.0426695979899497
2023Q1,-0.0339195979899497,00173591,-0.0426695979899497,0.09138003901170347
2023Q2,0.10013003901170348,00173591,0.09138003901170347,-0.21678782505910163
2023Q3,-0.20803782505910162,00173591,-0.21678782505910163,-0.0400932835820896
2023Q4,-0.0313432835820896,00173591,-0.0400932835820896,0.11605739599383672
2024Q1,0.12480739599383672,00173591,0.11605739599383672,-0.03340753424657535
2024Q2,-0.024657534246575352,00173591,-0.03340753424657535,-0.10846910112359551
2024Q3,-0.0997191011235955,00173591,-0.10846910112359551,-0.10703393135725434
2024Q4,-0.09828393135725433,00173591,-0.10703393135725434,0.2749870242214532
2025Q1,0.2837370242214532,00173591,0.2749870242214532,0.2675303234501348
2025Q2,0.27628032345013476,00173591,0.2675303234501348,0.15598072861668436
2025Q3,0.16473072861668436,00173591,0.15598072861668436,-0.0749331368993654
2025Q4,-0.06618313689936539,00173591,-0.0749331368993654,0.05921116504854366
2026Q1,0.06796116504854366,00173591,0.05921116504854366,-0.08147727272727276
2020Q2,0.14010695187165778,00173874,0.13135695187165777,-0.004997654784240045
2020Q3,0.0037523452157599557,00173874,-0.004997654784240045,0.14825934579439262
2020Q4,0.15700934579439263,00173874,0.14825934579439262,0.21903675282714044
2021Q1,0.22778675282714045,00173874,0.21903675282714044,0.3859868421052631
2021Q2,0.39473684210526305,00173874,0.3859868421052631,-0.2757311320754717
2021Q3,-0.2669811320754717,00173874,-0.2757311320754717,-0.13101512226512232
2021Q4,-0.12226512226512232,00173874,-0.13101512226512232,-0.06740102639296183
2022Q1,-0.058651026392961825,00173874,-0.06740102639296183,-0.18476246105919
2022Q2,-0.17601246105919,00173874,-0.18476246105919,0.35041824196597365
2022Q3,0.35916824196597363,00173874,0.35041824196597365,-0.1575678025034771
2022Q4,-0.1488178025034771,00173874,-0.1575678025034771,0.40301470588235305
2023Q1,0.41176470588235303,00173874,0.40301470588235305,-0.05273148148148151
2023Q2,-0.04398148148148151,00173874,-0.05273148148148151,-0.06444007263922522
2023Q3,-0.05569007263922521,00173874,-0.06444007263922522,0.02201923076923066
2023Q4,0.03076923076923066,00173874,0.02201923076923066,0.027319651741293506
2024Q1,0.03606965174129351,00173874,0.027319651741293506,-0.07477641056422565
2024Q2,-0.06602641056422565,00173874,-0.07477641056422565,-0.08715616966580983
2024Q3,-0.07840616966580982,00173874,-0.08715616966580983,-0.1705352161785216
2024Q4,-0.1617852161785216,00173874,-0.1705352161785216,-0.1102475041597338
2025Q1,-0.1014975041597338,00173874,-0.1102475041597338,0.12087962962962953
2025Q2,0.12962962962962954,00173874,0.12087962962962953,-0.049733606557377096
2025Q3,-0.040983606557377095,00173874,-0.049733606557377096,0.2784294871794873
2025Q4,0.28717948717948727,00173874,0.2784294871794873,-0.05921480743691895
2026Q1,-0.050464807436918946,00173874,-0.05921480743691895,-0.09266608391608397
2020Q2,0.08597285067873295,00174004,0.07722285067873294,0.09958333333333338
2020Q3,0.10833333333333339,00174004,0.09958333333333338,0.025084586466165328
2020Q4,0.03383458646616533,00174004,0.025084586466165328,0.1312499999999999
2021Q1,0.1399999999999999,00174004,0.1312499999999999,0.2512181020733653
2021Q2,0.2599681020733653,00174004,0.2512181020733653,-0.12267405063291145
2021Q3,-0.11392405063291144,00174004,-0.12267405063291145,-0.0958928571428572
2021Q4,-0.08714285714285719,00174004,-0.0958928571428572,-0.05413341158059467
2022Q1,-0.04538341158059467,00174004,-0.05413341158059467,-0.07760245901639348
2022Q2,-0.06885245901639347,00174004,-0.07760245901639348,-0.09325704225352113
2022Q3,-0.08450704225352113,00174004,-0.09325704225352113,0.020096153846153743
2022Q4,0.028846153846153744,00174004,0.020096153846153743,0.05853971962616814
2023Q1,0.06728971962616814,00174004,0.05853971962616814,0.052545971978984286
2023Q2,0.06129597197898429,00174004,0.052545971978984286,-0.040103135313531345
2023Q3,-0.031353135313531344,00174004,-0.040103135313531345,-0.030896507666098826
2023Q4,-0.022146507666098825,00174004,-0.030896507666098826,-0.03488240418118468
2024Q1,-0.026132404181184676,00174004,-0.03488240418118468,-0.09282871198568873
2024Q2,-0.08407871198568873,00174004,-0.09282871198568873,-0.16890625
2024Q3,-0.16015625,00174004,-0.16890625,-0.14875000000000002
2024Q4,-0.14,00174004,-0.14875000000000002,-0.039577474310438086
2025Q1,-0.030827474310438086,00174004,-0.039577474310438086,0.1491741071428572
2025Q2,0.1579241071428572,00174004,0.1491741071428572,-0.013569277108433773
2025Q3,-0.004819277108433773,00174004,-0.013569277108433773,0.06631053268765122
2025Q4,0.07506053268765123,00174004,0.06631053268765122,-0.1447860360360361
2026Q1,-0.1360360360360361,00174004,-0.1447860360360361,-0.07548618352450473
2020Q2,0.2142857142857142,00175173,0.20553571428571418,1.0631454248366015
2020Q3,1.0718954248366015,00175173,1.0631454248366015,-0.10338722397476338
2020Q4,-0.09463722397476337,00175173,-0.10338722397476338,0.1950827526132404
2021Q1,0.2038327526132404,00175173,0.1950827526132404,0.09834117221418229
2021Q2,0.1070911722141823,00175173,0.09834117221418229,-0.24796568627450985
2021Q3,-0.23921568627450984,00175173,-0.24796568627450985,-0.2046262886597938
2021Q4,-0.19587628865979378,00175173,-0.2046262886597938,-0.021570512820512776
2022Q1,-0.012820512820512775,00175173,-0.021570512820512776,-0.26632575757575755
2022Q2,-0.25757575757575757,00175173,-0.26632575757575755,-0.1632689504373178
2022Q3,-0.15451895043731778,00175173,-0.1632689504373178,-0.03288793103448281
2022Q4,-0.024137931034482807,00175173,-0.03288793103448281,0.10361749116607769
2023Q1,0.1123674911660777,00175173,0.10361749116607769,0.012851016518424387
2023Q2,0.021601016518424387,00175173,0.012851016518424387,0.11624999999999999
2023Q3,0.125,00175173,0.11624999999999999,0.05924336650082921
2023Q4,0.06799336650082921,00175173,0.05924336650082921,-0.13452639751552795
2024Q1,-0.12577639751552794,00175173,-0.13452639751552795,-0.17630476613380694
2024Q2,-0.16755476613380693,00175173,-0.17630476613380694,-0.03719950213371267
2024Q3,-0.028449502133712667,00175173,-0.03719950213371267,-0.10757869692532948
2024Q4,-0.09882869692532947,00175173,-0.10757869692532948,-0.13141450040617383
2025Q1,-0.12266450040617383,00175173,-0.13141450040617383,0.019027777777777678
2025Q2,0.02777777777777768,00175173,0.019027777777777678,-0.08532657657657658
2025Q3,-0.07657657657657657,00175173,-0.08532657657657658,0.03515243902439028
2025Q4,0.04390243902439028,00175173,0.03515243902439028,-0.02837616822429908
2026Q1,-0.01962616822429908,00175173,-0.02837616822429908,0.043680886558627154
2020Q2,0.5933333333333333,00180795,0.5845833333333332,-0.004565899581590004
2020Q3,0.004184100418409997,00180795,-0.004565899581590004,0.26000000000000006
2020Q4,0.26875000000000004,00180795,0.26000000000000006,0.12261288998357969
2021Q1,0.1313628899835797,00180795,0.12261288998357969,1.6545301161103048
2021Q2,1.6632801161103048,00180795,1.6545301161103048,-0.03327316076294281
2021Q3,-0.02452316076294281,00180795,-0.03327316076294281,-0.2741131284916201
2021Q4,-0.26536312849162014,00180795,-0.2741131284916201,-0.16844581749049434
2022Q1,-0.15969581749049433,00180795,-0.16844581749049434,-0.27662330316742084
2022Q2,-0.26787330316742086,00180795,-0.27662330316742084,-0.1385398640296663
2022Q3,-0.1297898640296663,00180795,-0.1385398640296663,-0.06272727272727271
2022Q4,-0.05397727272727271,00180795,-0.06272727272727271,0.5227815315315314
2023Q1,0.5315315315315314,00180795,0.5227815315315314,-0.041102941176470585
2023Q2,-0.032352941176470584,00180795,-0.041102941176470585,-0.10500126646403238
2023Q3,-0.09625126646403237,00180795,-0.10500126646403238,0.01030829596412567
2023Q4,0.01905829596412567,00180795,0.01030829596412567,0.05285616061606161
2024Q1,0.06160616061606161,00180795,0.05285616061606161,-0.18077072538860103
2024Q2,-0.17202072538860103,00180795,-0.18077072538860103,-0.012504693366708418
2024Q3,-0.003754693366708417,00180795,-0.012504693366708418,-0.2838756281407035
2024Q4,-0.2751256281407035,00180795,-0.2838756281407035,-0.03474653379549394
2025Q1,-0.025996533795493937,00180795,-0.03474653379549394,0.012602313167259717
2025Q2,0.021352313167259718,00180795,0.012602313167259717,0.08358449477351917
2025Q3,0.09233449477351918,00180795,0.08358449477351917,0.42027711323763955
2025Q4,0.42902711323763953,00180795,0.42027711323763955,-0.11254464285714291
2026Q1,-0.1037946428571429,00180795,-0.11254464285714291,-0.26528798256537983
2020Q2,0.17370083261556135,00191287,0.16495083261556134,0.0401736790606653
2020Q3,0.048923679060665304,00191287,0.0401736790606653,0.07194029850746267
2020Q4,0.08069029850746268,00191287,0.07194029850746267,0.034409257660768224
2021Q1,0.043159257660768224,00191287,0.034409257660768224,0.4819409391808028
2021Q2,0.49069093918080275,00191287,0.4819409391808028,-0.10589127116291983
2021Q3,-0.09714127116291982,00191287,-0.10589127116291983,-0.26881762988011065
2021Q4,-0.2600676298801107,00191287,-0.26881762988011065,0.08265008309098468
2022Q1,0.09140008309098469,00191287,0.08265008309098468,-0.1505467263037686
2022Q2,-0.1417967263037686,00191287,-0.1505467263037686,-0.07661427145708585
2022Q3,-0.06786427145708585,00191287,-0.07661427145708585,0.054538127527956205
2022Q4,0.0632881275279562,00191287,0.054538127527956205,0.038240378160662426
2023Q1,0.04699037816066243,00191287,0.038240378160662426,0.037199989313955885
2023Q2,0.045949989313955886,00191287,0.037199989313955885,0.013726501838986528
2023Q3,0.02247650183898653,00191287,0.013726501838986528,0.4562779776179056
2023Q4,0.4650279776179056,00191287,0.4562779776179056,-0.3950547333242395
2024Q1,-0.38630473332423954,00191287,-0.3950547333242395,-0.11566264725494554
2024Q2,-0.10691264725494554,00191287,-0.11566264725494554,-0.1966544300647088
2024Q3,-0.1879044300647088,00191287,-0.1966544300647088,-0.014879328838492155
2024Q4,-0.006129328838492154,00191287,-0.014879328838492155,-0.036810437866173294
2025Q1,-0.028060437866173293,00191287,-0.036810437866173294,-0.0579251269035533
2025Q2,-0.0491751269035533,00191287,-0.0579251269035533,-0.022096680013346713
2025Q3,-0.013346680013346712,00191287,-0.022096680013346713,-0.044258961785593486
2025Q4,-0.035508961785593485,00191287,-0.044258961785593486,0.7984028751753156
2026Q1,0.8071528751753156,00191287,0.7984028751753156,-0.3248151920838184
2020Q2,0.05291005291005302,00191588,0.04416005291005302,0.20230527638190957
2020Q3,0.21105527638190957,00191588,0.20230527638190957,0.08461099585062229
2020Q4,0.0933609958506223,00191588,0.08461099585062229,0.3574739089184061
2021Q1,0.36622390891840606,00191588,0.3574739089184061,0.07458333333333325
2021Q2,0.08333333333333326,00191588,0.07458333333333325,-0.15105769230769236
2021Q3,-0.14230769230769236,00191588,-0.15105769230769236,-0.06256165919282516
2021Q4,-0.053811659192825156,00191588,-0.06256165919282516,0.01336690363349139
2022Q1,0.02211690363349139,00191588,0.01336690363349139,-0.21585973724884086
2022Q2,-0.20710973724884085,00191588,-0.21585973724884086,-0.07697612085769986
2022Q3,-0.06822612085769986,00191588,-0.07697612085769986,0.10840481171548125
2022Q4,0.11715481171548126,00191588,0.10840481171548125,0.1260814606741574
2023Q1,0.1348314606741574,00191588,0.1260814606741574,0.07540841584158423
2023Q2,0.08415841584158423,00191588,0.07540841584158423,-0.14421423135464237
2023Q3,-0.13546423135464236,00191588,-0.14421423135464237,0.070475352112676
2023Q4,0.079225352112676,00191588,0.070475352112676,-0.07563417618270804
2024Q1,-0.06688417618270803,00191588,-0.07563417618270804,-0.05070804195804198
2024Q2,-0.04195804195804198,00191588,-0.05070804195804198,-0.06349452554744525
2024Q3,-0.054744525547445244,00191588,-0.06349452554744525,-0.10334459459459464
2024Q4,-0.09459459459459463,00191588,-0.10334459459459464,-0.015146588486140776
2025Q1,-0.006396588486140775,00191588,-0.015146588486140776,0.08996244635193132
2025Q2,0.09871244635193133,00191588,0.08996244635193132,-0.06343750000000001
2025Q3,-0.0546875,00191588,-0.06343750000000001,-0.01701446280991733
2025Q4,-0.008264462809917328,00191588,-0.01701446280991733,-0.05041666666666663
2026Q1,-0.04166666666666663,00191588,-0.05041666666666663,-0.0261413043478261
2020Q2,0.8835516739446871,00199988,0.8748016739446871,0.4101062596599692
2020Q3,0.4188562596599692,00199988,0.4101062596599692,0.10236111111111115
2020Q4,0.11111111111111116,00199988,0.10236111111111115,0.17752450980392157
2021Q1,0.18627450980392157,00199988,0.17752450980392157,0.21025826446280996
2021Q2,0.21900826446280997,00199988,0.21025826446280996,0.05565677966101704
2021Q3,0.06440677966101704,00199988,0.05565677966101704,-0.2380493630573248
2021Q4,-0.2292993630573248,00199988,-0.2380493630573248,-0.00875
2022Q1,0.0,00199988,-0.00875,-0.34180785123966945
2022Q2,-0.33305785123966947,00199988,-0.34180785123966945,-0.13018742255266422
2022Q3,-0.12143742255266421,00199988,-0.13018742255266422,0.21833039492242604
2022Q4,0.22708039492242604,00199988,0.21833039492242604,0.12573275862068958
2023Q1,0.1344827586206896,00199988,0.12573275862068958,-0.05636904761904767
2023Q2,-0.04761904761904767,00199988,-0.05636904761904767,-0.20023936170212772
2023Q3,-0.19148936170212771,00199988,-0.20023936170212772,0.07414473684210535
2023Q4,0.08289473684210535,00199988,0.07414473684210535,-0.11081561360874845
2024Q1,-0.10206561360874844,00199988,-0.11081561360874845,-0.014162719891745633
2024Q2,-0.005412719891745632,00199988,-0.014162719891745633,-0.011471088435374109
2024Q3,-0.0027210884353741083,00199988,-0.011471088435374109,-0.27750852660300135
2024Q4,-0.26875852660300137,00199988,-0.27750852660300135,-0.07964552238805975
2025Q1,-0.07089552238805974,00199988,-0.07964552238805975,0.16394076305220875
2025Q2,0.17269076305220876,00199988,0.16394076305220875,0.06488013698630127
2025Q3,0.07363013698630128,00199988,0.06488013698630127,0.08853867623604475
2025Q4,0.09728867623604476,00199988,0.08853867623604475,-0.1497383720930233
2026Q1,-0.14098837209302328,00199988,-0.1497383720930233,0.07416032148900167
2020Q2,0.34517203107658156,00201742,0.3364220310765816,0.6661674917491749
2020Q3,0.6749174917491749,00201742,0.6661674917491749,0.2129248768472907
2020Q4,0.2216748768472907,00201742,0.2129248768472907,-0.101491935483871
2021Q1,-0.092741935483871,00201742,-0.101491935483871,0.20458333333333337
2021Q2,0.21333333333333337,00201742,0.20458333333333337,-0.16259615384615386
2021Q3,-0.15384615384615385,00201742,-0.16259615384615386,-0.08234307359307355
2021Q4,-0.07359307359307354,00201742,-0.08234307359307355,-0.018095794392523366
2022Q1,-0.009345794392523366,00201742,-0.018095794392523366,-0.3700707547169811
2022Q2,-0.3613207547169811,00201742,-0.3700707547169811,-0.10476181683899563
2022Q3,-0.09601181683899562,00201742,-0.10476181683899563,0.23144607843137258
2022Q4,0.24019607843137258,00201742,0.23144607843137258,0.012330368906455814
2023Q1,0.021080368906455815,00201742,0.012330368906455814,0.5551209677419355
2023Q2,0.5638709677419356,00201742,0.5551209677419355,-0.3173308580858086
2023Q3,-0.3085808580858086,00201742,-0.3173308580858086,-0.009943317422434338
2023Q4,-0.0011933174224343368,00201742,-0.009943317422434338,0.16926672640382326
2024Q1,0.17801672640382327,00201742,0.16926672640382326,-0.2420157200811359
2024Q2,-0.23326572008113589,00201742,-0.2420157200811359,-0.09737433862433861
2024Q3,-0.0886243386243386,00201742,-0.09737433862433861,0.0986520319303337
2024Q4,0.10740203193033371,00201742,0.0986520319303337,0.05809141546526878
2025Q1,0.06684141546526878,00201742,0.05809141546526878,0.07355958230958229
2025Q2,0.0823095823095823,00201742,0.07355958230958229,-0.09161038592508516
2025Q3,-0.08286038592508516,00201742,-0.09161038592508516,-0.02978960396039606
2025Q4,-0.02103960396039606,00201742,-0.02978960396039606,-0.06816845764854615
2026Q1,-0.05941845764854614,00201742,-0.06816845764854615,-0.122997311827957
2020Q2,0.28260869565217384,00202060,0.27385869565217386,0.07260593220338987
2020Q3,0.08135593220338988,00202060,0.07260593220338987,0.025732758620689723
2020Q4,0.034482758620689724,00202060,0.025732758620689723,1.9427651515151516
2021Q1,1.9515151515151516,00202060,1.9427651515151516,-0.17815451745379882
2021Q2,-0.1694045174537988,00202060,-0.17815451745379882,-0.13977595797280593
2021Q3,-0.13102595797280592,00202060,-0.13977595797280593,-0.0585366287339972
2021Q4,-0.049786628733997196,00202060,-0.0585366287339972,-0.10455838323353292
2022Q1,-0.09580838323353291,00202060,-0.10455838323353292,0.10879966887417217
2022Q2,0.11754966887417218,00202060,0.10879966887417217,-0.25912037037037033
2022Q3,-0.25037037037037035,00202060,-0.25912037037037033,-0.12732707509881422
2022Q4,-0.11857707509881421,00202060,-0.12732707509881422,0.2064966367713004
2023Q1,0.2152466367713004,00202060,0.2064966367713004,0.31043819188191885
2023Q2,0.3191881918819188,00202060,0.31043819188191885,-0.194763986013986
2023Q3,-0.186013986013986,00202060,-0.194763986013986,0.004995704467353902
2023Q4,0.013745704467353903,00202060,0.004995704467353902,-0.06976694915254242
2024Q1,-0.06101694915254241,00202060,-0.06976694915254242,-0.03763086642599275
2024Q2,-0.028880866425992746,00202060,-0.03763086642599275,-0.129567843866171
2024Q3,-0.120817843866171,00202060,-0.129567843866171,-0.17111786469344611
2024Q4,-0.1623678646934461,00202060,-0.17111786469344611,0.008413048965169069
2025Q1,0.01716304896516907,00202060,0.008413048965169069,0.09050558312655091
2025Q2,0.09925558312655092,00202060,0.09050558312655091,-0.044867381489842005
2025Q3,-0.036117381489842004,00202060,-0.044867381489842005,-0.04387880562060894
2025Q4,-0.03512880562060894,00202060,-0.04387880562060894,0.061638349514563186
2026Q1,0.07038834951456319,00202060,0.061638349514563186,-0.04276360544217691
2020Q2,0.17692307692307696,00225159,0.16817307692307695,-0.06430555555555559
2020Q3,-0.05555555555555558,00225159,-0.06430555555555559,0.02239186851211076
2020Q4,0.03114186851211076,00225159,0.02239186851211076,0.23621644295302005
2021Q1,0.24496644295302006,00225159,0.23621644295302005,0.17992924528301882
2021Q2,0.18867924528301883,00225159,0.17992924528301882,-0.15387471655328797
2021Q3,-0.14512471655328796,00225159,-0.15387471655328797,-0.07506299734748009
2021Q4,-0.06631299734748008,00225159,-0.07506299734748009,-0.06272727272727271
2022Q1,-0.05397727272727271,00225159,-0.06272727272727271,-0.07481606606606603
2022Q2,-0.06606606606606602,00225159,-0.07481606606606603,-0.08913585209003214
2022Q3,-0.08038585209003213,00225159,-0.08913585209003214,0.08915209790209791
2022Q4,0.09790209790209792,00225159,0.08915209790209791,-0.022125796178343947
2023Q1,-0.013375796178343946,00225159,-0.022125796178343947,0.06097240154938669
2023Q2,0.06972240154938669,00225159,0.06097240154938669,-0.09203304164152079
2023Q3,-0.08328304164152078,00225159,-0.09203304164152079,0.12949884792626734
2023Q4,0.13824884792626735,00225159,0.12949884792626734,0.34752530364372475
2024Q1,0.35627530364372473,00225159,0.34752530364372475,-0.09190565031982942
2024Q2,-0.08315565031982941,00225159,-0.09190565031982942,0.03078488372093017
2024Q3,0.03953488372093017,00225159,0.03078488372093017,-0.002038590604026745
2024Q4,0.006711409395973256,00225159,-0.002038590604026745,0.4068055555555555
2025Q1,0.41555555555555546,00225159,0.4068055555555555,0.8122861067503924
2025Q2,0.8210361067503924,00225159,0.8122861067503924,0.2464224137931035
2025Q3,0.2551724137931035,00225159,0.2464224137931035,-0.26424450549450546
2025Q4,-0.2554945054945055,00225159,-0.26424450549450546,0.06505073800738018
2026Q1,0.07380073800738018,00225159,0.06505073800738018,-0.11527920962199309
2023Q3,-0.2723618090452261,00229030,-0.2811118090452261,-0.3692472375690608
2023Q4,-0.3604972375690608,00229030,-0.3692472375690608,-0.10702213822894166
2024Q1,-0.09827213822894165,00229030,-0.10702213822894166,-0.1297080838323353
2024Q2,-0.1209580838323353,00229030,-0.1297080838323353,-0.13136580381471394
2024Q3,-0.12261580381471393,00229030,-0.13136580381471394,-0.21216614906832296
2024Q4,-0.20341614906832295,00229030,-0.21216614906832296,-0.06917884990253417
2025Q1,-0.060428849902534165,00229030,-0.06917884990253417,-0.058542531120331996
2025Q2,-0.049792531120331995,00229030,-0.058542531120331996,-0.10045305676855895
2025Q3,-0.09170305676855894,00229030,-0.10045305676855895,-0.04
2025Q4,-0.03125,00229030,-0.04,1.360977047146402
2026Q1,1.369727047146402,00229030,1.360977047146402,0.6792081151832461
2020Q2,0.6762015544863322,00230814,0.6674515544863322,-0.2106300075705003
2020Q3,-0.20188000757050029,00230814,-0.2106300075705003,0.570018476800253
2020Q4,0.578768476800253,00230814,0.570018476800253,-0.2503261277724928
2021Q1,-0.24157612777249282,00230814,-0.2503261277724928,-0.00875
2021Q2,0.0,00230814,-0.00875,-0.00875
2021Q3,0.0,00230814,-0.00875,-0.00875
2021Q4,0.0,00230814,-0.00875,-0.00875
2022Q1,0.0,00230814,-0.00875,-0.00875
2022Q2,0.0,00230814,-0.00875,-0.00875
2022Q3,0.0,00230814,-0.00875,-0.00875
2022Q4,0.0,00230814,-0.00875,-0.00875
2023Q1,0.0,00230814,-0.00875,-0.00875
2023Q2,0.0,00230814,-0.00875,-0.5247257063638764
2023Q3,-0.5159757063638764,00230814,-0.5247257063638764,-0.17555305510092742
2023Q4,-0.1668030551009274,00230814,-0.17555305510092742,-0.22146893926992958
2024Q1,-0.21271893926992957,00230814,-0.22146893926992958,-0.18454789998960394
2024Q2,-0.17579789998960393,00230814,-0.18454789998960394,-0.18483476286579212
2024Q3,-0.1760847628657921,00230814,-0.18483476286579212,-0.12892758726270667
2024Q4,-0.12017758726270666,00230814,-0.12892758726270667,-0.04598681921002264
2025Q1,-0.03723681921002264,00230814,-0.04598681921002264,-0.00133991505512384
2025Q2,0.007410084944876161,00230814,-0.00133991505512384,-0.13684472551130253
2025Q3,-0.12809472551130252,00230814,-0.13684472551130253,0.6540072016460905
2025Q4,0.6627572016460905,00230814,0.6540072016460905,-0.0630749597822052
2026Q1,-0.054324959782205196,00230814,-0.0630749597822052,-0.478129743522638
2020Q2,0.3372781065088757,00252269,0.3285281065088757,0.15496681415929195
2020Q3,0.16371681415929196,00252269,0.15496681415929195,0.7745199619771863
2020Q4,0.7832699619771863,00252269,0.7745199619771863,0.5424227078891257
2021Q1,0.5511727078891258,00252269,0.5424227078891257,-0.09122422680412376
2021Q2,-0.08247422680412375,00252269,-0.09122422680412376,-0.23721441947565544
2021Q3,-0.22846441947565543,00252269,-0.23721441947565544,0.0058131067961164976
2021Q4,0.014563106796116498,00252269,0.0058131067961164976,0.019958133971291793
2022Q1,0.028708133971291794,00252269,0.019958133971291793,-0.32316860465116276
2022Q2,-0.3144186046511628,00252269,-0.32316860465116276,-0.05488297150610585
2022Q3,-0.046132971506105847,00252269,-0.05488297150610585,-0.1453076102418208
2022Q4,-0.13655761024182078,00252269,-0.1453076102418208,0.13952018121911028
2023Q1,0.1482701812191103,00252269,0.13952018121911028,-0.17517754662840743
2023Q2,-0.16642754662840742,00252269,-0.17517754662840743,-0.24455034423407915
2023Q3,-0.23580034423407914,00252269,-0.24455034423407915,0.007015765765765715
2023Q4,0.015765765765765716,00252269,0.007015765765765715,-0.08857261640798228
2024Q1,-0.07982261640798227,00252269,-0.08857261640798228,-0.444894578313253
2024Q2,-0.43614457831325304,00252269,-0.444894578313253,0.004070512820512774
2024Q3,0.012820512820512775,00252269,0.004070512820512774,-0.27035337552742617
2024Q4,-0.2616033755274262,00252269,-0.27035337552742617,0.26553571428571426
2025Q1,0.27428571428571424,00252269,0.26553571428571426,-0.035655829596412524
2025Q2,-0.026905829596412523,00252269,-0.035655829596412524,-0.17004032258064514
2025Q3,-0.16129032258064513,00252269,-0.17004032258064514,-0.1790796703296703
2025Q4,-0.17032967032967028,00252269,-0.1790796703296703,-0.1279552980132451
2026Q1,-0.11920529801324509,00252269,-0.1279552980132451,-0.35837406015037593
2020Q2,0.34133333333333327,00259545,0.3325833333333333,0.2994010934393639
2020Q3,0.30815109343936387,00259545,0.2994010934393639,0.34079407294832836
2020Q4,0.34954407294832834,00259545,0.34079407294832836,-0.19906531531531532
2021Q1,-0.19031531531531531,00259545,-0.19906531531531532,0.020457232267037585
2021Q2,0.029207232267037586,00259545,0.020457232267037585,-0.1573986486486487
2021Q3,-0.14864864864864868,00259545,-0.1573986486486487,-0.12462301587301591
2021Q4,-0.1158730158730159,00259545,-0.12462301587301591,0.010998653500897716
2022Q1,0.019748653500897717,00259545,0.010998653500897716,-0.235862676056338
2022Q2,-0.227112676056338,00259545,-0.235862676056338,-0.0782260820045558
2022Q3,-0.0694760820045558,00259545,-0.0782260820045558,0.02062576499387995
2022Q4,0.02937576499387995,00259545,0.02062576499387995,0.3063510701545778
2023Q1,0.3151010701545778,00259545,0.3063510701545778,-0.0015167269439421913
2023Q2,0.00723327305605781,00259545,-0.0015167269439421913,-0.0715866247755835
2023Q3,-0.0628366247755835,00259545,-0.0715866247755835,0.0027442528735633145
2023Q4,0.011494252873563315,00259545,0.0027442528735633145,-0.08640151515151515
2024Q1,-0.07765151515151514,00259545,-0.08640151515151515,-0.12476642710472283
2024Q2,-0.11601642710472282,00259545,-0.12476642710472283,-0.19690331010452963
2024Q3,-0.18815331010452963,00259545,-0.19690331010452963,-0.3249159513590844
2024Q4,-0.31616595135908443,00259545,-0.3249159513590844,0.12095711297071124
2025Q1,0.12970711297071125,00259545,0.12095711297071124,-0.0531944444444444
2025Q2,-0.0444444444444444,00259545,-0.0531944444444444,-0.12309108527131782
2025Q3,-0.11434108527131781,00259545,-0.12309108527131782,-0.08752461706783374
2025Q4,-0.07877461706783373,00259545,-0.08752461706783374,0.055383016627078376
2026Q1,0.06413301662707838,00259545,0.055383016627078376,-0.11678571428571424
2024Q2,-0.4142248088245246,00262266,-0.4229748088245246,-0.09735905730129388
2024Q3,-0.08860905730129387,00262266,-0.09735905730129388,0.1599659335784003
2024Q4,0.1687159335784003,00262266,0.1599659335784003,0.09320227765726677
2025Q1,0.10195227765726678,00262266,0.09320227765726677,0.3800295275590551
2025Q2,0.3887795275590551,00262266,0.3800295275590551,0.6886277462792345
2025Q3,0.6973777462792345,00262266,0.6886277462792345,1.2960516701461375
2025Q4,1.3048016701461376,00262266,1.2960516701461375,-0.19353260869565223
2026Q1,-0.18478260869565222,00262266,-0.19353260869565223,0.17791666666666675
2020Q2,0.11627906976744184,00264714,0.10752906976744184,0.15791666666666673
2020Q3,0.16666666666666674,00264714,0.15791666666666673,0.10910714285714287
2020Q4,0.11785714285714288,00264714,0.10910714285714287,0.831505591054313
2021Q1,0.840255591054313,00264714,0.831505591054313,0.17875
2021Q2,0.1875,00264714,0.17875,-0.24997807017543858
2021Q3,-0.24122807017543857,00264714,-0.24997807017543858,-0.08967485549132945
2021Q4,-0.08092485549132944,00264714,-0.08967485549132945,0.13590408805031443
2022Q1,0.14465408805031443,00264714,0.13590408805031443,-0.2871382783882784
2022Q2,-0.2783882783882784,00264714,-0.2871382783882784,-0.23971446700507612
2022Q3,-0.2309644670050761,00264714,-0.23971446700507612,0.04405528052805278
2022Q4,0.05280528052805278,00264714,0.04405528052805278,0.035137147335423204
2023Q1,0.043887147335423204,00264714,0.035137147335423204,0.14920795795795797
2023Q2,0.15795795795795797,00264714,0.14920795795795797,-0.15916493775933613
2023Q3,-0.15041493775933612,00264714,-0.15916493775933613,-0.03439102564102566
2023Q4,-0.02564102564102566,00264714,-0.03439102564102566,0.02320488721804507
2024Q1,0.03195488721804507,00264714,0.02320488721804507,0.0288942015786278
2024Q2,0.0376442015786278,00264714,0.0288942015786278,-0.06199751316559395
2024Q3,-0.05324751316559395,00264714,-0.06199751316559395,-0.023583127317676165
2024Q4,-0.014833127317676165,00264714,-0.023583127317676165,-0.0752493726474279
2025Q1,-0.06649937264742789,00264714,-0.0752493726474279,0.23923387096774199
2025Q2,0.247983870967742,00264714,0.23923387096774199,-0.02544359181475494
2025Q3,-0.016693591814754938,00264714,-0.02544359181475494,-0.02025054764512598
2025Q4,-0.01150054764512598,00264714,-0.02025054764512598,0.11867382271468133
2026Q1,0.12742382271468133,00264714,0.11867382271468133,-0.17091216216216218
2020Q2,0.8113612004287245,00269852,0.8026112004287245,0.038587278106508895
2020Q3,0.047337278106508895,00269852,0.038587278106508895,0.21158898305084753
2020Q4,0.22033898305084754,00269852,0.21158898305084753,0.15791666666666673
2021Q1,0.16666666666666674,00269852,0.15791666666666673,-0.17740079365079361
2021Q2,-0.1686507936507936,00269852,-0.17740079365079361,0.1416079952267302
2021Q3,0.1503579952267302,00269852,0.1416079952267302,0.06801348547717836
2021Q4,0.07676348547717837,00269852,0.06801348547717836,-0.22262283236994215
2022Q1,-0.21387283236994215,00269852,-0.22262283236994215,-0.3812990196078431
2022Q2,-0.37254901960784315,00269852,-0.3812990196078431,-0.165
2022Q3,-0.15625,00269852,-0.165,0.1949537037037037
2022Q4,0.20370370370370372,00269852,0.1949537037037037,0.9412499999999999
2023Q1,0.95,00269852,0.9412499999999999,0.2575221893491125
2023Q2,0.26627218934911245,00269852,0.2575221893491125,0.2762967289719627
2023Q3,0.2850467289719627,00269852,0.2762967289719627,0.05791666666666665
2023Q4,0.06666666666666665,00269852,0.05791666666666665,0.5298863636363635
2024Q1,0.5386363636363636,00269852,0.5298863636363635,0.09021602658788777
2024Q2,0.09896602658788778,00269852,0.09021602658788777,-0.26547043010752686
2024Q3,-0.2567204301075269,00269852,-0.26547043010752686,-0.03044981916817365
2024Q4,-0.02169981916817365,00269852,-0.03044981916817365,-0.08453558225508315
2025Q1,-0.07578558225508314,00269852,-0.08453558225508315,0.20924999999999996
2025Q2,0.21799999999999997,00269852,0.20924999999999996,-0.12205049261083742
2025Q3,-0.11330049261083741,00269852,-0.12205049261083742,-0.17726851851851852
2025Q4,-0.1685185185185185,00269852,-0.17726851851851852,-0.05329342984409798
2026Q1,-0.04454342984409798,00269852,-0.05329342984409798,-0.037887529137529095
2020Q2,0.051851851851851816,00295857,0.043101851851851815,-0.07213028169014088
2020Q3,-0.06338028169014087,00295857,-0.07213028169014088,-0.03882518796992481
2020Q4,-0.03007518796992481,00295857,-0.03882518796992481,-0.05526162790697672
2021Q1,-0.046511627906976716,00295857,-0.05526162790697672,0.1782418699186992
2021Q2,0.1869918699186992,00295857,0.1782418699186992,-0.20053082191780822
2021Q3,-0.1917808219178082,00295857,-0.20053082191780822,0.25819915254237286
2021Q4,0.26694915254237284,00295857,0.25819915254237286,0.13171822742474906
2022Q1,0.14046822742474907,00295857,0.13171822742474906,-0.3108027859237536
2022Q2,-0.3020527859237536,00295857,-0.3108027859237536,-0.2314390756302521
2022Q3,-0.2226890756302521,00295857,-0.2314390756302521,0.12097972972972973
2022Q4,0.12972972972972974,00295857,0.12097972972972973,0.175938995215311
2023Q1,0.184688995215311,00295857,0.175938995215311,-0.020058562197092088
2023Q2,-0.011308562197092087,00295857,-0.020058562197092088,-0.7129983660130719
2023Q3,-0.7042483660130718,00295857,-0.7129983660130719,0.04649861878453047
2023Q4,0.05524861878453047,00295857,0.04649861878453047,-0.3359751308900523
2024Q1,-0.32722513089005234,00295857,-0.3359751308900523,-0.00875
2024Q2,0.0,00295857,-0.00875,-0.00875
2024Q3,0.0,00295857,-0.00875,-0.00875
2024Q4,0.0,00295857,-0.00875,-0.00875
2025Q1,0.0,00295857,-0.00875,-0.00875
2025Q2,0.0,00295857,-0.00875,-0.00875
2025Q3,0.0,00295857,-0.00875,-0.00875
2025Q4,0.0,00295857,-0.00875,-0.00875
2026Q1,0.0,00295857,-0.00875,-0.00875
2020Q2,-0.014760147601476037,00299002,-0.023510147601476038,0.1541713483146068
2020Q3,0.1629213483146068,00299002,0.1541713483146068,0.19575885668276974
2020Q4,0.20450885668276975,00299002,0.19575885668276974,0.08215909090909082
2021Q1,0.09090909090909083,00299002,0.08215909090909082,0.19468137254901954
2021Q2,0.20343137254901955,00299002,0.19468137254901954,0.12159623217922613
2021Q3,0.13034623217922614,00299002,0.12159623217922613,-0.18262387387387388
2021Q4,-0.17387387387387387,00299002,-0.18262387387387388,-0.11998227917121049
2022Q1,-0.11123227917121048,00299002,-0.11998227917121049,-0.10936349693251532
2022Q2,-0.10061349693251531,00299002,-0.10936349693251532,-0.1438113915416098
2022Q3,-0.1350613915416098,00299002,-0.1438113915416098,-0.038718454258675115
2022Q4,-0.029968454258675115,00299002,-0.038718454258675115,0.009136178861788559
2023Q1,0.01788617886178856,00299002,0.009136178861788559,0.1733586261980831
2023Q2,0.1821086261980831,00299002,0.1733586261980831,-0.0573986486486486
2023Q3,-0.048648648648648596,00299002,-0.0573986486486486,-0.06272727272727271
2023Q4,-0.05397727272727271,00299002,-0.06272727272727271,0.007766516516516421
2024Q1,0.016516516516516422,00299002,0.007766516516516421,-0.004318685376661656
2024Q2,0.004431314623338345,00299002,-0.004318685376661656,0.03242647058823537
2024Q3,0.04117647058823537,00299002,0.03242647058823537,-0.04123587570621464
2024Q4,-0.03248587570621464,00299002,-0.04123587570621464,9.124087591273755e-06
2025Q1,0.008759124087591275,00299002,9.124087591273755e-06,0.1634641823444283
2025Q2,0.1722141823444283,00299002,0.1634641823444283,-0.032206790123456806
2025Q3,-0.023456790123456805,00299002,-0.032206790123456806,0.12525758533501888
2025Q4,0.1340075853350189,00299002,0.12525758533501888,-0.07675445930880717
2026Q1,-0.06800445930880716,00299002,-0.07675445930880717,0.061824162679425844
2020Q2,0.11717352415026827,00300405,0.10842352415026826,2.0993364691753404
2020Q3,2.1080864691753405,00300405,2.0993364691753404,-0.05640584750128804
2020Q4,-0.04765584750128804,00300405,-0.05640584750128804,0.4110498377062484
2021Q1,0.4197998377062484,00300405,0.4110498377062484,-0.08209730424842829
2021Q2,-0.07334730424842828,00300405,-0.08209730424842829,-0.34550986842105263
2021Q3,-0.33675986842105265,00300405,-0.34550986842105263,-0.15785105393676377
2021Q4,-0.14910105393676376,00300405,-0.15785105393676377,-0.3147609289617486
2022Q1,-0.30601092896174864,00300405,-0.3147609289617486,-0.18197834645669295
2022Q2,-0.17322834645669294,00300405,-0.18197834645669295,-0.14525793650793647
2022Q3,-0.13650793650793647,00300405,-0.14525793650793647,-0.10066176470588237
2022Q4,-0.09191176470588236,00300405,-0.10066176470588237,-0.08081477732793527
2023Q1,-0.07206477732793526,00300405,-0.08081477732793527,0.2870615183246073
2023Q2,0.2958115183246073,00300405,0.2870615183246073,-0.01952441077441077
2023Q3,-0.01077441077441077,00300405,-0.01952441077441077,-0.18914482641252559
2023Q4,-0.18039482641252558,00300405,-0.18914482641252559,0.4447383720930232
2024Q1,0.4534883720930232,00300405,0.4447383720930232,-0.16417857142857148
2024Q2,-0.15542857142857147,00300405,-0.16417857142857148,-0.14812753721244928
2024Q3,-0.13937753721244928,00300405,-0.14812753721244928,4.203514150943396
2024Q4,4.212264150943396,00300405,4.203514150943396,0.5085953996983408
2025Q1,0.5173453996983408,00300405,0.5085953996983408,-0.6175969184890656
2025Q2,-0.6088469184890656,00300405,-0.6175969184890656,-0.3213294155019059
2025Q3,-0.31257941550190593,00300405,-0.3213294155019059,-0.12150415896487984
2025Q4,-0.11275415896487984,00300405,-0.12150415896487984,-0.16291666666666668
2026Q1,-0.15416666666666667,00300405,-0.16291666666666668,-0.1747598522167488
2020Q2,0.23734177215189867,00301422,0.22859177215189866,1.3083855498721229
2020Q3,1.317135549872123,00301422,1.3083855498721229,-0.06614514348785869
2020Q4,-0.05739514348785868,00301422,-0.06614514348785869,-0.2768998829039812
2021Q1,-0.26814988290398123,00301422,-0.2768998829039812,-0.015149999999999962
2021Q2,-0.006399999999999961,00301422,-0.015149999999999962,-0.18427334943639292
2021Q3,-0.17552334943639292,00301422,-0.18427334943639292,-0.07125000000000001
2021Q4,-0.0625,00301422,-0.07125000000000001,-0.13999999999999999
2022Q1,-0.13124999999999998,00301422,-0.13999999999999999,-0.10467326139088726
2022Q2,-0.09592326139088725,00301422,-0.10467326139088726,-0.29256962864721486
2022Q3,-0.2838196286472149,00301422,-0.29256962864721486,-0.12726851851851848
2022Q4,-0.11851851851851847,00301422,-0.12726851851851848,0.2811659663865547
2023Q1,0.2899159663865547,00301422,0.2811659663865547,0.02708061889250816
2023Q2,0.03583061889250816,00301422,0.02708061889250816,-0.20371855345911946
2023Q3,-0.19496855345911945,00301422,-0.20371855345911946,-0.014609375
2023Q4,-0.005859375,00301422,-0.014609375,0.18378438113948928
2024Q1,0.19253438113948929,00301422,0.18378438113948928,0.06867998352553542
2024Q2,0.07742998352553543,00301422,0.06867998352553542,-0.09284785932721715
2024Q3,-0.08409785932721714,00301422,-0.09284785932721715,-0.00040275459098500915
2024Q4,0.008347245409014992,00301422,-0.00040275459098500915,-0.015372516556291425
2025Q1,-0.0066225165562914245,00301422,-0.015372516556291425,0.17791666666666675
2025Q2,0.18666666666666676,00301422,0.17791666666666675,-0.2208286516853933
2025Q3,-0.2120786516853933,00301422,-0.2208286516853933,-0.15313502673796794
2025Q4,-0.14438502673796794,00301422,-0.15313502673796794,0.10583333333333325
2026Q1,0.11458333333333326,00301422,0.10583333333333325,-0.12650700934579437
2020Q2,0.8775637041640771,00302582,0.8688137041640771,-0.2103388778550149
2020Q3,-0.2015888778550149,00302582,-0.2103388778550149,0.19896144278606956
2020Q4,0.20771144278606957,00302582,0.19896144278606956,0.04068357363542744
2021Q1,0.04943357363542744,00302582,0.04068357363542744,0.5074423454367025
2021Q2,0.5161923454367026,00302582,0.5074423454367025,-0.13712108953613808
2021Q3,-0.12837108953613807,00302582,-0.13712108953613808,-0.2832549504950495
2021Q4,-0.2745049504950495,00302582,-0.2832549504950495,-0.12133955987717501
2022Q1,-0.112589559877175,00302582,-0.12133955987717501,-0.3466969434832757
2022Q2,-0.3379469434832757,00302582,-0.3466969434832757,0.030738966318234508
2022Q3,0.03948896631823451,00302582,0.030738966318234508,0.04152932960893855
2022Q4,0.05027932960893855,00302582,0.04152932960893855,-0.05555851063829783
2023Q1,-0.04680851063829783,00302582,-0.05555851063829783,0.1737276785714286
2023Q2,0.1824776785714286,00302582,0.1737276785714286,-0.21922663992449273
2023Q3,-0.21047663992449273,00302582,-0.21922663992449273,0.2793552002390914
2023Q4,0.28810520023909136,00302582,0.2793552002390914,-0.04865719257540598
2024Q1,-0.03990719257540598,00302582,-0.04865719257540598,-0.3316112856452392
2024Q2,-0.3228612856452392,00302582,-0.3316112856452392,0.6686233047822983
2024Q3,0.6773733047822983,00302582,0.6686233047822983,-0.15896276595744682
2024Q4,-0.15021276595744681,00302582,-0.15896276595744682,-0.28616612418627935
2025Q1,-0.27741612418627937,00302582,-0.28616612418627935,0.11044611919611927
2025Q2,0.11919611919611928,00302582,0.11044611919611927,0.04016640866873059
2025Q3,0.04891640866873059,00302582,0.04016640866873059,-0.09788813459268006
2025Q4,-0.08913813459268005,00302582,-0.09788813459268006,-0.03985823071937785
2026Q1,-0.03110823071937785,00302582,-0.03985823071937785,-0.009418896321070257
2020Q2,-0.03193033381712629,00305668,-0.04068033381712629,0.19514805097451274
2020Q3,0.20389805097451275,00305668,0.19514805097451274,0.5304778953922789
2020Q4,0.5392278953922789,00305668,0.5304778953922789,-0.05082119741100329
2021Q1,-0.04207119741100329,00305668,-0.05082119741100329,0.09429054054054056
2021Q2,0.10304054054054057,00305668,0.09429054054054056,-0.12207312404287904
2021Q3,-0.11332312404287903,00305668,-0.12207312404287904,-0.06229058721934374
2021Q4,-0.05354058721934374,00305668,-0.06229058721934374,0.05146897810218979
2022Q1,0.06021897810218979,00305668,0.05146897810218979,-0.20840576592082613
2022Q2,-0.19965576592082612,00305668,-0.20840576592082613,0.034260752688172004
2022Q3,0.043010752688172005,00305668,0.034260752688172004,0.034548969072165016
2022Q4,0.04329896907216502,00305668,0.034548969072165016,-0.07100296442687745
2023Q1,-0.062252964426877444,00305668,-0.07100296442687745,-0.05089963119072712
2023Q2,-0.04214963119072712,00305668,-0.05089963119072712,-0.06375550055005505
2023Q3,-0.05500550055005504,00305668,-0.06375550055005505,-0.0541516298020955
2023Q4,-0.0454016298020955,00305668,-0.0541516298020955,-0.042896341463414665
2024Q1,-0.034146341463414664,00305668,-0.042896341463414665,-0.04915404040404044
2024Q2,-0.04040404040404044,00305668,-0.04915404040404044,0.01624999999999991
2024Q3,0.02499999999999991,00305668,0.01624999999999991,-0.16664473684210532
2024Q4,-0.1578947368421053,00305668,-0.16664473684210532,0.0003963414634145304
2025Q1,0.009146341463414531,00305668,0.0003963414634145304,0.015419184290030231
2025Q2,0.024169184290030232,00305668,0.015419184290030231,-0.061847345132743335
2025Q3,-0.053097345132743334,00305668,-0.061847345132743335,0.041094236760124615
2025Q4,0.049844236760124616,00305668,0.041094236760124615,-0.10815652818991103
2026Q1,-0.09940652818991103,00305668,-0.10815652818991103,-0.05487850082372322
2020Q2,0.24772036474164127,00351092,0.23897036474164127,0.5673766747868452
2020Q3,0.5761266747868452,00351092,0.5673766747868452,-0.014932380216383288
2020Q4,-0.0061823802163832875,00351092,-0.014932380216383288,0.08145217729393475
2021Q1,0.09020217729393476,00351092,0.08145217729393475,0.12249108416547785
2021Q2,0.13124108416547786,00351092,0.12249108416547785,-0.1638571878940732
2021Q3,-0.15510718789407318,00351092,-0.1638571878940732,-0.14755597014925378
2021Q4,-0.13880597014925378,00351092,-0.14755597014925378,-0.06594237435008662
2022Q1,-0.05719237435008662,00351092,-0.06594237435008662,-0.28448529411764706
2022Q2,-0.2757352941176471,00351092,-0.28448529411764706,0.5191687817258883
2022Q3,0.5279187817258884,00351092,0.5191687817258883,-0.17818521594684386
2022Q4,-0.16943521594684385,00351092,-0.17818521594684386,0.1292499999999999
2023Q1,0.1379999999999999,00351092,0.1292499999999999,0.2865048330404219
2023Q2,0.2952548330404219,00351092,0.2865048330404219,-0.3018300542740841
2023Q3,-0.2930800542740841,00351092,-0.3018300542740841,0.1275263915547025
2023Q4,0.1362763915547025,00351092,0.1275263915547025,-0.13206081081081086
2024Q1,-0.12331081081081086,00351092,-0.13206081081081086,-0.0010428709055875993
2024Q2,0.007707129094412402,00351092,-0.0010428709055875993,-0.1406811663479924
2024Q3,-0.1319311663479924,00351092,-0.1406811663479924,-0.07923458149779736
2024Q4,-0.07048458149779735,00351092,-0.07923458149779736,-0.06680687203791466
2025Q1,-0.05805687203791465,00351092,-0.06680687203791466,0.056658805031446526
2025Q2,0.06540880503144653,00351092,0.056658805031446526,-0.08194952774498229
2025Q3,-0.07319952774498228,00351092,-0.08194952774498229,0.6269187898089172
2025Q4,0.6356687898089173,00351092,0.6269187898089172,-0.10220794392523366
2026Q1,-0.09345794392523366,00351092,-0.10220794392523366,-0.06545103092783508
2020Q2,0.33992805755395694,00357935,0.33117805755395696,0.42212248322147655
2020Q3,0.43087248322147653,00357935,0.42212248322147655,0.23327626641651025
2020Q4,0.24202626641651026,00357935,0.23327626641651025,-0.058598942598187286
2021Q1,-0.049848942598187285,00357935,-0.058598942598187286,0.034175278219395845
2021Q2,0.042925278219395846,00357935,0.034175278219395845,-0.07277439024390239
2021Q3,-0.06402439024390238,00357935,-0.07277439024390239,-0.03969462540716614
2021Q4,-0.030944625407166138,00357935,-0.03969462540716614,-0.20959033613445374
2022Q1,-0.20084033613445373,00357935,-0.20959033613445374,-0.20223054679284966
2022Q2,-0.19348054679284965,00357935,-0.20223054679284966,0.0003764667535853042
2022Q3,0.009126466753585305,00357935,0.0003764667535853042,0.013213824289405575
2022Q4,0.021963824289405576,00357935,0.013213824289405575,0.08606668773704176
2023Q1,0.09481668773704177,00357935,0.08606668773704176,0.03974884526558901
2023Q2,0.04849884526558901,00357935,0.03974884526558901,-0.13209801762114534
2023Q3,-0.12334801762114533,00357935,-0.13209801762114534,0.13697864321608047
2023Q4,0.14572864321608048,00357935,0.13697864321608047,-0.01752192982456143
2024Q1,-0.00877192982456143,00357935,-0.01752192982456143,-0.06405973451327437
2024Q2,-0.05530973451327437,00357935,-0.06405973451327437,0.002959601873536312
2024Q3,0.011709601873536313,00357935,0.002959601873536312,-0.18814814814814815
2024Q4,-0.17939814814814814,00357935,-0.18814814814814815,-0.048242242595204564
2025Q1,-0.03949224259520456,00357935,-0.048242242595204564,0.13662444933920706
2025Q2,0.14537444933920707,00357935,0.13662444933920706,0.0322756410256411
2025Q3,0.0410256410256411,00357935,0.0322756410256411,0.047900246305418816
2025Q4,0.05665024630541882,00357935,0.047900246305418816,0.09381410256410264
2026Q1,0.10256410256410264,00357935,0.09381410256410264,-0.11128699788583515
2020Q2,0.518987341772152,00359623,0.510237341772152,0.03569444444444451
2020Q3,0.04444444444444451,00359623,0.03569444444444451,0.01252659574468077
2020Q4,0.02127659574468077,00359623,0.01252659574468077,-0.08513888888888885
2021Q1,-0.07638888888888884,00359623,-0.08513888888888885,0.08711466165413542
2021Q2,0.09586466165413543,00359623,0.08711466165413542,-0.005319468267581416
2021Q3,0.0034305317324185847,00359623,-0.005319468267581416,0.11774572649572648
2021Q4,0.1264957264957265,00359623,0.11774572649572648,-0.23181525037936265
2022Q1,-0.22306525037936265,00359623,-0.23181525037936265,-0.319296875
2022Q2,-0.310546875,00359623,-0.319296875,0.1683038243626063
2022Q3,0.1770538243626063,00359623,0.1683038243626063,0.017724127557160053
2022Q4,0.026474127557160054,00359623,0.017724127557160053,0.05690064478311844
2023Q1,0.06565064478311844,00359623,0.05690064478311844,0.051756050605060534
2023Q2,0.060506050605060535,00359623,0.051756050605060534,-0.2597873443983402
2023Q3,-0.25103734439834025,00359623,-0.2597873443983402,-0.036450831024930706
2023Q4,-0.027700831024930705,00359623,-0.036450831024930706,0.11660612535612527
2024Q1,0.12535612535612528,00359623,0.11660612535612527,-0.08469936708860756
2024Q2,-0.07594936708860756,00359623,-0.08469936708860756,-0.16765410958904112
2024Q3,-0.1589041095890411,00359623,-0.16765410958904112,-0.22699104234527687
2024Q4,-0.21824104234527686,00359623,-0.22699104234527687,-0.07125000000000001
2025Q1,-0.0625,00359623,-0.07125000000000001,0.6668055555555554
2025Q2,0.6755555555555555,00359623,0.6668055555555554,-0.16259615384615386
2025Q3,-0.15384615384615385,00359623,-0.16259615384615386,-0.00404780564263315
2025Q4,0.004702194357366851,00359623,-0.00404780564263315,0.08017355694227771
2026Q1,0.08892355694227772,00359623,0.08017355694227771,-0.09327722063037255
2020Q2,0.30722891566265065,00365624,0.29847891566265067,-0.043773041474654405
2020Q3,-0.035023041474654404,00365624,-0.043773041474654405,0.528021728748806
2020Q4,0.5367717287488061,00365624,0.528021728748806,0.004301584835301443
2021Q1,0.013051584835301444,00365624,0.004301584835301443,0.5010659509202453
2021Q2,0.5098159509202453,00365624,0.5010659509202453,0.6686169240146282
2021Q3,0.6773669240146283,00365624,0.6686169240146282,0.2848546511627908
2021Q4,0.2936046511627908,00365624,0.2848546511627908,-0.5040683520599252
2022Q1,-0.49531835205992514,00365624,-0.5040683520599252,-0.38166280148423
2022Q2,-0.37291280148423,00365624,-0.38166280148423,-0.1359689349112426
2022Q3,-0.1272189349112426,00365624,-0.1359689349112426,-0.15451271186440682
2022Q4,-0.1457627118644068,00365624,-0.15451271186440682,0.49125
2023Q1,0.5,00365624,0.49125,-0.15372354497354498
2023Q2,-0.14497354497354498,00365624,-0.15372354497354498,-0.10961633663366341
2023Q3,-0.1008663366336634,00365624,-0.10961633663366341,-0.16910788024776321
2023Q4,-0.1603578802477632,00365624,-0.16910788024776321,0.026495901639344267
2024Q1,0.03524590163934427,00365624,0.026495901639344267,-0.12593131433095803
2024Q2,-0.11718131433095802,00365624,-0.12593131433095803,-0.11457959641255608
2024Q3,-0.10582959641255607,00365624,-0.11457959641255608,-0.16120737211634903
2024Q4,-0.15245737211634902,00365624,-0.16120737211634903,-0.093957100591716
2025Q1,-0.08520710059171599,00365624,-0.093957100591716,-0.028154915912031085
2025Q2,-0.019404915912031084,00365624,-0.028154915912031085,0.0545745382585752
2025Q3,0.0633245382585752,00365624,0.0545745382585752,-0.07078473945409433
2025Q4,-0.06203473945409432,00365624,-0.07078473945409433,0.024318783068783024
2026Q1,0.033068783068783025,00365624,0.024318783068783024,-0.2187371959026889
2020Q2,-0.01532567049808431,00366137,-0.02407567049808431,0.1001994163424125
2020Q3,0.10894941634241251,00366137,0.1001994163424125,0.5655190058479531
2020Q4,0.5742690058479532,00366137,0.5655190058479531,-0.0607559435364042
2021Q1,-0.0520059435364042,00366137,-0.0607559435364042,2.400340909090909
2021Q2,2.409090909090909,00366137,2.400340909090909,-0.2616235632183908
2021Q3,-0.25287356321839083,00366137,-0.2616235632183908,-0.1072115384615385
2021Q4,-0.09846153846153849,00366137,-0.1072115384615385,-0.16574658703071674
2022Q1,-0.15699658703071673,00366137,-0.16574658703071674,0.33942813765182184
2022Q2,0.3481781376518218,00366137,0.33942813765182184,-0.4429842342342342
2022Q3,-0.43423423423423424,00366137,-0.4429842342342342,0.007173566878980998
2022Q4,0.015923566878981,00366137,0.007173566878980998,0.9118351619644722
2023Q1,0.9205851619644723,00366137,0.9118351619644722,-0.3096205114254625
2023Q2,-0.3008705114254625,00366137,-0.3096205114254625,-0.046882295719844334
2023Q3,-0.038132295719844334,00366137,-0.046882295719844334,-0.09693770226537221
2023Q4,-0.0881877022653722,00366137,-0.09693770226537221,-0.17911379769299027
2024Q1,-0.17036379769299026,00366137,-0.17911379769299027,-0.20126336898395722
2024Q2,-0.1925133689839572,00366137,-0.20126336898395722,-0.24053807947019865
2024Q3,-0.23178807947019864,00366137,-0.24053807947019865,-0.1915086206896552
2024Q4,-0.1827586206896552,00366137,-0.1915086206896552,0.0039082278481013324
2025Q1,0.012658227848101333,00366137,0.0039082278481013324,0.24125
2025Q2,0.25,00366137,0.24125,-0.06708333333333336
2025Q3,-0.05833333333333335,00366137,-0.06708333333333336,-0.01759955752212391
2025Q4,-0.008849557522123908,00366137,-0.01759955752212391,0.05017857142857144
2026Q1,0.05892857142857144,00366137,0.05017857142857144,-0.034045109612141654
2025Q2,-0.27629629629629626,00367400,-0.28504629629629624,-0.14385747185261008
2025Q3,-0.13510747185261007,00367400,-0.14385747185261008,-0.09514053254437868
2025Q4,-0.08639053254437867,00367400,-0.09514053254437868,0.12855569948186532
2026Q1,0.13730569948186533,00367400,0.12855569948186532,-0.2912101366742597
2020Q2,1.7433333333333332,00369833,1.7345833333333331,-0.11689094775212636
2020Q3,-0.10814094775212635,00369833,-0.11689094775212636,0.05392029972752036
2020Q4,0.06267029972752036,00369833,0.05392029972752036,0.03740384615384621
2021Q1,0.04615384615384621,00369833,0.03740384615384621,-0.024681372549019663
2021Q2,-0.015931372549019662,00369833,-0.024681372549019663,-0.26777864259028644
2021Q3,-0.25902864259028646,00369833,-0.26777864259028644,0.0584768907563025
2021Q4,0.0672268907563025,00369833,0.0584768907563025,0.018021653543307127
2022Q1,0.026771653543307128,00369833,0.018021653543307127,-0.36151073619631896
2022Q2,-0.352760736196319,00369833,-0.36151073619631896,0.13816943127962092
2022Q3,0.14691943127962093,00369833,0.13816943127962092,0.007778925619834655
2022Q4,0.016528925619834656,00369833,0.007778925619834655,0.1640142276422765
2023Q1,0.1727642276422765,00369833,0.1640142276422765,0.31360701906412475
2023Q2,0.32235701906412473,00369833,0.31360701906412475,-0.24203964613368287
2023Q3,-0.23328964613368286,00369833,-0.24203964613368287,-0.015587606837606814
2023Q4,-0.006837606837606813,00369833,-0.015587606837606814,-0.09480851979345958
2024Q1,-0.08605851979345958,00369833,-0.09480851979345958,-0.06901365348399244
2024Q2,-0.06026365348399243,00369833,-0.06901365348399244,-0.15504258517034072
2024Q3,-0.14629258517034072,00369833,-0.15504258517034072,0.010029342723004743
2024Q4,0.018779342723004744,00369833,0.010029342723004743,-0.11105414746543782
2025Q1,-0.10230414746543781,00369833,-0.11105414746543782,-0.2007417864476386
2025Q2,-0.1919917864476386,00369833,-0.2007417864476386,-0.1745695679796697
2025Q3,-0.16581956797966968,00369833,-0.1745695679796697,0.008767136329017412
2025Q4,0.017517136329017413,00369833,0.008767136329017412,0.20607035928143705
2026Q1,0.21482035928143706,00369833,0.20607035928143705,-0.16525030807147253
2020Q2,0.37318340238048275,00398792,0.3644334023804828,0.3315909635092425
2020Q3,0.3403409635092425,00398792,0.3315909635092425,-0.036296536139197554
2020Q4,-0.027546536139197553,00398792,-0.036296536139197554,0.2483225255345727
2021Q1,0.2570725255345727,00398792,0.2483225255345727,0.1345789492912466
2021Q2,0.14332894929124662,00398792,0.1345789492912466,-0.29326647537002476
2021Q3,-0.2845164753700248,00398792,-0.29326647537002476,-0.08256471292293396
2021Q4,-0.07381471292293396,00398792,-0.08256471292293396,-0.025761919916676278
2022Q1,-0.017011919916676277,00398792,-0.025761919916676278,-0.08009447845538029
2022Q2,-0.07134447845538028,00398792,-0.08009447845538029,-0.030851081812035185
2022Q3,-0.022101081812035184,00398792,-0.030851081812035185,-0.00875
2022Q4,0.0,00398792,-0.00875,0.10671605591806757
2023Q1,0.11546605591806758,00398792,0.10671605591806757,0.12037098554991668
2023Q2,0.1291209855499167,00398792,0.12037098554991668,-0.18455457009538187
2023Q3,-0.17580457009538186,00398792,-0.18455457009538187,-0.017908271584380984
2023Q4,-0.009158271584380984,00398792,-0.017908271584380984,0.04217009074867665
2024Q1,0.05092009074867665,00398792,0.04217009074867665,0.08927510594067314
2024Q2,0.09802510594067315,00398792,0.08927510594067314,-0.06995294181897624
2024Q3,-0.06120294181897623,00398792,-0.06995294181897624,-0.1476291933294551
2024Q4,-0.1388791933294551,00398792,-0.1476291933294551,0.15320280129706368
2025Q1,0.1619528012970637,00398792,0.15320280129706368,0.20442829457364334
2025Q2,0.21317829457364335,00398792,0.20442829457364334,0.0886940894568691
2025Q3,0.09744408945686911,00398792,0.0886940894568691,-0.004383187772925866
2025Q4,0.004366812227074135,00398792,-0.004383187772925866,-0.08121376811594203
2026Q1,-0.07246376811594202,00398792,-0.08121376811594203,-0.04624999999999998
2020Q2,-0.3007769145394007,00409140,-0.3095269145394007,0.526170634920635
2020Q3,0.534920634920635,00409140,0.526170634920635,-0.2145411065149949
2020Q4,-0.20579110651499488,00409140,-0.2145411065149949,0.006874999999999999
2021Q1,0.015625,00409140,0.006874999999999999,0.16817307692307695
2021Q2,0.17692307692307696,00409140,0.16817307692307695,-0.1841312636165577
2021Q3,-0.1753812636165577,00409140,-0.1841312636165577,0.08372027741083213
2021Q4,0.09247027741083214,00409140,0.08372027741083213,0.032362454655380936
2022Q1,0.04111245465538094,00409140,0.032362454655380936,0.12481562137049942
2022Q2,0.13356562137049943,00409140,0.12481562137049942,-0.08149590163934425
2022Q3,-0.07274590163934425,00409140,-0.08149590163934425,-0.2275345303867403
2022Q4,-0.21878453038674028,00409140,-0.2275345303867403,-0.025723125884017005
2023Q1,-0.016973125884017004,00409140,-0.025723125884017005,-0.39939748201438846
2023Q2,-0.3906474820143885,00409140,-0.39939748201438846,-0.28738046044864224
2023Q3,-0.27863046044864226,00409140,-0.28738046044864224,-0.41987929623567916
2023Q4,-0.4111292962356792,00409140,-0.41987929623567916,-0.08045650361311837
2024Q1,-0.07170650361311837,00409140,-0.08045650361311837,-0.28180389221556884
2024Q2,-0.27305389221556886,00409140,-0.28180389221556884,0.07362232289950568
2024Q3,0.08237232289950569,00409140,0.07362232289950568,-0.19976978691019784
2024Q4,-0.19101978691019783,00409140,-0.19976978691019784,0.2565369238005644
2025Q1,0.2652869238005644,00409140,0.2565369238005644,-0.1381180297397769
2025Q2,-0.1293680297397769,00409140,-0.1381180297397769,-0.14623932536293768
2025Q3,-0.13748932536293768,00409140,-0.14623932536293768,-0.21766089108910888
2025Q4,-0.20891089108910887,00409140,-0.21766089108910888,-0.46682259073842297
2026Q1,-0.458072590738423,00409140,-0.46682259073842297,0.01665415704387988
2020Q2,0.5344827586206897,00442905,0.5257327586206897,0.1822612359550562
2020Q3,0.1910112359550562,00442905,0.1822612359550562,0.3497405660377358
2020Q4,0.35849056603773577,00442905,0.3497405660377358,0.26671296296296304
2021Q1,0.275462962962963,00442905,0.26671296296296304,0.04388157894736836
2021Q2,0.05263157894736836,00442905,0.04388157894736836,-0.18978448275862067
2021Q3,-0.18103448275862066,00442905,-0.18978448275862067,-0.13085526315789472
2021Q4,-0.12210526315789472,00442905,-0.13085526315789472,0.14952338129496393
2022Q1,0.15827338129496393,00442905,0.14952338129496393,-0.3607168737060041
2022Q2,-0.3519668737060041,00442905,-0.3607168737060041,-0.12376597444089463
2022Q3,-0.11501597444089462,00442905,-0.12376597444089463,0.12843411552346565
2022Q4,0.13718411552346566,00442905,0.12843411552346565,0.016011904761904762
2023Q1,0.024761904761904763,00442905,0.016011904761904762,-0.027956939281288694
2023Q2,-0.019206939281288693,00442905,-0.027956939281288694,-0.22037349968414408
2023Q3,-0.21162349968414407,00442905,-0.22037349968414408,-0.04721153846153844
2023Q4,-0.038461538461538436,00442905,-0.04721153846153844,-0.15291666666666667
2024Q1,-0.14416666666666667,00442905,-0.15291666666666667,-0.050619522882181155
2024Q2,-0.041869522882181154,00442905,-0.050619522882181155,0.0024288617886179323
2024Q3,0.011178861788617933,00442905,0.0024288617886179323,-0.17859924623115583
2024Q4,-0.16984924623115583,00442905,-0.17859924623115583,-0.06565072639225186
2025Q1,-0.056900726392251855,00442905,-0.06565072639225186,0.3301460205391527
2025Q2,0.3388960205391527,00442905,0.3301460205391527,-0.11325623202301058
2025Q3,-0.10450623202301057,00442905,-0.11325623202301058,-0.24001338329764452
2025Q4,-0.2312633832976445,00442905,-0.24001338329764452,-0.09649373259052926
2026Q1,-0.08774373259052926,00442905,-0.09649373259052926,-0.26523854961832055
2020Q2,0.1547231270358307,00447928,0.14597312703583068,0.0349735543018335
2020Q3,0.0437235543018335,00447928,0.0349735543018335,0.05611486486486487
2020Q4,0.06486486486486487,00447928,0.05611486486486487,0.01409263959390853
2021Q1,0.02284263959390853,00447928,0.01409263959390853,0.28653535980148886
2021Q2,0.29528535980148884,00447928,0.28653535980148886,-0.14668103448275868
2021Q3,-0.13793103448275867,00447928,-0.14668103448275868,0.11347222222222222
2021Q4,0.12222222222222223,00447928,0.11347222222222222,0.038774752475247566
2022Q1,0.04752475247524757,00447928,0.038774752475247566,-0.05789933837429114
2022Q2,-0.04914933837429114,00447928,-0.05789933837429114,-0.08827286282306165
2022Q3,-0.07952286282306165,00447928,-0.08827286282306165,-0.011989740820734306
2022Q4,-0.003239740820734305,00447928,-0.011989740820734306,-0.027168201516793077
2023Q1,-0.018418201516793076,00447928,-0.027168201516793077,-0.09373896247240618
2023Q2,-0.08498896247240617,00447928,-0.09373896247240618,-0.09318908323281058
2023Q3,-0.08443908323281057,00447928,-0.09318908323281058,-0.06672101449275367
2023Q4,-0.05797101449275366,00447928,-0.06672101449275367,-0.08287587412587413
2024Q1,-0.07412587412587412,00447928,-0.08287587412587413,0.021461480362537734
2024Q2,0.030211480362537735,00447928,0.021461480362537734,-0.0028848973607038184
2024Q3,0.0058651026392961825,00447928,-0.0028848973607038184,-0.09038265306122448
2024Q4,-0.08163265306122447,00447928,-0.09038265306122448,-0.08176587301587299
2025Q1,-0.07301587301587298,00447928,-0.08176587301587299,0.11111301369863005
2025Q2,0.11986301369863006,00447928,0.11111301369863005,0.252717889908257
2025Q3,0.261467889908257,00447928,0.252717889908257,1.1657954545454543
2025Q4,1.1745454545454543,00447928,1.1657954545454543,1.2264785395763655
2026Q1,1.2352285395763656,00447928,1.2264785395763655,0.5673098503740648
2020Q2,0.06781708369283868,00449379,0.059067083692838675,-0.07872414350355525
2020Q3,-0.06997414350355524,00449379,-0.07872414350355525,0.27882602085143354
2020Q4,0.2875760208514335,00449379,0.27882602085143354,-0.054633940620782716
2021Q1,-0.045883940620782715,00449379,-0.054633940620782716,0.16663896746817544
2021Q2,0.17538896746817545,00449379,0.16663896746817544,-0.1314936823104693
2021Q3,-0.12274368231046928,00449379,-0.1314936823104693,0.03514574759945125
2021Q4,0.04389574759945125,00449379,0.03514574759945125,0.2790292378449409
2022Q1,0.28777923784494086,00449379,0.2790292378449409,-0.16997448979591842
2022Q2,-0.1612244897959184,00449379,-0.16997448979591842,-0.2873388077858881
2022Q3,-0.2785888077858881,00449379,-0.2873388077858881,-0.050908516020236126
2022Q4,-0.042158516020236125,00449379,-0.050908516020236126,-0.0069894366197182575
2023Q1,0.0017605633802817433,00449379,-0.0069894366197182575,-0.033354569420035195
2023Q2,-0.024604569420035194,00449379,-0.033354569420035195,-0.012353603603603568
2023Q3,-0.003603603603603567,00449379,-0.012353603603603568,-0.10911166365280286
2023Q4,-0.10036166365280286,00449379,-0.10911166365280286,0.14903894472361803
2024Q1,0.15778894472361804,00449379,0.14903894472361803,-0.16326388888888885
2024Q2,-0.15451388888888884,00449379,-0.16326388888888885,-0.049817761806981574
2024Q3,-0.04106776180698157,00449379,-0.049817761806981574,-0.03658725910064239
2024Q4,-0.027837259100642386,00449379,-0.03658725910064239,-0.061613436123347985
2025Q1,-0.052863436123347984,00449379,-0.061613436123347985,0.04008720930232549
2025Q2,0.04883720930232549,00449379,0.04008720930232549,0.023400776053215146
2025Q3,0.03215077605321515,00449379,0.023400776053215146,-0.0646039205155747
2025Q4,-0.055853920515574695,00449379,-0.0646039205155747,-0.012162969283276502
2026Q1,-0.0034129692832765013,00449379,-0.012162969283276502,-0.0064668949771688675
2020Q2,0.1731517509727627,00450010,0.1644017509727627,-0.28238184079601986
2020Q3,-0.2736318407960199,00450010,-0.28238184079601986,0.21271118721461194
2020Q4,0.22146118721461194,00450010,0.21271118721461194,0.07536214953271017
2021Q1,0.08411214953271018,00450010,0.07536214953271017,-0.09150862068965523
2021Q2,-0.08275862068965523,00450010,-0.09150862068965523,-0.059501879699248104
2021Q3,-0.050751879699248104,00450010,-0.059501879699248104,-0.1176608910891089
2021Q4,-0.1089108910891089,00450010,-0.1176608910891089,-0.16875000000000004
2022Q1,-0.16000000000000003,00450010,-0.16875000000000004,-0.3632473544973545
2022Q2,-0.35449735449735453,00450010,-0.3632473544973545,0.0691188524590163
2022Q3,0.07786885245901631,00450010,0.0691188524590163,-0.020156844106463866
2022Q4,-0.011406844106463865,00450010,-0.020156844106463866,0.26817307692307685
2023Q1,0.2769230769230768,00450010,0.26817307692307685,-0.07019578313253014
2023Q2,-0.06144578313253013,00450010,-0.07019578313253014,-0.20515564826700902
2023Q3,-0.19640564826700901,00450010,-0.20515564826700902,-0.02632188498402551
2023Q4,-0.01757188498402551,00450010,-0.02632188498402551,-0.17948170731707322
2024Q1,-0.1707317073170732,00450010,-0.17948170731707322,-0.17835784313725486
2024Q2,-0.16960784313725485,00450010,-0.17835784313725486,-0.29800619834710745
2024Q3,-0.2892561983471075,00450010,-0.29800619834710745,-0.023700166112956854
2024Q4,-0.014950166112956853,00450010,-0.023700166112956854,-0.14028456998313663
2025Q1,-0.13153456998313662,00450010,-0.14028456998313663,0.1562985436893203
2025Q2,0.16504854368932032,00450010,0.1562985436893203,-0.1829166666666667
2025Q3,-0.1741666666666667,00450010,-0.1829166666666667,0.36763748738647833
2025Q4,0.3763874873864783,00450010,0.36763748738647833,-0.2954068914956011
2026Q1,-0.28665689149560114,00450010,-0.2954068914956011,-0.15777363823227128
2020Q2,-0.3631475105419939,00453488,-0.3718975105419939,-0.12313464342121247
2020Q3,-0.11438464342121246,00453488,-0.12313464342121247,-0.4366257116400301
2020Q4,-0.42787571164003013,00453488,-0.4366257116400301,0.15537900131878682
2021Q1,0.16412900131878683,00453488,0.15537900131878682,0.28671858908341924
2021Q2,0.2954685890834192,00453488,0.28671858908341924,-0.38771494156928216
2021Q3,-0.3789649415692822,00453488,-0.38771494156928216,-0.06904185867895549
2021Q4,-0.06029185867895548,00453488,-0.06904185867895549,-0.4115561571992917
2022Q1,-0.4028061571992917,00453488,-0.4115561571992917,-0.4603923357664233
2022Q2,-0.4516423357664233,00453488,-0.4603923357664233,-0.03287645590682194
2022Q3,-0.024126455906821942,00453488,-0.03287645590682194,-0.24233908780903665
2022Q4,-0.23358908780903664,00453488,-0.24233908780903665,0.07467602892102335
2023Q1,0.08342602892102335,00453488,0.07467602892102335,0.41578798767967157
2023Q2,0.42453798767967155,00453488,0.41578798767967157,-0.23001126126126123
2023Q3,-0.22126126126126122,00453488,-0.23001126126126123,0.2892601804720037
2023Q4,0.29801018047200367,00453488,0.2892601804720037,0.07502896613190727
2024Q1,0.08377896613190727,00453488,0.07502896613190727,-0.3416447368421052
2024Q2,-0.33289473684210524,00453488,-0.3416447368421052,0.29055966469428013
2024Q3,0.2993096646942801,00453488,0.29055966469428013,-0.412165559772296
2024Q4,-0.40341555977229604,00453488,-0.412165559772296,-0.5507347328244275
2025Q1,-0.5419847328244275,00453488,-0.5507347328244275,0.13986111111111102
2025Q2,0.14861111111111103,00453488,0.13986111111111102,-0.0800922007255139
2025Q3,-0.0713422007255139,00453488,-0.0800922007255139,-0.08166666666666664
2025Q4,-0.07291666666666663,00453488,-0.08166666666666664,-0.6941432584269663
2026Q1,-0.6853932584269663,00453488,-0.6941432584269663,-0.00875
2020Q2,-0.014705882352941124,00481454,-0.023455882352941125,0.2101554726368158
2020Q3,0.2189054726368158,00481454,0.2101554726368158,0.021181972789115634
2020Q4,0.029931972789115635,00481454,0.021181972789115634,-0.0021449801849406577
2021Q1,0.006605019815059343,00481454,-0.0021449801849406577,1.09623687664042
2021Q2,1.10498687664042,00481454,1.09623687664042,-0.3217175810473815
2021Q3,-0.31296758104738154,00481454,-0.3217175810473815,-0.17208938294010886
2021Q4,-0.16333938294010886,00481454,-0.17208938294010886,-0.09334869848156188
2022Q1,-0.08459869848156187,00481454,-0.09334869848156188,-0.18410545023696687
2022Q2,-0.17535545023696686,00481454,-0.18410545023696687,-0.05041666666666663
2022Q3,-0.04166666666666663,00481454,-0.05041666666666663,-0.17516679160419787
2022Q4,-0.16641679160419787,00481454,-0.17516679160419787,0.33657374100719434
2023Q1,0.3453237410071943,00481454,0.33657374100719434,0.26130347593582887
2023Q2,0.27005347593582885,00481454,0.26130347593582887,-0.039276315789473736
2023Q3,-0.030526315789473735,00481454,-0.039276315789473736,0.16171688382193275
2023Q4,0.17046688382193276,00481454,0.16171688382193275,0.08401437847866425
2024Q1,0.09276437847866426,00481454,0.08401437847866425,0.10160653650254672
2024Q2,0.11035653650254673,00481454,0.10160653650254672,-0.31608944954128443
2024Q3,-0.30733944954128445,00481454,-0.31608944954128443,0.04533388520971297
2024Q4,0.05408388520971297,00481454,0.04533388520971297,-0.017126963350785306
2025Q1,-0.008376963350785305,00481454,-0.017126963350785306,-0.05732444561774027
2025Q2,-0.04857444561774027,00481454,-0.05732444561774027,0.0400846281908989
2025Q3,0.0488346281908989,00481454,0.0400846281908989,0.2314616402116403
2025Q4,0.24021164021164032,00481454,0.2314616402116403,0.006608361774743922
2026Q1,0.015358361774743923,00481454,0.006608361774743922,-0.21043067226890752
2020Q2,0.344621513944223,00486370,0.33587151394422304,0.3008796296296297
2020Q3,0.3096296296296297,00486370,0.3008796296296297,-0.0426866515837104
2020Q4,-0.0339366515837104,00486370,-0.0426866515837104,0.0931235362997658
2021Q1,0.10187353629976581,00486370,0.0931235362997658,0.04332226354941552
2021Q2,0.05207226354941552,00486370,0.04332226354941552,-0.0966287878787879
2021Q3,-0.08787878787878789,00486370,-0.0966287878787879,-0.10398809523809524
2021Q4,-0.09523809523809523,00486370,-0.10398809523809524,-0.030781823745410018
2022Q1,-0.022031823745410017,00486370,-0.030781823745410018,-0.16269242803504377
2022Q2,-0.15394242803504377,00486370,-0.16269242803504377,-0.062004437869822536
2022Q3,-0.053254437869822535,00486370,-0.062004437869822536,0.06781250000000008
2022Q4,0.07656250000000009,00486370,0.06781250000000008,-0.04213171262699563
2023Q1,-0.03338171262699563,00486370,-0.04213171262699563,-0.044786036036036
2023Q2,-0.036036036036036,00486370,-0.044786036036036,-0.21435747663551405
2023Q3,-0.20560747663551404,00486370,-0.21435747663551405,-0.022475490196078383
2023Q4,-0.013725490196078383,00486370,-0.022475490196078383,-0.07634443339960237
2024Q1,-0.06759443339960236,00486370,-0.07634443339960237,-0.11216151385927506
2024Q2,-0.10341151385927505,00486370,-0.11216151385927506,0.004329667063020216
2024Q3,0.013079667063020217,00486370,0.004329667063020216,-0.16954812206572775
2024Q4,-0.16079812206572774,00486370,-0.16954812206572775,-0.0842744755244755
2025Q1,-0.0755244755244755,00486370,-0.0842744755244755,0.26356467473524964
2025Q2,0.2723146747352496,00486370,0.26356467473524964,0.04951397146254458
2025Q3,0.058263971462544584,00486370,0.04951397146254458,-0.10537921348314602
2025Q4,-0.09662921348314601,00486370,-0.10537921348314602,-0.05601368159203975
2026Q1,-0.04726368159203975,00486370,-0.05601368159203975,-0.10535574412532642
2020Q2,-0.16156953260242357,00491938,-0.17031953260242358,1.0301350653819683
2020Q3,1.0388850653819683,00491938,1.0301350653819683,0.3139504219409282
2020Q4,0.3227004219409282,00491938,0.3139504219409282,-0.289980062523925
2021Q1,-0.281230062523925,00491938,-0.289980062523925,0.17836166341203621
2021Q2,0.18711166341203622,00491938,0.17836166341203621,-0.15934069836997164
2021Q3,-0.15059069836997163,00491938,-0.15934069836997164,0.2500528169014085
2021Q4,0.2588028169014085,00491938,0.2500528169014085,-0.17518356643356645
2022Q1,-0.16643356643356644,00491938,-0.17518356643356645,-0.3736828859060402
2022Q2,-0.3649328859060402,00491938,-0.3736828859060402,-0.13556638044914135
2022Q3,-0.12681638044914134,00491938,-0.13556638044914135,0.22574319213313168
2022Q4,0.2344931921331317,00491938,0.22574319213313168,-0.15213235294117652
2023Q1,-0.14338235294117652,00491938,-0.15213235294117652,-0.037362303290414865
2023Q2,-0.028612303290414864,00491938,-0.037362303290414865,-0.18106222385861567
2023Q3,-0.17231222385861567,00491938,-0.18106222385861567,0.02861654804270456
2023Q4,0.03736654804270456,00491938,0.02861654804270456,-0.044770583190394474
2024Q1,-0.03602058319039447,00491938,-0.044770583190394474,-0.04255782918149461
2024Q2,-0.03380782918149461,00491938,-0.04255782918149461,0.12752992633517504
2024Q3,0.13627992633517505,00491938,0.12752992633517504,-0.12706442463533227
2024Q4,-0.11831442463533226,00491938,-0.12706442463533227,-0.11352941176470585
2025Q1,-0.10477941176470584,00491938,-0.11352941176470585,0.17810831622176584
2025Q2,0.18685831622176585,00491938,0.17810831622176584,-0.10390570934256058
2025Q3,-0.09515570934256057,00491938,-0.10390570934256058,-0.07949569789674957
2025Q4,-0.07074569789674956,00491938,-0.07949569789674957,-0.006692386831275786
2026Q1,0.002057613168724215,00491938,-0.006692386831275786,-0.07856519507186863
2023Q4,-0.4182926829268293,00495633,-0.4270426829268293,-0.25780660377358483
2024Q1,-0.24905660377358485,00495633,-0.25780660377358483,-0.16285385259631488
2024Q2,-0.15410385259631487,00495633,-0.16285385259631488,-0.15330445544554458
2024Q3,-0.14455445544554457,00495633,-0.15330445544554458,-0.15998456790123458
2024Q4,-0.15123456790123457,00495633,-0.15998456790123458,0.11034090909090913
2025Q1,0.11909090909090914,00495633,0.11034090909090913,0.11310215272136473
2025Q2,0.12185215272136474,00495633,0.11310215272136473,-0.12460807385952208
2025Q3,-0.11585807385952207,00495633,-0.12460807385952208,0.28117628992629
2025Q4,0.28992628992629,00495633,0.28117628992629,-0.08684523809523811
2026Q1,-0.0780952380952381,00495633,-0.08684523809523811,-0.24704201101928377
2020Q2,0.28913443830570906,00498001,0.2803844383057091,-0.13446428571428568
2020Q3,-0.12571428571428567,00498001,-0.13446428571428568,0.2543218954248366
2020Q4,0.26307189542483655,00498001,0.2543218954248366,0.4427377102199224
2021Q1,0.4514877102199224,00498001,0.4427377102199224,-0.11391934046345817
2021Q2,-0.10516934046345816,00498001,-0.11391934046345817,-0.30257470119521906
2021Q3,-0.2938247011952191,00498001,-0.30257470119521906,0.16332334273624818
2021Q4,0.1720733427362482,00498001,0.16332334273624818,-0.10261281588447654
2022Q1,-0.09386281588447654,00498001,-0.10261281588447654,-0.24646580345285526
2022Q2,-0.23771580345285526,00498001,-0.24646580345285526,-0.11153745644599308
2022Q3,-0.10278745644599308,00498001,-0.11153745644599308,0.10775485436893198
2022Q4,0.11650485436893199,00498001,0.10775485436893198,0.4451630434782608
2023Q1,0.4539130434782608,00498001,0.4451630434782608,-0.09008971291866028
2023Q2,-0.08133971291866027,00498001,-0.09008971291866028,-0.149375
2023Q3,-0.140625,00498001,-0.149375,0.04428030303030298
2023Q4,0.05303030303030298,00498001,0.04428030303030298,0.012832733812949727
2024Q1,0.021582733812949728,00498001,0.012832733812949727,0.033503521126760506
2024Q2,0.04225352112676051,00498001,0.033503521126760506,-0.10064189189189185
2024Q3,-0.09189189189189184,00498001,-0.10064189189189185,-0.19625
2024Q4,-0.1875,00498001,-0.19625,0.06634157509157504
2025Q1,0.07509157509157505,00498001,0.06634157509157504,0.10538969335604767
2025Q2,0.11413969335604768,00498001,0.10538969335604767,0.005011467889908285
2025Q3,0.013761467889908285,00498001,0.005011467889908285,-0.0389159125188537
2025Q4,-0.0301659125188537,00498001,-0.0389159125188537,0.33961702954898915
2026Q1,0.3483670295489891,00498001,0.33961702954898915,0.006244232987312505
2020Q2,0.14476771468794003,00531865,0.13601771468794002,0.008876562820250102
2020Q3,0.017626562820250102,00531865,0.008876562820250102,0.2335460725075529
2020Q4,0.24229607250755292,00531865,0.2335460725075529,0.05966763942931256
2021Q1,0.06841763942931256,00531865,0.05966763942931256,0.026151365705614528
2021Q2,0.03490136570561453,00531865,0.026151365705614528,0.4648570381231672
2021Q3,0.4736070381231672,00531865,0.4648570381231672,-0.11322761194029848
2021Q4,-0.10447761194029848,00531865,-0.11322761194029848,-0.06875000000000006
2022Q1,-0.06000000000000005,00531865,-0.06875000000000006,-0.32080673758865247
2022Q2,-0.3120567375886525,00531865,-0.32080673758865247,-0.32833762886597934
2022Q3,-0.31958762886597936,00531865,-0.32833762886597934,-0.12491161616161614
2022Q4,-0.11616161616161613,00531865,-0.12491161616161614,0.20839285714285707
2023Q1,0.21714285714285708,00531865,0.20839285714285707,0.0734096244131455
2023Q2,0.0821596244131455,00531865,0.0734096244131455,-0.26688449023861166
2023Q3,-0.2581344902386117,00531865,-0.26688449023861166,0.19592836257309945
2023Q4,0.20467836257309946,00531865,0.19592836257309945,-0.01603155339805825
2024Q1,-0.007281553398058249,00531865,-0.01603155339805825,-0.1860116136919315
2024Q2,-0.1772616136919315,00531865,-0.1860116136919315,0.19778789004457645
2024Q3,0.20653789004457646,00531865,0.19778789004457645,-0.2636761083743842
2024Q4,-0.25492610837438423,00531865,-0.2636761083743842,-0.06825413223140495
2025Q1,-0.05950413223140494,00531865,-0.06825413223140495,0.02815685413005279
2025Q2,0.03690685413005279,00531865,0.02815685413005279,0.06243644067796609
2025Q3,0.07118644067796609,00531865,0.06243644067796609,0.057705696202531555
2025Q4,0.06645569620253156,00531865,0.057705696202531555,0.025374629080118706
2026Q1,0.03412462908011871,00531865,0.025374629080118706,-0.07331241032998567
2020Q2,0.5249999999999999,00556615,0.5162499999999999,0.4639275956284153
2020Q3,0.47267759562841527,00556615,0.4639275956284153,-0.07368506493506496
2020Q4,-0.06493506493506496,00556615,-0.07368506493506496,-0.08414682539682536
2021Q1,-0.07539682539682535,00556615,-0.08414682539682536,-0.10317060085836913
2021Q2,-0.09442060085836912,00556615,-0.10317060085836913,-0.07865521327014222
2021Q3,-0.06990521327014221,00556615,-0.07865521327014222,0.04347929936305731
2021Q4,0.05222929936305731,00556615,0.04347929936305731,-0.016013922518159772
2022Q1,-0.007263922518159771,00556615,-0.016013922518159772,-0.2892378048780488
2022Q2,-0.2804878048780488,00556615,-0.2892378048780488,0.20819915254237278
2022Q3,0.2169491525423728,00556615,0.20819915254237278,-0.23437674094707525
2022Q4,-0.22562674094707524,00556615,-0.23437674094707525,0.1944874100719425
2023Q1,0.20323741007194251,00556615,0.1944874100719425,-0.0954465620328849
2023Q2,-0.0866965620328849,00556615,-0.0954465620328849,-0.03329991816693941
2023Q3,-0.02454991816693941,00556615,-0.03329991816693941,-0.04566275167785235
2023Q4,-0.03691275167785235,00556615,-0.04566275167785235,-0.18122386759581885
2024Q1,-0.17247386759581884,00556615,-0.18122386759581885,0.17019736842105251
2024Q2,0.17894736842105252,00556615,0.17019736842105251,-0.11053571428571426
2024Q3,-0.10178571428571426,00556615,-0.11053571428571426,-0.20755715705765407
2024Q4,-0.19880715705765406,00556615,-0.20755715705765407,-0.09113213399503725
2025Q1,-0.08238213399503724,00556615,-0.09113213399503725,0.05939494321254738
2025Q2,0.06814494321254738,00556615,0.05939494321254738,-0.021408227848101223
2025Q3,-0.012658227848101222,00556615,-0.021408227848101223,-0.1384935897435898
2025Q4,-0.1297435897435898,00556615,-0.1384935897435898,0.2581916617560401
2026Q1,0.26694166175604006,00556615,0.2581916617560401,-0.6413081395348837
2020Q2,0.1471247199402539,00562360,0.13837471994025388,0.2879079861111112
2020Q3,0.29665798611111116,00562360,0.2879079861111112,0.0053085774058576965
2020Q4,0.014058577405857697,00562360,0.0053085774058576965,-0.19260872256147885
2021Q1,-0.18385872256147884,00562360,-0.19260872256147885,-0.04959934277047525
2021Q2,-0.04084934277047525,00562360,-0.04959934277047525,-0.15823344929369595
2021Q3,-0.14948344929369595,00562360,-0.15823344929369595,-0.18227503718393653
2021Q4,-0.17352503718393653,00562360,-0.18227503718393653,-0.3233870725854829
2022Q1,-0.3146370725854829,00562360,-0.3233870725854829,-0.00875
2022Q2,0.0,00562360,-0.00875,-0.06826859956236328
2022Q3,-0.05951859956236327,00562360,-0.06826859956236328,-0.403817473243369
2022Q4,-0.395067473243369,00562360,-0.403817473243369,-0.06875000000000006
2023Q1,-0.06000000000000005,00562360,-0.06875000000000006,-0.10203968903436986
2023Q2,-0.09328968903436985,00562360,-0.10203968903436986,-0.022287906137184087
2023Q3,-0.013537906137184086,00562360,-0.022287906137184087,-0.08102813357731017
2023Q4,-0.07227813357731017,00562360,-0.08102813357731017,-0.03833579881656809
2024Q1,-0.029585798816568087,00562360,-0.03833579881656809,-0.0402540650406504
2024Q2,-0.0315040650406504,00562360,-0.0402540650406504,-0.11158315844700947
2024Q3,-0.10283315844700947,00562360,-0.11158315844700947,-0.02512426900584793
2024Q4,-0.01637426900584793,00562360,-0.02512426900584793,0.13512633769322238
2025Q1,0.1438763376932224,00562360,0.13512633769322238,0.10039760914760912
2025Q2,0.10914760914760913,00562360,0.10039760914760912,-0.12590089034676663
2025Q3,-0.11715089034676662,00562360,-0.12590089034676663,-0.12870753715498937
2025Q4,-0.11995753715498936,00562360,-0.12870753715498937,-0.1016329915560917
2026Q1,-0.0928829915560917,00562360,-0.1016329915560917,-0.1257712765957447
2020Q2,0.2994652406417113,00573579,0.29071524064171134,-0.062247942386831255
2020Q3,-0.053497942386831254,00573579,-0.062247942386831255,0.021684782608695698
2020Q4,0.0304347826086957,00573579,0.021684782608695698,-0.08047995780590719
2021Q1,-0.07172995780590719,00573579,-0.08047995780590719,0.6139772727272728
2021Q2,0.6227272727272728,00573579,0.6139772727272728,0.19853291316526603
2021Q3,0.20728291316526604,00573579,0.19853291316526603,-0.205965777262181
2021Q4,-0.19721577726218098,00573579,-0.205965777262181,0.07795520231213862
2022Q1,0.08670520231213863,00573579,0.07795520231213862,-0.28002659574468086
2022Q2,-0.2712765957446809,00573579,-0.28002659574468086,-0.1218886861313869
2022Q3,-0.11313868613138689,00573579,-0.1218886861313869,-0.04167181069958844
2022Q4,-0.03292181069958844,00573579,-0.04167181069958844,0.029547872340425475
2023Q1,0.038297872340425476,00573579,0.029547872340425475,0.27321721311475416
2023Q2,0.28196721311475414,00573579,0.27321721311475416,-0.1538906649616368
2023Q3,-0.1451406649616368,00573579,-0.1538906649616368,-0.01622943156320119
2023Q4,-0.007479431563201189,00573579,-0.01622943156320119,-0.10746891484551621
2024Q1,-0.0987189148455162,00573579,-0.10746891484551621,-0.062261705685618694
2024Q2,-0.05351170568561869,00573579,-0.062261705685618694,-0.11387367491166075
2024Q3,-0.10512367491166075,00573579,-0.11387367491166075,-0.13017152023692
2024Q4,-0.12142152023691999,00573579,-0.13017152023692,0.17439606741573035
2025Q1,0.18314606741573036,00573579,0.17439606741573035,0.02828703703703698
2025Q2,0.03703703703703698,00573579,0.02828703703703698,-0.12688186813186816
2025Q3,-0.11813186813186816,00573579,-0.12688186813186816,-0.031595275181723746
2025Q4,-0.022845275181723745,00573579,-0.031595275181723746,-0.027878586609989396
2026Q1,-0.019128586609989395,00573579,-0.027878586609989396,0.009668201516793075
2020Q2,-0.11836734693877549,00576789,-0.1271173469387755,0.1324537037037037
2020Q3,0.14120370370370372,00576789,0.1324537037037037,0.4699518255578093
2020Q4,0.47870182555780927,00576789,0.4699518255578093,0.22581790123456782
2021Q1,0.23456790123456783,00576789,0.22581790123456782,0.07902777777777772
2021Q2,0.08777777777777773,00576789,0.07902777777777772,0.21699055158324823
2021Q3,0.22574055158324824,00576789,0.21699055158324823,-0.25125000000000003
2021Q4,-0.24250000000000005,00576789,-0.25125000000000003,0.004451320132013138
2022Q1,0.013201320132013139,00576789,0.004451320132013138,0.25075054288816495
2022Q2,0.25950054288816493,00576789,0.25075054288816495,-0.043232758620689614
2022Q3,-0.03448275862068961,00576789,-0.043232758620689614,-0.15696428571428575
2022Q4,-0.14821428571428574,00576789,-0.15696428571428575,-0.04963050314465408
2023Q1,-0.04088050314465408,00576789,-0.04963050314465408,0.42840846994535525
2023Q2,0.43715846994535523,00576789,0.42840846994535525,-0.17528992395437268
2023Q3,-0.16653992395437267,00576789,-0.17528992395437268,0.06424270072992691
2023Q4,0.07299270072992692,00576789,0.06424270072992691,-0.1371513605442177
2024Q1,-0.1284013605442177,00576789,-0.1371513605442177,-0.05557926829268297
2024Q2,-0.04682926829268297,00576789,-0.05557926829268297,-0.14999872057318317
2024Q3,-0.14124872057318316,00576789,-0.14999872057318317,0.8863632300357569
2024Q4,0.8951132300357569,00576789,0.8863632300357569,0.054143081761006275
2025Q1,0.06289308176100628,00576789,0.054143081761006275,-0.3975073964497042
2025Q2,-0.3887573964497042,00576789,-0.3975073964497042,-0.2439871732817038
2025Q3,-0.2352371732817038,00576789,-0.2439871732817038,-0.0125474683544304
2025Q4,-0.0037974683544304,00576789,-0.0125474683544304,-0.11929637865311313
2026Q1,-0.11054637865311312,00576789,-0.11929637865311313,-0.12017857142857144
2020Q2,0.20771513353115734,00578538,0.19896513353115733,0.22957923832923835
2020Q3,0.23832923832923836,00578538,0.22957923832923835,0.14601190476190465
2020Q4,0.15476190476190466,00578538,0.14601190476190465,0.723208762886598
2021Q1,0.731958762886598,00578538,0.723208762886598,0.10236111111111115
2021Q2,0.11111111111111116,00578538,0.10236111111111115,-0.15250000000000005
2021Q3,-0.14375000000000004,00578538,-0.15250000000000005,-0.059844890510948955
2021Q4,-0.051094890510948954,00578538,-0.059844890510948955,-0.16699175824175824
2022Q1,-0.15824175824175823,00578538,-0.16699175824175824,-0.26593015665796343
2022Q2,-0.25718015665796345,00578538,-0.26593015665796343,-0.0720188927943761
2022Q3,-0.06326889279437609,00578538,-0.0720188927943761,0.07755393996247653
2022Q4,0.08630393996247654,00578538,0.07755393996247653,0.09660405872193437
2023Q1,0.10535405872193437,00578538,0.09660405872193437,-0.06968749999999999
2023Q2,-0.06093749999999998,00578538,-0.06968749999999999,0.2957425124792013
2023Q3,0.3044925124792013,00578538,0.2957425124792013,-0.2625765306122449
2023Q4,-0.2538265306122449,00578538,-0.2625765306122449,-0.056613247863247916
2024Q1,-0.047863247863247915,00578538,-0.056613247863247916,-0.2690731597845601
2024Q2,-0.2603231597845601,00578538,-0.2690731597845601,0.015521844660194163
2024Q3,0.024271844660194164,00578538,0.015521844660194163,-0.09405805687203792
2024Q4,-0.08530805687203791,00578538,-0.09405805687203792,-0.14501943005181347
2025Q1,-0.13626943005181347,00578538,-0.14501943005181347,0.05483728254349133
2025Q2,0.06358728254349133,00578538,0.05483728254349133,0.11871756909193468
2025Q3,0.12746756909193468,00578538,0.11871756909193468,-0.09379252126063028
2025Q4,-0.08504252126063028,00578538,-0.09379252126063028,0.11208105522143244
2026Q1,0.12083105522143245,00578538,0.11208105522143244,-0.1341158536585366
2020Q2,1.3665865384615383,00617998,1.3578365384615383,0.03975177755205687
2020Q3,0.04850177755205687,00617998,0.03975177755205687,0.1072587188181158
2020Q4,0.11600871881811581,00617998,0.1072587188181158,0.29702256944444444
2021Q1,0.3057725694444444,00617998,0.29702256944444444,-0.09849572045870034
2021Q2,-0.08974572045870033,00617998,-0.09849572045870034,0.004943627898484494
2021Q3,0.013693627898484495,00617998,0.004943627898484494,-0.29693443804034575
2021Q4,-0.28818443804034577,00617998,-0.29693443804034575,-0.0545495951417004
2022Q1,-0.0457995951417004,00617998,-0.0545495951417004,-0.4518685361972951
2022Q2,-0.44311853619729513,00617998,-0.4518685361972951,-0.1349404761904762
2022Q3,-0.1261904761904762,00617998,-0.1349404761904762,-0.0033004087193459694
2022Q4,0.005449591280654031,00617998,-0.0033004087193459694,0.25412262872628727
2023Q1,0.26287262872628725,00617998,0.25412262872628727,-0.021625536480686734
2023Q2,-0.012875536480686733,00617998,-0.021625536480686734,-0.250054347826087
2023Q3,-0.241304347826087,00617998,-0.250054347826087,0.03766833810888252
2023Q4,0.04641833810888252,00617998,0.03766833810888252,0.037799835706462205
2024Q1,0.046549835706462206,00617998,0.037799835706462205,-0.10974424385138667
2024Q2,-0.10099424385138667,00617998,-0.10974424385138667,-0.22469877764842847
2024Q3,-0.21594877764842846,00617998,-0.22469877764842847,-0.19657479584261325
2024Q4,-0.18782479584261325,00617998,-0.19657479584261325,-0.06633683729433268
2025Q1,-0.05758683729433267,00617998,-0.06633683729433268,0.3181171193016488
2025Q2,0.3268671193016488,00617998,0.3181171193016488,-0.14983187134502926
2025Q3,-0.14108187134502925,00617998,-0.14983187134502926,-0.11598404255319147
2025Q4,-0.10723404255319147,00617998,-0.11598404255319147,-0.048788131553860824
2026Q1,-0.04003813155386082,00617998,-0.048788131553860824,-0.22225546176762664
2020Q2,0.07996192289386017,00646732,0.07121192289386016,0.16974272807404137
2020Q3,0.17849272807404137,00646732,0.16974272807404137,0.005834891548242273
2020Q4,0.014584891548242274,00646732,0.005834891548242273,0.032164117213416867
2021Q1,0.04091411721341687,00646732,0.032164117213416867,0.09181657223796028
2021Q2,0.10056657223796028,00646732,0.09181657223796028,-0.052186293436293406
2021Q3,-0.043436293436293405,00646732,-0.052186293436293406,0.17927556340396913
2021Q4,0.18802556340396914,00646732,0.17927556340396913,0.028056342015855086
2022Q1,0.03680634201585509,00646732,0.028056342015855086,-0.046707400327689795
2022Q2,-0.037957400327689794,00646732,-0.046707400327689795,-0.16060921089980126
2022Q3,-0.15185921089980126,00646732,-0.16060921089980126,-0.033181057563587656
2022Q4,-0.024431057563587655,00646732,-0.033181057563587656,0.007716552315608895
2023Q1,0.016466552315608896,00646732,0.007716552315608895,0.06786154235572053
2023Q2,0.07661154235572054,00646732,0.06786154235572053,-0.005615203761755581
2023Q3,0.0031347962382444194,00646732,-0.005615203761755581,-0.04187499999999996
2023Q4,-0.03312499999999996,00646732,-0.04187499999999996,0.009672753716871298
2024Q1,0.0184227537168713,00646732,0.009672753716871298,-0.00398960647413512
2024Q2,0.004760393525864881,00646732,-0.00398960647413512,-0.04223073278584962
2024Q3,-0.03348073278584962,00646732,-0.04223073278584962,-0.03881535947712419
2024Q4,-0.030065359477124187,00646732,-0.03881535947712419,-0.03772574123989222
2025Q1,-0.028975741239892217,00646732,-0.03772574123989222,0.05474757113115895
2025Q2,0.06349757113115895,00646732,0.05474757113115895,0.008542006525285507
2025Q3,0.017292006525285508,00646732,0.008542006525285507,-0.02574807568954459
2025Q4,-0.01699807568954459,00646732,-0.02574807568954459,-0.039745106035889065
2026Q1,-0.030995106035889064,00646732,-0.039745106035889065,-0.00875
2020Q2,0.9170243204577968,00659976,0.9082743204577968,0.14050373134328356
2020Q3,0.14925373134328357,00659976,0.14050373134328356,0.45228896103896116
2020Q4,0.46103896103896114,00659976,0.45228896103896116,-0.06875000000000006
2021Q1,-0.06000000000000005,00659976,-0.06875000000000006,0.2867582742316786
2021Q2,0.2955082742316786,00659976,0.2867582742316786,0.5715419708029197
2021Q3,0.5802919708029197,00659976,0.5715419708029197,-0.16579387990762126
2021Q4,-0.15704387990762125,00659976,-0.16579387990762126,-0.022448630136986357
2022Q1,-0.013698630136986356,00659976,-0.022448630136986357,-0.35041666666666665
2022Q2,-0.3416666666666667,00659976,-0.35041666666666665,-0.17921413502109704
2022Q3,-0.17046413502109703,00659976,-0.17921413502109704,-0.09827187182095629
2022Q4,-0.08952187182095628,00659976,-0.09827187182095629,0.33761871508379887
2023Q1,0.34636871508379885,00659976,0.33761871508379887,-0.12078319502074694
2023Q2,-0.11203319502074693,00659976,-0.12078319502074694,0.10713785046728977
2023Q3,0.11588785046728978,00659976,0.10713785046728977,-0.13772822445561136
2023Q4,-0.12897822445561136,00659976,-0.13772822445561136,-0.15298076923076928
2024Q1,-0.14423076923076927,00659976,-0.15298076923076928,-0.03009831460674158
2024Q2,-0.02134831460674158,00659976,-0.03009831460674158,-0.0030094718714121713
2024Q3,0.00574052812858783,00659976,-0.0030094718714121713,-0.2576084474885844
2024Q4,-0.24885844748858443,00659976,-0.2576084474885844,0.0748366261398177
2025Q1,0.08358662613981771,00659976,0.0748366261398177,0.08942671809256655
2025Q2,0.09817671809256656,00659976,0.08942671809256655,0.006575670498084198
2025Q3,0.015325670498084198,00659976,0.006575670498084198,-0.1458569182389937
2025Q4,-0.13710691823899368,00659976,-0.1458569182389937,0.17492346938775508
2026Q1,0.18367346938775508,00659976,0.17492346938775508,0.030658866995073843
2025Q4,1.3800738007380073,00683061,1.3713238007380073,-0.31934431524547796
2026Q1,-0.310594315245478,00683061,-0.31934431524547796,0.12243440779610196
2023Q4,0.08782608695652172,00765897,0.07907608695652171,0.2366536770583534
2024Q1,0.24540367705835342,00765897,0.2366536770583534,0.9938173940949935
2024Q2,1.0025673940949935,00765897,0.9938173940949935,-0.00875
2024Q3,0.0,00765897,-0.00875,-0.18022435897435893
2024Q4,-0.17147435897435892,00765897,-0.18022435897435893,-0.24085831721470016
2025Q1,-0.23210831721470015,00765897,-0.24085831721470016,-0.24804471032745598
2025Q2,-0.23929471032745597,00765897,-0.24804471032745598,0.3137665562913908
2025Q3,0.32251655629139075,00765897,0.3137665562913908,1.1845399349023533
2025Q4,1.1932899349023534,00765897,1.1845399349023533,1.445587899543379
2026Q1,1.454337899543379,00765897,1.445587899543379,-0.08781976744186046
2020Q2,-0.04603438713255681,00766106,-0.05478438713255681,0.15985465116279077
2020Q3,0.16860465116279078,00766106,0.15985465116279077,0.07483208955223877
2020Q4,0.08358208955223878,00766106,0.07483208955223877,0.20796258034894402
2021Q1,0.21671258034894403,00766106,0.20796258034894402,0.3648349056603773
2021Q2,0.3735849056603773,00766106,0.3648349056603773,0.18355769230769228
2021Q3,0.1923076923076923,00766106,0.18355769230769228,-0.0605933179723502
2021Q4,-0.0518433179723502,00766106,-0.0605933179723502,-0.05249240583232081
2022Q1,-0.04374240583232081,00766106,-0.05249240583232081,-0.372155336721728
2022Q2,-0.36340533672172803,00766106,-0.372155336721728,-0.028710079840319334
2022Q3,-0.019960079840319334,00766106,-0.028710079840319334,-0.11669297352342164
2022Q4,-0.10794297352342164,00766106,-0.11669297352342164,-0.07952625570776259
2023Q1,-0.07077625570776258,00766106,-0.07952625570776259,0.05021805896805901
2023Q2,0.05896805896805901,00766106,0.05021805896805901,0.16526392111368907
2023Q3,0.17401392111368907,00766106,0.16526392111368907,0.0031077075098813536
2023Q4,0.011857707509881354,00766106,0.0031077075098813536,-0.11617187500000001
2024Q1,-0.107421875,00766106,-0.11617187500000001,0.04157822757111588
2024Q2,0.05032822757111588,00766106,0.04157822757111588,0.0037499999999999548
2024Q3,0.012499999999999956,00766106,0.0037499999999999548,0.030344650205761416
2024Q4,0.039094650205761416,00766106,0.030344650205761416,0.6150123762376238
2025Q1,0.6237623762376239,00766106,0.6150123762376238,-0.21850609756097558
2025Q2,-0.20975609756097557,00766106,-0.21850609756097558,-0.42078703703703707
2025Q3,-0.4120370370370371,00766106,-0.42078703703703707,-0.18985236220472443
2025Q4,-0.18110236220472442,00766106,-0.18985236220472443,-0.24464743589743596
2026Q1,-0.23589743589743595,00766106,-0.24464743589743596,-0.4575755033557047
2020Q2,0.3230403800475059,00783246,0.3142903800475059,-0.08235861759425497
2020Q3,-0.07360861759425497,00783246,-0.08235861759425497,0.07264534883720922
2020Q4,0.08139534883720922,00783246,0.07264534883720922,1.1597087813620073
2021Q1,1.1684587813620073,00783246,1.1597087813620073,-0.00875
2021Q2,0.0,00783246,-0.00875,-0.1409814049586777
2021Q3,-0.1322314049586777,00783246,-0.1409814049586777,-0.05636904761904767
2021Q4,-0.04761904761904767,00783246,-0.05636904761904767,-0.08474999999999996
2022Q1,-0.07599999999999996,00783246,-0.08474999999999996,-0.15485389610389608
2022Q2,-0.14610389610389607,00783246,-0.15485389610389608,-0.255898288973384
2022Q3,-0.24714828897338403,00783246,-0.255898288973384,0.18653619528619528
2022Q4,0.19528619528619529,00783246,0.18653619528619528,-0.029876760563380254
2023Q1,-0.021126760563380254,00783246,-0.029876760563380254,0.17110611510791365
2023Q2,0.17985611510791366,00783246,0.17110611510791365,-0.2502134146341463
2023Q3,-0.24146341463414633,00783246,-0.2502134146341463,-0.126113344051447
2023Q4,-0.117363344051447,00783246,-0.126113344051447,-0.09982468123861563
2024Q1,-0.09107468123861562,00783246,-0.09982468123861563,-0.12498246492985973
2024Q2,-0.11623246492985972,00783246,-0.12498246492985973,0.029798752834467014
2024Q3,0.038548752834467015,00783246,0.029798752834467014,-0.12228711790393018
2024Q4,-0.11353711790393017,00783246,-0.12228711790393018,-0.055548029556650245
2025Q1,-0.046798029556650245,00783246,-0.055548029556650245,0.06101744186046502
2025Q2,0.06976744186046502,00783246,0.06101744186046502,0.08062198067632845
2025Q3,0.08937198067632846,00783246,0.08062198067632845,-0.07305155210643019
2025Q4,-0.06430155210643018,00783246,-0.07305155210643019,0.22821682464454976
2026Q1,0.23696682464454977,00783246,0.22821682464454976,0.15983237547892729
2020Q2,0.9925650557620818,00799177,0.9838150557620817,0.22259328358208944
2020Q3,0.23134328358208944,00799177,0.22259328358208944,0.4003409090909092
2020Q4,0.40909090909090917,00799177,0.4003409090909092,-0.15498655913978496
2021Q1,-0.14623655913978495,00799177,-0.15498655913978496,0.01392002518891692
2021Q2,0.02267002518891692,00799177,0.01392002518891692,0.46169334975369464
2021Q3,0.4704433497536946,00799177,0.46169334975369464,-0.19886725293132332
2021Q4,-0.1901172529313233,00799177,-0.19886725293132332,-0.1235380041365047
2022Q1,-0.1147880041365047,00799177,-0.1235380041365047,-0.2844509345794392
2022Q2,-0.2757009345794392,00799177,-0.2844509345794392,0.13641129032258073
2022Q3,0.14516129032258074,00799177,0.13641129032258073,-0.05804577464788737
2022Q4,-0.04929577464788737,00799177,-0.05804577464788737,-0.02800925925925931
2023Q1,-0.01925925925925931,00799177,-0.02800925925925931,-0.08427870090634446
2023Q2,-0.07552870090634445,00799177,-0.08427870090634446,-0.2326062091503268
2023Q3,-0.22385620915032678,00799177,-0.2326062091503268,-0.0908552631578948
2023Q4,-0.08210526315789479,00799177,-0.0908552631578948,-0.09361238532110092
2024Q1,-0.08486238532110091,00799177,-0.09361238532110092,-0.08995300751879695
2024Q2,-0.08120300751879694,00799177,-0.08995300751879695,-0.18005387343153298
2024Q3,-0.17130387343153297,00799177,-0.18005387343153298,-0.20888166556945362
2024Q4,-0.2001316655694536,00799177,-0.20888166556945362,-0.09105452674897116
2025Q1,-0.08230452674897115,00799177,-0.09105452674897116,0.0038060538116591394
2025Q2,0.01255605381165914,00799177,0.0038060538116591394,0.15156886625332147
2025Q3,0.16031886625332148,00799177,0.15156886625332147,-0.04462786259541981
2025Q4,-0.03587786259541981,00799177,-0.04462786259541981,0.12347486144101352
2026Q1,0.13222486144101353,00799177,0.12347486144101352,-0.19616258741258738
2020Q2,0.4320987654320987,00800145,0.4233487654320987,0.5372270114942528
2020Q3,0.5459770114942528,00800145,0.5372270114942528,0.006119888475836478
2020Q4,0.014869888475836479,00800145,0.006119888475836478,0.044363553113553146
2021Q1,0.05311355311355315,00800145,0.044363553113553146,0.05038043478260871
2021Q2,0.05913043478260871,00800145,0.05038043478260871,-0.10727216748768473
2021Q3,-0.09852216748768472,00800145,-0.10727216748768473,0.04953779599271394
2021Q4,0.05828779599271394,00800145,0.04953779599271394,0.0807508605851979
2022Q1,0.0895008605851979,00800145,0.0807508605851979,0.008627567140600235
2022Q2,0.017377567140600236,00800145,0.008627567140600235,-0.1438431677018633
2022Q3,-0.1350931677018633,00800145,-0.1438431677018633,-0.035679982046678625
2022Q4,-0.026929982046678624,00800145,-0.035679982046678625,0.46357472324723253
2023Q1,0.4723247232472325,00800145,0.46357472324723253,-0.053862781954887216
2023Q2,-0.045112781954887216,00800145,-0.053862781954887216,-0.1990387139107612
2023Q3,-0.1902887139107612,00800145,-0.1990387139107612,0.12739262560777956
2023Q4,0.13614262560777957,00800145,0.12739262560777956,-0.0872093437945792
2024Q1,-0.0784593437945792,00800145,-0.0872093437945792,0.022209752321981337
2024Q2,0.030959752321981338,00800145,0.022209752321981337,-0.2670082582582582
2024Q3,-0.2582582582582582,00800145,-0.2670082582582582,-0.23304149797570847
2024Q4,-0.22429149797570846,00800145,-0.23304149797570847,-0.06094206680584554
2025Q1,-0.05219206680584554,00800145,-0.06094206680584554,0.26878303964757705
2025Q2,0.27753303964757703,00800145,0.26878303964757705,-0.23374999999999999
2025Q3,-0.22499999999999998,00800145,-0.23374999999999999,0.9823512235817575
2025Q4,0.9911012235817576,00800145,0.9823512235817575,-0.3257891061452514
2026Q1,-0.31703910614525144,00800145,-0.3257891061452514,-0.14985429447852758
2020Q2,0.418421052631579,00803425,0.40967105263157905,0.12297541743970311
2020Q3,0.13172541743970312,00803425,0.12297541743970311,-0.05465163934426228
2020Q4,-0.04590163934426228,00803425,-0.05465163934426228,0.125270618556701
2021Q1,0.134020618556701,00803425,0.125270618556701,0.29731060606060616
2021Q2,0.30606060606060614,00803425,0.29731060606060616,-0.16652262180974484
2021Q3,-0.15777262180974483,00803425,-0.16652262180974484,-0.0969042699724518
2021Q4,-0.0881542699724518,00803425,-0.0969042699724518,0.0018240181268882952
2022Q1,0.010574018126888296,00803425,0.0018240181268882952,-0.17167974588938714
2022Q2,-0.16292974588938713,00803425,-0.17167974588938714,0.02517857142857153
2022Q3,0.03392857142857153,00803425,0.02517857142857153,-0.18491580310880826
2022Q4,-0.17616580310880825,00803425,-0.18491580310880826,0.2134722222222223
2023Q1,0.22222222222222232,00803425,0.2134722222222223,0.24510934819897082
2023Q2,0.2538593481989708,00803425,0.24510934819897082,-0.13734097127222986
2023Q3,-0.12859097127222985,00803425,-0.13734097127222986,0.12782770800627932
2023Q4,0.13657770800627933,00803425,0.12782770800627932,0.6487085635359116
2024Q1,0.6574585635359116,00803425,0.6487085635359116,-0.020416666666666715
2024Q2,-0.011666666666666714,00803425,-0.020416666666666715,0.026663153456998358
2024Q3,0.03541315345699836,00803425,0.026663153456998358,-0.29620928338762215
2024Q4,-0.28745928338762217,00803425,-0.29620928338762215,0.07810714285714296
2025Q1,0.08685714285714297,00803425,0.07810714285714296,-0.011904574132492095
2025Q2,-0.003154574132492094,00803425,-0.011904574132492095,0.2528533755274261
2025Q3,0.2616033755274261,00803425,0.2528533755274261,0.3675041806020068
2025Q4,0.37625418060200677,00803425,0.3675041806020068,-0.18979495747266104
2026Q1,-0.18104495747266103,00803425,-0.18979495747266104,0.02240727002967361
2025Q1,-0.115736040609137,00814582,-0.12448604060913701,-0.07648823191733642
2025Q2,-0.06773823191733641,00814582,-0.07648823191733642,-0.05677955665024633
2025Q3,-0.04802955665024633,00814582,-0.05677955665024633,0.03782179818887447
2025Q4,0.04657179818887447,00814582,0.03782179818887447,-0.11010970333745371
2026Q1,-0.1013597033374537,00814582,-0.11010970333745371,-0.07202372764786799
2020Q2,0.3261421319796953,00825223,0.31739213197969535,0.2065610047846889
2020Q3,0.2153110047846889,00825223,0.2065610047846889,0.3692027559055118
2020Q4,0.3779527559055118,00825223,0.3692027559055118,0.2541071428571429
2021Q1,0.2628571428571429,00825223,0.2541071428571429,0.149621040723982
2021Q2,0.158371040723982,00825223,0.149621040723982,-0.07125000000000001
2021Q3,-0.0625,00825223,-0.07125000000000001,-0.1566666666666667
2021Q4,-0.1479166666666667,00825223,-0.1566666666666667,-0.011194987775061081
2022Q1,-0.0024449877750610804,00825223,-0.011194987775061081,-0.23914215686274506
2022Q2,-0.23039215686274506,00825223,-0.23914215686274506,-0.12021496815286623
2022Q3,-0.11146496815286622,00825223,-0.12021496815286623,0.04142921146953408
2022Q4,0.05017921146953408,00825223,0.04142921146953408,0.13049914675767907
2023Q1,0.13924914675767908,00825223,0.13049914675767907,0.16800254643499105
2023Q2,0.17675254643499105,00825223,0.16800254643499105,-0.17422861507128315
2023Q3,-0.16547861507128314,00825223,-0.17422861507128315,0.035789353264185565
2023Q4,0.044539353264185566,00825223,0.035789353264185565,-0.11213785046728972
2024Q1,-0.10338785046728971,00825223,-0.11213785046728972,-0.05109527687296419
2024Q2,-0.04234527687296419,00825223,-0.05109527687296419,-0.07609693877551024
2024Q3,-0.06734693877551023,00825223,-0.07609693877551024,-0.11232403355215168
2024Q4,-0.10357403355215167,00825223,-0.11232403355215168,0.024610455655004006
2025Q1,0.03336045565500401,00825223,0.024610455655004006,0.0014862204724408815
2025Q2,0.010236220472440882,00825223,0.0014862204724408815,-0.03135327357755265
2025Q3,-0.02260327357755265,00825223,-0.03135327357755265,0.018363237639553533
2025Q4,0.027113237639553533,00825223,0.018363237639553533,0.14963509316770177
2026Q1,0.15838509316770177,00825223,0.14963509316770177,0.42556635388739955
2020Q2,0.38017871649065804,00870481,0.37142871649065806,0.26729473219540917
2020Q3,0.27604473219540915,00870481,0.26729473219540917,-0.01889760147601479
2020Q4,-0.01014760147601479,00870481,-0.01889760147601479,0.3985193383038211
2021Q1,0.40726933830382106,00870481,0.3985193383038211,0.09985927152317878
2021Q2,0.10860927152317879,00870481,0.09985927152317878,0.589218936678614
2021Q3,0.5979689366786141,00870481,0.589218936678614,0.3641471962616823
2021Q4,0.3728971962616823,00870481,0.3641471962616823,-0.18233747447243018
2022Q1,-0.17358747447243017,00870481,-0.18233747447243018,0.08350700164744643
2022Q2,0.09225700164744643,00870481,0.08350700164744643,-0.3021134992458521
2022Q3,-0.29336349924585214,00870481,-0.3021134992458521,-0.1869783884738527
2022Q4,-0.1782283884738527,00870481,-0.1869783884738527,0.1691720779220778
2023Q1,0.17792207792207781,00870481,0.1691720779220778,-0.09144018743109147
2023Q2,-0.08269018743109147,00870481,-0.09144018743109147,-0.2659615384615384
2023Q3,-0.25721153846153844,00870481,-0.2659615384615384,-0.10260113268608415
2023Q4,-0.09385113268608414,00870481,-0.10260113268608415,-0.03375000000000002
2024Q1,-0.025000000000000022,00870481,-0.03375000000000002,0.026048534798534896
2024Q2,0.0347985347985349,00870481,0.026048534798534896,-0.48839601769911506
2024Q3,-0.4796460176991151,00870481,-0.48839601769911506,-0.12167517006802717
2024Q4,-0.11292517006802716,00870481,-0.12167517006802717,0.2527530674846626
2025Q1,0.26150306748466257,00870481,0.2527530674846626,-0.05069528875379944
2025Q2,-0.04194528875379944,00870481,-0.05069528875379944,0.10229060913705593
2025Q3,0.11104060913705593,00870481,0.10229060913705593,0.0021009423186751155
2025Q4,0.010850942318675116,00870481,0.0021009423186751155,-0.00027542372881358274
2026Q1,0.008474576271186418,00870481,-0.00027542372881358274,-0.1493662464985994
2020Q2,0.6284829721362228,00876865,0.6197329721362228,-0.14626584283903674
2020Q3,-0.13751584283903673,00876865,-0.14626584283903674,0.22416697281410716
2020Q4,0.23291697281410717,00876865,0.22416697281410716,0.6894025625744935
2021Q1,0.6981525625744935,00876865,0.6894025625744935,0.26164831549394624
2021Q2,0.2703983154939462,00876865,0.26164831549394624,-0.3055732044198895
2021Q3,-0.2968232044198895,00876865,-0.3055732044198895,-0.1436940188568062
2021Q4,-0.13494401885680618,00876865,-0.1436940188568062,0.27008742052679385
2022Q1,0.27883742052679383,00876865,0.27008742052679385,-0.2990553977272727
2022Q2,-0.2903053977272727,00876865,-0.2990553977272727,0.0330313360020014
2022Q3,0.0417813360020014,00876865,0.0330313360020014,0.048886887608069064
2022Q4,0.057636887608069065,00876865,0.048886887608069064,-0.02691530426884655
2023Q1,-0.01816530426884655,00876865,-0.02691530426884655,0.36636563367252545
2023Q2,0.37511563367252543,00876865,0.36636563367252545,-0.2399978977463841
2023Q3,-0.2312478977463841,00876865,-0.2399978977463841,0.3649100306278715
2023Q4,0.37366003062787145,00876865,0.3649100306278715,0.1283737458193979
2024Q1,0.1371237458193979,00876865,0.1283737458193979,-0.1067892156862745
2024Q2,-0.0980392156862745,00876865,-0.1067892156862745,-0.08235248447204965
2024Q3,-0.07360248447204965,00876865,-0.08235248447204965,-0.1307748072410325
2024Q4,-0.12202480724103248,00876865,-0.1307748072410325,0.06780593738067967
2025Q1,0.07655593738067967,00876865,0.06780593738067967,-0.021872894130164876
2025Q2,-0.013122894130164875,00876865,-0.021872894130164876,-0.047384321653189586
2025Q3,-0.038634321653189585,00876865,-0.047384321653189586,0.6454556074766356
2025Q4,0.6542056074766356,00876865,0.6454556074766356,-0.1906709039548022
2026Q1,-0.1819209039548022,00876865,-0.1906709039548022,0.9166643646408839
2020Q2,0.057020669992872364,00876908,0.04827066999287236,0.920278995279838
2020Q3,0.9290289952798381,00876908,0.920278995279838,-0.04693928602639171
2020Q4,-0.03818928602639171,00876908,-0.04693928602639171,-0.10342563147374159
2021Q1,-0.09467563147374158,00876908,-0.10342563147374159,0.024971397029305543
2021Q2,0.033721397029305544,00876908,0.024971397029305543,-0.021759708737864113
2021Q3,-0.013009708737864112,00876908,-0.021759708737864113,0.07555060987605747
2021Q4,0.08430060987605748,00876908,0.07555060987605747,-0.06517746983579784
2022Q1,-0.05642746983579783,00876908,-0.06517746983579784,0.06806953658302087
2022Q2,0.07681953658302088,00876908,0.06806953658302087,0.1876785714285714
2022Q3,0.1964285714285714,00876908,0.1876785714285714,0.0061753731343284005
2022Q4,0.014925373134328401,00876908,0.0061753731343284005,0.32139705882352937
2023Q1,0.33014705882352935,00876908,0.32139705882352937,0.03381495301271412
2023Q2,0.042564953012714124,00876908,0.03381495301271412,-0.11956654294803823
2023Q3,-0.11081654294803822,00876908,-0.11956654294803823,0.05565071556350624
2023Q4,0.06440071556350624,00876908,0.05565071556350624,-0.25804971988795516
2024Q1,-0.24929971988795518,00876908,-0.25804971988795516,-0.04083955223880594
2024Q2,-0.03208955223880594,00876908,-0.04083955223880594,-0.08353797224363921
2024Q3,-0.0747879722436392,00876908,-0.08353797224363921,-0.21791666666666662
2024Q4,-0.2091666666666666,00876908,-0.21791666666666662,-0.09937170706006324
2025Q1,-0.09062170706006323,00876908,-0.09937170706006324,0.021377462340671984
2025Q2,0.030127462340671984,00876908,0.021377462340671984,-0.09536417322834642
2025Q3,-0.08661417322834641,00876908,-0.09536417322834642,0.1624322660098523
2025Q4,0.1711822660098523,00876908,0.1624322660098523,-0.1622726077812829
2026Q1,-0.1535226077812829,00876908,-0.1622726077812829,-0.03483695652173909
2020Q2,0.2739018087855296,00937324,0.26515180878552963,0.26914046653144014
2020Q3,0.2778904665314401,00937324,0.26914046653144014,0.24204365079365078
2020Q4,0.2507936507936508,00937324,0.24204365079365078,0.2361738578680204
2021Q1,0.2449238578680204,00937324,0.2361738578680204,0.04527650356778804
2021Q2,0.05402650356778804,00937324,0.04527650356778804,-0.17219294003868477
2021Q3,-0.16344294003868476,00937324,-0.17219294003868477,-0.09083092485549135
2021Q4,-0.08208092485549134,00937324,-0.09083092485549135,-0.16114294710327456
2022Q1,-0.15239294710327456,00937324,-0.16114294710327456,-0.029552377414561702
2022Q2,-0.0208023774145617,00937324,-0.029552377414561702,0.06105273141122906
2022Q3,0.06980273141122906,00937324,0.06105273141122906,-0.1250620567375886
2022Q4,-0.1163120567375886,00937324,-0.1250620567375886,0.10842495987158898
2023Q1,0.11717495987158899,00937324,0.10842495987158898,-0.020244252873563205
2023Q2,-0.011494252873563204,00937324,-0.020244252873563205,0.14241279069767446
2023Q3,0.15116279069767447,00937324,0.14241279069767446,0.1377146464646464
2023Q4,0.1464646464646464,00937324,0.1377146464646464,0.18508259911894268
2024Q1,0.19383259911894268,00937324,0.18508259911894268,-0.17480166051660515
2024Q2,-0.16605166051660514,00937324,-0.17480166051660515,-0.0917146017699115
2024Q3,-0.0829646017699115,00937324,-0.0917146017699115,-0.0823326296743064
2024Q4,-0.0735826296743064,00937324,-0.0823326296743064,0.01859375
2025Q1,0.02734375,00937324,0.01859375,-0.0011454372623573503
2025Q2,0.0076045627376426506,00937324,-0.0011454372623573503,-0.043970125786163515
2025Q3,-0.035220125786163514,00937324,-0.043970125786163515,0.5114586049543677
2025Q4,0.5202086049543677,00937324,0.5114586049543677,-0.08079116638078906
2026Q1,-0.07204116638078906,00937324,-0.08079116638078906,0.15576016635859527
2021Q4,-0.2534246575342466,00972503,-0.26217465753424657,-0.18581422018348623
2022Q1,-0.17706422018348622,00972503,-0.18581422018348623,-0.2941457636566332
2022Q2,-0.2853957636566332,00972503,-0.2941457636566332,-0.09143330733229335
2022Q3,-0.08268330733229334,00972503,-0.09143330733229335,0.0065561224489796635
2022Q4,0.015306122448979664,00972503,0.0065561224489796635,0.03145100502512558
2023Q1,0.04020100502512558,00972503,0.03145100502512558,0.05566223832528187
2023Q2,0.06441223832528187,00972503,0.05566223832528187,-0.32493759455370647
2023Q3,-0.3161875945537065,00972503,-0.32493759455370647,0.15717920353982298
2023Q4,0.165929203539823,00972503,0.15717920353982298,-0.07516366223908919
2024Q1,-0.06641366223908918,00972503,-0.07516366223908919,-0.11647357723577231
2024Q2,-0.1077235772357723,00972503,-0.11647357723577231,-0.02697323462414577
2024Q3,-0.018223234624145768,00972503,-0.02697323462414577,-0.2556177494199536
2024Q4,-0.2468677494199536,00972503,-0.2556177494199536,-0.19667359827479977
2025Q1,-0.18792359827479976,00972503,-0.19667359827479977,0.18472496206373282
2025Q2,0.19347496206373282,00972503,0.18472496206373282,0.06563016528925616
2025Q3,0.07438016528925617,00972503,0.06563016528925616,-0.2158505917159763
2025Q4,-0.20710059171597628,00972503,-0.2158505917159763,0.13602611940298506
2026Q1,0.14477611940298507,00972503,0.13602611940298506,-0.0732871577574967
2020Q2,0.273076923076923,01036446,0.264326923076923,0.21179380664652572
2020Q3,0.22054380664652573,01036446,0.21179380664652572,0.8031311881188119
2020Q4,0.8118811881188119,01036446,0.8031311881188119,0.3245833333333333
2021Q1,0.33333333333333326,01036446,0.3245833333333333,-0.049733606557377096
2021Q2,-0.040983606557377095,01036446,-0.049733606557377096,-0.17862179487179483
2021Q3,-0.16987179487179482,01036446,-0.17862179487179483,-0.10141409266409271
2021Q4,-0.0926640926640927,01036446,-0.10141409266409271,-0.03570035460992912
2022Q1,-0.026950354609929117,01036446,-0.03570035460992912,0.18221209912536443
2022Q2,0.19096209912536444,01036446,0.18221209912536443,-0.13482099143206858
2022Q3,-0.12607099143206857,01036446,-0.13482099143206858,0.09209033613445386
2022Q4,0.10084033613445387,01036446,0.09209033613445386,0.7304357506361323
2023Q1,0.7391857506361323,01036446,0.7304357506361323,0.3570144476956841
2023Q2,0.36576444769568406,01036446,0.3570144476956841,-0.11640934654525978
2023Q3,-0.10765934654525977,01036446,-0.11640934654525978,0.14251050420168057
2023Q4,0.15126050420168058,01036446,0.14251050420168057,-0.024912669447341017
2024Q1,-0.016162669447341016,01036446,-0.024912669447341017,0.13062466878643345
2024Q2,0.13937466878643345,01036446,0.13062466878643345,-0.34037790697674414
2024Q3,-0.33162790697674416,01036446,-0.34037790697674414,-0.18968249826026448
2024Q4,-0.18093249826026447,01036446,-0.18968249826026448,0.037978971962616716
2025Q1,0.04672897196261672,01036446,0.037978971962616716,-0.0395941558441559
2025Q2,-0.030844155844155896,01036446,-0.0395941558441559,-0.1084149916247906
2025Q3,-0.09966499162479059,01036446,-0.1084149916247906,0.20055232558139527
2025Q4,0.20930232558139528,01036446,0.20055232558139527,-0.02875000000000002
2026Q1,-0.020000000000000018,01036446,-0.02875000000000002,0.06267857142857139
2020Q2,0.07971014492753614,01042775,0.07096014492753613,0.5863282997762864
2020Q3,0.5950782997762865,01042775,0.5863282997762864,0.6406188639551191
2020Q4,0.6493688639551192,01042775,0.6406188639551191,0.11029761904761906
2021Q1,0.11904761904761907,01042775,0.11029761904761906,0.0018882978723404956
2021Q2,0.010638297872340496,01042775,0.0018882978723404956,-0.15010338345864657
2021Q3,-0.14135338345864656,01042775,-0.15010338345864657,0.10158274956217153
2021Q4,0.11033274956217154,01042775,0.10158274956217153,-0.2153746056782335
2022Q1,-0.20662460567823349,01042775,-0.2153746056782335,-0.06342196819085485
2022Q2,-0.05467196819085485,01042775,-0.06342196819085485,-0.07604758149316512
2022Q3,-0.06729758149316512,01042775,-0.07604758149316512,-0.10006905298759869
2022Q4,-0.09131905298759868,01042775,-0.10006905298759869,0.12896712158808923
2023Q1,0.13771712158808924,01042775,0.12896712158808923,0.16682251908396942
2023Q2,0.17557251908396942,01042775,0.16682251908396942,-0.22952922077922075
2023Q3,-0.22077922077922074,01042775,-0.22952922077922075,-0.0718452380952381
2023Q4,-0.0630952380952381,01042775,-0.0718452380952381,-0.1624984116899619
2024Q1,-0.1537484116899619,01042775,-0.1624984116899619,0.30956831831831827
2024Q2,0.31831831831831825,01042775,0.30956831831831827,-0.1704812072892938
2024Q3,-0.1617312072892938,01042775,-0.1704812072892938,0.09586956521739134
2024Q4,0.10461956521739135,01042775,0.09586956521739134,-0.059180504305043034
2025Q1,-0.050430504305043033,01042775,-0.059180504305043034,-0.15771373056994817
2025Q2,-0.14896373056994816,01042775,-0.15771373056994817,0.014081050228310445
2025Q3,0.022831050228310446,01042775,0.014081050228310445,0.7382738095238095
2025Q4,0.7470238095238095,01042775,0.7382738095238095,-0.1731452299829642
2026Q1,-0.16439522998296419,01042775,-0.1731452299829642,0.24915010193679923
2020Q2,0.29454545454545444,01077577,0.28579545454545446,0.02776685393258419
2020Q3,0.03651685393258419,01077577,0.02776685393258419,0.2812228997289972
2020Q4,0.2899728997289972,01077577,0.2812228997289972,0.0584768907563025
2021Q1,0.0672268907563025,01077577,0.0584768907563025,-0.061899606299212616
2021Q2,-0.053149606299212615,01077577,-0.061899606299212616,-0.031619022869022816
2021Q3,-0.022869022869022815,01077577,-0.031619022869022816,-0.1321542553191489
2021Q4,-0.12340425531914889,01077577,-0.1321542553191489,-0.13010922330097083
2022Q1,-0.12135922330097082,01077577,-0.13010922330097083,-0.30156767955801106
2022Q2,-0.2928176795580111,01077577,-0.30156767955801106,0.0615625
2022Q3,0.0703125,01077577,0.0615625,-0.04889598540145986
2022Q4,-0.04014598540145986,01077577,-0.04889598540145986,0.1988545627376426
2023Q1,0.2076045627376426,01077577,0.1988545627376426,0.39553211586901754
2023Q2,0.4042821158690175,01077577,0.39553211586901754,-0.20830156950672649
2023Q3,-0.19955156950672648,01077577,-0.20830156950672649,-0.21995448179271712
2023Q4,-0.2112044817927171,01077577,-0.21995448179271712,0.18088068181818187
2024Q1,0.18963068181818188,01077577,0.18088068181818187,-0.11083955223880601
2024Q2,-0.102089552238806,01077577,-0.11083955223880601,-0.1862765957446809
2024Q3,-0.17752659574468088,01077577,-0.1862765957446809,-0.20115097008892488
2024Q4,-0.19240097008892487,01077577,-0.20115097008892488,-0.10484609609609616
2025Q1,-0.09609609609609615,01077577,-0.10484609609609616,0.03886904761904767
2025Q2,0.04761904761904767,01077577,0.03886904761904767,-0.14828488372093027
2025Q3,-0.13953488372093026,01077577,-0.14828488372093027,-0.00015049140049146897
2025Q4,0.008599508599508532,01077577,-0.00015049140049146897,0.01073842874543244
2026Q1,0.01948842874543244,01077577,0.01073842874543244,-0.04459229390681004
2022Q2,-0.5384615384615384,01084294,-0.5472115384615385,-0.08983108108108104
2022Q3,-0.08108108108108103,01084294,-0.08983108108108104,0.22164215686274516
2022Q4,0.23039215686274517,01084294,0.22164215686274516,-0.05576195219123511
2023Q1,-0.04701195219123511,01084294,-0.05576195219123511,-0.06393394648829429
2023Q2,-0.05518394648829428,01084294,-0.06393394648829429,-0.08839601769911506
2023Q3,-0.07964601769911506,01084294,-0.08839601769911506,-0.2702884615384615
2023Q4,-0.2615384615384615,01084294,-0.2702884615384615,-0.25484375
2024Q1,-0.24609375,01084294,-0.25484375,-0.23241148531951647
2024Q2,-0.22366148531951646,01084294,-0.23241148531951647,0.3260664627363737
2024Q3,0.33481646273637367,01084294,0.3260664627363737,-0.29791666666666666
2024Q4,-0.2891666666666667,01084294,-0.29791666666666666,-0.09667497069167649
2025Q1,-0.08792497069167649,01084294,-0.09667497069167649,-0.09486825192802059
2025Q2,-0.08611825192802058,01084294,-0.09486825192802059,-0.17471343178621665
2025Q3,-0.16596343178621664,01084294,-0.17471343178621665,0.21721964586846546
2025Q4,0.22596964586846546,01084294,0.21721964586846546,-0.2632204264099037
2026Q1,-0.2544704264099037,01084294,-0.2632204264099037,-0.11576107011070111
2020Q2,1.0752993068683048,01084364,1.0665493068683047,-0.3520018597236982
2020Q3,-0.3432518597236982,01084364,-0.3520018597236982,0.6412731160425336
2020Q4,0.6500231160425336,01084364,0.6412731160425336,-0.436741033903054
2021Q1,-0.42799103390305404,01084364,-0.436741033903054,-0.42462068332108743
2021Q2,-0.41587068332108745,01084364,-0.42462068332108743,-0.00875
2021Q3,0.0,01084364,-0.00875,-0.00875
2021Q4,0.0,01084364,-0.00875,-0.00875
2022Q1,0.0,01084364,-0.00875,-0.00875
2022Q2,0.0,01084364,-0.00875,-0.00875
2022Q3,0.0,01084364,-0.00875,-0.00875
2022Q4,0.0,01084364,-0.00875,-0.00875
2023Q1,0.0,01084364,-0.00875,-0.00875
2023Q2,0.0,01084364,-0.00875,-0.00875
2023Q3,0.0,01084364,-0.00875,-0.00875
2023Q4,0.0,01084364,-0.00875,-0.00875
2024Q1,0.0,01084364,-0.00875,-0.00875
2024Q2,0.0,01084364,-0.00875,-0.00875
2024Q3,0.0,01084364,-0.00875,-0.00875
2024Q4,0.0,01084364,-0.00875,-0.00875
2025Q1,0.0,01084364,-0.00875,-0.00875
2025Q2,0.0,01084364,-0.00875,-0.3043474842767296
2025Q3,-0.2955974842767296,01084364,-0.3043474842767296,-0.1164880952380952
2025Q4,-0.10773809523809519,01084364,-0.1164880952380952,-0.1428393929286191
2026Q1,-0.1340893929286191,01084364,-0.1428393929286191,-0.21907357473035435
2020Q2,-0.2529335071707953,01182578,-0.2616835071707953,0.13610165794066312
2020Q3,0.14485165794066313,01182578,0.13610165794066312,0.1299695121951219
2020Q4,0.1387195121951219,01182578,0.1299695121951219,-0.07166834002677377
2021Q1,-0.06291834002677377,01182578,-0.07166834002677377,0.20553571428571418
2021Q2,0.2142857142857142,01182578,0.20553571428571418,-0.1628676470588236
2021Q3,-0.15411764705882358,01182578,-0.1628676470588236,-0.1798209318497914
2021Q4,-0.17107093184979139,01182578,-0.1798209318497914,0.1103775167785235
2022Q1,0.11912751677852351,01182578,0.1103775167785235,-0.22014430284857575
2022Q2,-0.21139430284857574,01182578,-0.22014430284857575,-0.020156844106463866
2022Q3,-0.011406844106463865,01182578,-0.020156844106463866,0.02778846153846163
2022Q4,0.03653846153846163,01182578,0.02778846153846163,0.03206632653061229
2023Q1,0.04081632653061229,01182578,0.03206632653061229,-0.037270499108734444
2023Q2,-0.028520499108734443,01182578,-0.037270499108734444,-0.4491169724770642
2023Q3,-0.44036697247706424,01182578,-0.4491169724770642,0.2568237704918033
2023Q4,0.2655737704918033,01182578,0.2568237704918033,-0.19009715025906734
2024Q1,-0.18134715025906734,01182578,-0.19009715025906734,-0.05621835443037978
2024Q2,-0.04746835443037978,01182578,-0.05621835443037978,-0.030344684385382036
2024Q3,-0.021594684385382035,01182578,-0.030344684385382036,-0.2583255517826825
2024Q4,-0.24957555178268254,01182578,-0.2583255517826825,-0.04042420814479638
2025Q1,-0.03167420814479638,01182578,-0.04042420814479638,0.1921845794392523
2025Q2,0.2009345794392523,01182578,0.1921845794392523,-0.10602626459143968
2025Q3,-0.09727626459143968,01182578,-0.10602626459143968,0.05159482758620685
2025Q4,0.06034482758620685,01182578,0.05159482758620685,-0.027042682926829285
2026Q1,-0.018292682926829285,01182578,-0.027042682926829285,0.20864130434782616
2020Q2,0.2944444444444445,01223219,0.28569444444444453,0.11142167381974247
2020Q3,0.12017167381974247,01223219,0.11142167381974247,0.2211350574712643
2020Q4,0.2298850574712643,01223219,0.2211350574712643,0.10153037383177568
2021Q1,0.11028037383177569,01223219,0.10153037383177568,-0.027829685746352438
2021Q2,-0.019079685746352437,01223219,-0.027829685746352438,-0.30394450800915335
2021Q3,-0.29519450800915337,01223219,-0.30394450800915335,0.035081168831168776
2021Q4,0.043831168831168776,01223219,0.035081168831168776,-0.16427099533437015
2022Q1,-0.15552099533437014,01223219,-0.16427099533437015,-0.39272790055248613
2022Q2,-0.38397790055248615,01223219,-0.39272790055248613,0.3813845291479821
2022Q3,0.3901345291479821,01223219,0.3813845291479821,-0.3248790322580645
2022Q4,-0.31612903225806455,01223219,-0.3248790322580645,0.312004716981132
2023Q1,0.320754716981132,01223219,0.312004716981132,0.015059523809523724
2023Q2,0.023809523809523725,01223219,0.015059523809523724,-0.2599127906976744
2023Q3,-0.25116279069767444,01223219,-0.2599127906976744,-0.14229037267080744
2023Q4,-0.13354037267080743,01223219,-0.14229037267080744,-0.21842741935483875
2024Q1,-0.20967741935483875,01223219,-0.21842741935483875,-0.2491128117913832
2024Q2,-0.2403628117913832,01223219,-0.2491128117913832,0.0605037313432835
2024Q3,0.0692537313432835,01223219,0.0605037313432835,-0.33873324958123946
2024Q4,-0.3299832495812395,01223219,-0.33873324958123946,-0.00875
2025Q1,0.0,01223219,-0.00875,0.03958333333333334
2025Q2,0.04833333333333334,01223219,0.03958333333333334,0.12797496025437208
2025Q3,0.13672496025437209,01223219,0.12797496025437208,-0.04861013986013981
2025Q4,-0.03986013986013981,01223219,-0.04861013986013981,-0.27313455935906766
2026Q1,-0.2643845593590677,01223219,-0.27313455935906766,-0.009740099009900992
2022Q1,-0.04252199413489732,01323032,-0.051271994134897324,-0.3824100306278713
2022Q2,-0.37366003062787134,01323032,-0.3824100306278713,-0.33882334963325184
2022Q3,-0.33007334963325186,01323032,-0.33882334963325184,-0.16568430656934305
2022Q4,-0.15693430656934304,01323032,-0.16568430656934305,0.09341450216450212
2023Q1,0.10216450216450212,01323032,0.09341450216450212,0.17035447761194036
2023Q2,0.17910447761194037,01323032,0.17035447761194036,-0.2885634576948701
2023Q3,-0.2798134576948701,01323032,-0.2885634576948701,0.07543131359851987
2023Q4,0.08418131359851988,01323032,0.07543131359851987,0.10473122866894194
2024Q1,0.11348122866894195,01323032,0.10473122866894194,0.021901340996168618
2024Q2,0.03065134099616862,01323032,0.021901340996168618,-0.04741171003717467
2024Q3,-0.03866171003717467,01323032,-0.04741171003717467,-0.018030742459396808
2024Q4,-0.009280742459396807,01323032,-0.018030742459396808,0.0013983216237314702
2025Q1,0.010148321623731471,01323032,0.0013983216237314702,0.1720846213292118
2025Q2,0.1808346213292118,01323032,0.1720846213292118,0.012846858638743387
2025Q3,0.021596858638743388,01323032,0.012846858638743387,0.018155829596412633
2025Q4,0.026905829596412634,01323032,0.018155829596412633,-0.1516071428571429
2026Q1,-0.1428571428571429,01323032,-0.1516071428571429,-0.3318941048034934
2020Q2,0.007487271638215054,01336443,-0.001262728361784947,-0.0013183709869204127
2020Q3,0.007431629013079588,01336443,-0.0013183709869204127,0.023117807612865117
2020Q4,0.03186780761286512,01336443,0.023117807612865117,-0.00875
2021Q1,0.0,01336443,-0.00875,0.04358056905919353
2021Q2,0.05233056905919353,01336443,0.04358056905919353,-0.24516304347826087
2021Q3,-0.23641304347826086,01336443,-0.24516304347826087,-0.047895907473309594
2021Q4,-0.039145907473309594,01336443,-0.047895907473309594,-0.2994907407407407
2022Q1,-0.29074074074074074,01336443,-0.2994907407407407,-0.17846279373368143
2022Q2,-0.16971279373368142,01336443,-0.17846279373368143,-0.0968003144654088
2022Q3,-0.08805031446540879,01336443,-0.0968003144654088,0.05331896551724128
2022Q4,0.06206896551724128,01336443,0.05331896551724128,0.16267857142857148
2023Q1,0.17142857142857149,01336443,0.16267857142857148,0.138700110864745
2023Q2,0.14745011086474502,01336443,0.138700110864745,-0.18362922705314008
2023Q3,-0.17487922705314007,01336443,-0.18362922705314008,-0.005822599531615867
2023Q4,0.0029274004683841337,01336443,-0.005822599531615867,-0.1027371570344425
2024Q1,-0.09398715703444249,01336443,-0.1027371570344425,-0.16210051546391754
2024Q2,-0.15335051546391754,01336443,-0.16210051546391754,-0.14878044140030441
2024Q3,-0.1400304414003044,01336443,-0.14878044140030441,0.42045353982300876
2024Q4,0.42920353982300874,01336443,0.42045353982300876,-0.11339396284829725
2025Q1,-0.10464396284829725,01336443,-0.11339396284829725,0.020987206085753697
2025Q2,0.029737206085753698,01336443,0.020987206085753697,-0.20283999328408328
2025Q3,-0.19408999328408327,01336443,-0.20283999328408328,0.028750000000000088
2025Q4,0.03750000000000009,01336443,0.028750000000000088,0.22016566265060236
2026Q1,0.22891566265060237,01336443,0.22016566265060236,0.022622549019607953
2023Q2,-0.16369821893135883,01526806,-0.17244821893135884,-0.17122906197654938
2023Q3,-0.16247906197654938,01526806,-0.17122906197654938,-0.18303571428571427
2023Q4,-0.17428571428571427,01526806,-0.18303571428571427,0.01201124567474058
2024Q1,0.02076124567474058,01526806,0.01201124567474058,-0.14942796610169493
2024Q2,-0.14067796610169492,01526806,-0.14942796610169493,-0.1211760355029586
2024Q3,-0.1124260355029586,01526806,-0.1211760355029586,-0.2536388888888889
2024Q4,-0.24488888888888893,01526806,-0.2536388888888889,-0.07820261918775748
2025Q1,-0.06945261918775747,01526806,-0.07820261918775748,0.066518817204301
2025Q2,0.07526881720430101,01526806,0.066518817204301,0.1853676470588235
2025Q3,0.1941176470588235,01526806,0.1853676470588235,-0.1811637931034483
2025Q4,-0.1724137931034483,01526806,-0.1811637931034483,-0.09148809523809528
2026Q1,-0.08273809523809528,01526806,-0.09148809523809528,0.06393007787151198
2021Q2,0.13129496402877705,01532603,0.12254496402877704,-0.08188195548489671
2021Q3,-0.0731319554848967,01532603,-0.08188195548489671,-0.12710334476843907
2021Q4,-0.11835334476843906,01532603,-0.12710334476843907,-0.07781614785992216
2022Q1,-0.06906614785992216,01532603,-0.07781614785992216,-0.23341039707419017
2022Q2,-0.22466039707419017,01532603,-0.23341039707419017,0.13410714285714279
2022Q3,0.1428571428571428,01532603,0.13410714285714279,-0.160872641509434
2022Q4,-0.152122641509434,01532603,-0.160872641509434,0.12755041724617525
2023Q1,0.13630041724617525,01532603,0.12755041724617525,0.1258889228886169
2023Q2,0.1346389228886169,01532603,0.1258889228886169,-0.229893473570658
2023Q3,-0.221143473570658,01532603,-0.229893473570658,0.13944944598337952
2023Q4,0.14819944598337953,01532603,0.13944944598337952,-0.019606453558504176
2024Q1,-0.010856453558504175,01532603,-0.019606453558504176,0.24490853658536585
2024Q2,0.25365853658536586,01532603,0.24490853658536585,-0.24026750972762642
2024Q3,-0.2315175097276264,01532603,-0.24026750972762642,-0.249256329113924
2024Q4,-0.240506329113924,01532603,-0.249256329113924,-0.027083333333333313
2025Q1,-0.018333333333333313,01532603,-0.027083333333333313,0.09311757215619701
2025Q2,0.10186757215619702,01532603,0.09311757215619701,0.00203582434514641
2025Q3,0.01078582434514641,01532603,0.00203582434514641,-0.011798780487804882
2025Q4,-0.0030487804878048808,01532603,-0.011798780487804882,-0.011808103975535188
2026Q1,-0.003058103975535187,01532603,-0.011808103975535188,0.04186349693251538
2023Q4,0.408450704225352,01555215,0.39970070422535203,-0.37525000000000003
2024Q1,-0.36650000000000005,01555215,-0.37525000000000003,-0.21395915548539854
2024Q2,-0.20520915548539853,01555215,-0.21395915548539854,0.019055362462760773
2024Q3,0.027805362462760774,01555215,0.019055362462760773,0.3796557971014492
2024Q4,0.3884057971014492,01555215,0.3796557971014492,-0.3184229297146834
2025Q1,-0.3096729297146834,01555215,-0.3184229297146834,-0.13778225806451613
2025Q2,-0.12903225806451613,01555215,-0.13778225806451613,-0.05157407407407407
2025Q3,-0.04282407407407407,01555215,-0.05157407407407407,0.008178657799274437
2025Q4,0.016928657799274438,01555215,0.008178657799274437,-0.24180588585017834
2026Q1,-0.23305588585017833,01555215,-0.24180588585017834,-0.11107558139534887
2025Q4,0.3657817109144543,01649620,0.35703171091445435,-0.23013228941684669
2026Q1,-0.22138228941684668,01649620,-0.23013228941684669,-0.1425918862690708
2026Q1,-0.05452127659574468,01817920,-0.06327127659574469,-0.24081751054852327
